planned_duration_days,elapsed_days,progress_variance_pct,material_availability_pct,material_delay_days,labor_count,previous_delay_count,budget_variance_pct,deadline_days_remaining,task_completion_rate_pct,delay
103,13,-9,96,1,21,4,30,104,3,1
134,125,-12,91,0,28,8,8,35,85,0
106,91,13,98,0,34,2,-6,11,100,0
67,46,6,98,0,12,0,-1,21,74,0
111,63,-20,93,4,22,8,19,45,20,1
268,169,0,98,1,65,3,3,32,66,0
128,70,-28,89,4,21,8,27,106,15,1
99,45,7,97,0,24,1,-10,51,55,0
149,74,2,97,0,47,2,5,55,58,0
95,22,5,94,1,25,1,-1,89,24,0
107,45,6,78,3,23,2,7,72,44,0
79,21,10,99,0,27,2,4,60,30,0
60,28,-30,93,6,16,8,30,61,11,1
84,68,-15,92,2,23,8,17,15,66,1
118,81,-16,66,3,19,5,13,29,68,0
89,41,-18,96,3,12,6,19,85,18,1
91,66,-2,92,1,31,6,11,36,64,0
174,157,-7,90,0,30,1,3,1,72,1
240,86,-34,65,11,27,8,30,174,4,1
190,52,20,98,0,98,0,-10,126,48,0
56,28,-21,92,1,6,4,13,33,21,1
131,96,-12,81,3,30,8,22,36,57,1
170,117,3,86,0,34,4,10,101,78,0
201,135,-32,77,5,21,6,24,105,21,1
233,55,8,91,0,70,1,-7,180,44,0
122,93,4,100,1,28,0,-10,18,83,0
65,45,-12,97,1,23,7,15,20,55,1
93,57,-19,92,3,17,6,19,42,36,1
365,64,-22,83,2,52,8,28,180,6,1
133,86,-12,83,4,15,5,11,81,47,0
139,62,-31,40,20,22,3,28,66,26,1
172,89,6,96,0,56,1,-1,107,71,0
118,55,7,90,0,44,0,5,34,59,0
141,65,1,93,3,31,1,-5,88,43,0
86,41,-14,99,1,19,6,17,37,26,1
209,188,-13,79,4,36,4,17,21,89,0
50,39,-3,87,2,14,6,8,23,67,0
150,66,3,95,2,22,1,7,91,54,0
112,90,-27,64,16,17,4,27,58,55,1
78,67,7,97,0,27,1,3,10,96,0
80,50,-5,86,1,13,2,7,39,58,0
321,203,3,96,0,33,1,-3,137,62,0
112,64,-1,95,0,30,2,2,70,64,0
113,42,-1,93,2,54,1,2,97,37,0
120,91,6,80,0,29,1,0,37,75,0
90,44,-4,84,4,23,2,7,50,50,0
127,63,-10,73,0,21,2,7,72,24,1
114,53,-17,81,0,16,2,17,74,16,0
223,45,-4,93,1,57,0,3,180,11,0
219,86,-10,87,1,51,2,14,171,18,0
158,118,-21,82,4,26,2,18,48,51,0
117,92,5,86,2,47,2,-7,17,83,0
84,74,-21,93,4,13,7,25,18,70,0
123,51,-2,95,0,26,2,18,61,37,0
157,88,9,94,0,64,2,-7,69,59,0
208,66,-7,95,3,50,1,11,123,32,0
130,80,-11,99,1,32,0,-7,50,42,1
119,41,-1,79,3,35,0,1,60,31,0
128,13,-1,97,3,31,2,8,118,8,0
227,165,17,95,1,75,1,-9,108,89,0
109,73,-6,96,2,25,0,5,36,69,0
81,32,1,98,0,17,0,-1,68,41,0
136,23,-3,95,1,41,2,-1,135,4,0
47,27,-11,95,1,9,5,16,20,41,1
123,84,-5,94,1,25,3,3,52,59,0
254,101,-17,83,3,44,5,15,180,16,0
82,34,-2,76,3,17,4,6,29,44,0
105,82,8,82,2,30,1,-3,39,100,0
78,70,-9,99,2,23,3,12,8,74,0
139,56,7,99,3,38,2,5,120,45,0
109,29,4,97,1,18,0,-4,77,28,0
91,47,-5,90,2,46,5,14,49,45,0
97,38,8,97,0,20,1,-3,71,39,0
30,25,-18,40,20,11,6,28,13,66,1
119,110,20,96,0,47,1,-2,12,100,0
156,59,-4,91,3,28,2,0,114,34,0
173,151,-24,89,2,27,6,25,19,61,1
103,60,-28,99,2,18,8,23,69,32,1
36,29,5,98,0,11,2,-3,12,80,0
127,56,-5,89,1,38,2,10,62,33,0
89,30,-17,90,4,15,4,19,78,24,0
76,27,-13,91,4,19,3,10,75,29,0
49,29,2,89,0,15,5,-3,20,62,1
129,75,-3,84,2,26,2,-2,54,47,1
57,40,5,97,1,21,2,5,27,66,1
65,48,9,92,1,22,3,-1,13,76,0
101,13,4,98,1,32,0,-5,86,12,0
43,16,-11,83,2,16,4,10,33,28,0
144,65,-13,92,2,15,1,5,57,23,0
80,22,18,94,0,27,0,-10,63,47,0
193,52,5,94,1,42,0,-3,120,41,0
183,78,8,95,3,37,4,2,76,49,0
41,26,-23,75,5,6,2,19,28,50,1
87,62,0,97,1,22,3,-2,21,68,0
63,17,-17,94,2,13,4,19,71,0,0
42,20,5,93,0,18,0,-5,24,45,0
181,116,2,100,2,47,1,2,85,59,0
96,45,-6,94,0,25,3,5,47,34,0
93,24,-8,89,5,22,4,4,93,6,0
131,21,-6,95,1,17,1,11,110,12,0
195,132,-1,96,1,46,2,8,52,71,0
114,60,-11,88,2,22,5,11,59,46,0
69,29,4,94,2,32,1,5,44,52,0
39,16,8,98,3,19,1,-4,27,48,0
117,26,14,95,1,33,0,-10,64,40,0
155,47,5,92,1,41,0,-5,110,42,0
52,12,0,99,0,12,2,2,45,21,0
152,83,-9,96,0,52,1,13,101,51,0
87,43,3,94,1,51,1,11,61,49,1
70,43,-3,84,1,12,1,9,31,61,0
125,21,-12,71,4,18,4,20,136,15,0
144,51,-13,93,0,50,4,4,126,22,0
233,79,-9,96,3,44,6,6,180,25,0
365,257,9,90,0,66,3,12,40,65,0
174,163,4,91,0,50,1,10,32,95,1
137,65,-13,85,7,36,6,10,70,22,0
155,44,6,97,1,35,2,-2,90,38,0
324,213,-10,94,4,55,2,12,93,70,0
73,38,-14,93,5,18,7,25,49,43,0
188,114,-3,86,1,50,1,5,76,55,0
53,14,-25,82,5,13,7,30,46,7,1
53,46,-18,88,3,9,4,12,12,92,0
59,21,20,82,0,28,1,3,52,46,0
59,27,1,86,2,16,0,1,38,51,0
233,156,12,95,2,70,0,-7,58,82,0
286,137,3,93,0,37,0,2,139,51,0
365,294,11,90,0,80,1,-5,48,87,0
134,65,3,98,0,46,0,0,54,54,0
216,47,-2,80,2,46,3,-2,180,25,0
132,105,-2,100,0,24,3,5,1,75,1
153,116,-22,92,3,19,8,21,50,49,1
158,37,5,95,1,27,0,-2,121,30,0
101,42,7,96,0,28,0,-10,65,56,0
126,68,-10,96,1,26,4,13,58,32,0
169,83,8,91,2,32,0,0,99,74,0
51,47,-3,84,3,12,3,2,9,87,0
88,52,11,98,1,18,1,-10,50,73,0
198,148,-8,94,0,32,4,6,50,70,0
159,111,-17,60,7,56,3,15,58,52,1
109,48,3,88,0,16,0,1,71,53,0
155,26,-6,94,0,26,3,2,100,6,0
185,83,-16,97,4,25,8,26,69,33,1
131,62,-18,94,3,27,3,25,82,36,1
97,59,-8,99,2,14,1,7,14,59,0
142,27,4,95,0,45,2,3,132,30,0
91,72,-22,84,1,12,8,24,33,58,1
119,70,11,95,1,40,0,1,40,67,0
76,35,-1,99,1,18,1,2,43,56,0
69,38,3,96,0,15,1,-8,49,53,0
53,39,5,98,0,25,1,2,22,70,0
164,87,-1,94,0,50,0,6,79,65,0
105,58,-16,93,0,38,4,15,58,44,1
110,71,-12,92,0,21,2,14,60,41,1
112,45,-10,66,3,31,4,16,65,39,1
30,25,-1,94,1,16,5,8,20,84,0
49,29,-8,98,1,12,1,10,28,45,0
88,68,11,97,0,21,0,-10,10,94,0
148,119,-17,81,0,27,4,21,29,55,1
148,40,-21,89,4,22,6,20,121,9,1
77,60,-10,88,4,17,1,8,13,70,1
103,79,-6,94,2,26,2,12,37,81,0
359,294,-16,83,5,62,6,26,64,66,1
106,51,-4,86,0,24,1,-6,80,45,0
85,23,0,93,0,26,0,-9,89,41,0
54,29,-17,86,1,9,5,15,42,29,1
96,78,-6,92,4,18,2,9,12,68,0
155,119,-3,97,0,35,3,12,39,59,0
47,15,-9,93,2,18,1,14,34,15,1
230,74,1,94,1,41,1,8,150,36,1
78,11,1,88,4,35,1,4,62,10,0
142,87,-15,95,0,28,5,15,33,49,0
243,125,-14,95,1,58,1,6,161,44,0
109,95,-11,83,1,12,3,17,36,87,1
103,57,-8,96,1,17,0,5,47,44,1
88,42,2,90,0,20,0,4,48,59,0
234,171,3,97,0,99,3,7,93,76,0
121,31,14,98,0,33,0,-10,98,51,0
167,77,1,98,0,40,0,0,133,48,0
93,40,-7,90,0,18,2,1,59,27,0
57,43,-17,76,5,23,3,10,14,65,0
365,326,1,96,0,100,3,6,89,90,0
288,226,-6,94,0,49,1,-2,65,67,0
268,191,-22,90,1,42,3,11,96,55,1
83,78,-7,97,0,18,3,1,10,90,0
109,14,2,97,0,38,1,9,107,18,0
126,105,1,91,0,25,4,14,28,86,0
95,26,6,94,0,22,1,6,85,32,0
215,73,-7,91,0,24,0,10,163,23,0
170,99,-4,87,3,31,5,12,72,54,0
238,27,6,98,0,52,0,3,180,10,0
132,92,-6,88,0,23,3,8,55,67,0
126,106,-14,96,1,24,2,16,20,69,1
64,42,-10,97,3,21,1,20,30,50,0
42,26,-2,97,0,14,2,6,28,65,0
128,76,-4,93,2,21,3,-1,71,51,0
69,40,-4,94,1,25,3,4,34,55,0
156,123,-3,93,0,41,0,1,33,79,0
261,110,-30,49,11,15,7,23,180,3,1
123,31,-14,83,2,25,1,4,105,4,0
226,76,-9,81,3,29,1,5,150,27,0
116,24,-1,96,0,18,0,-3,92,14,0
108,51,2,90,2,23,0,8,41,59,0
271,212,1,99,1,26,4,-9,80,74,0
307,110,-5,82,4,96,2,6,180,41,0
44,33,-11,82,5,12,1,13,12,66,1
85,23,-8,92,2,21,3,16,79,9,0
47,25,-11,90,1,11,5,9,39,68,1
85,50,-11,96,1,15,5,17,53,41,0
118,52,14,97,1,47,0,-10,69,55,0
122,18,0,97,2,28,0,17,120,15,0
169,78,-17,92,1,29,8,23,114,25,1
151,65,-22,63,13,27,8,26,117,35,1
80,52,2,97,1,25,0,0,23,72,0
154,129,-9,97,0,34,1,10,50,80,0
44,33,7,91,1,14,1,-2,18,64,0
134,109,-22,77,4,27,8,27,19,63,1
53,40,3,96,1,26,1,3,17,85,0
365,143,0,92,1,57,2,0,180,30,0
98,24,-20,72,6,13,0,16,74,12,1
39,20,5,95,0,20,0,7,13,69,0
127,39,-5,98,0,16,1,5,85,12,0
62,27,-11,86,0,20,1,5,41,52,0
53,41,-1,96,0,17,0,-1,16,85,0
47,32,-20,93,4,9,4,22,29,53,0
58,50,-4,98,0,21,4,11,24,80,0
110,69,-7,91,2,24,2,2,55,57,0
36,29,3,89,1,18,0,9,5,82,0
164,83,-3,71,3,36,2,-3,73,45,0
112,91,2,91,1,18,3,2,51,69,0
64,35,-20,89,2,15,2,13,23,39,1
365,127,-26,80,7,61,8,22,180,12,1
81,55,-10,92,1,21,1,8,63,64,0
89,15,2,87,1,35,4,9,74,27,1
149,47,-3,99,3,33,1,2,119,30,0
305,92,-14,99,1,55,4,15,180,21,0
227,207,20,96,0,47,2,-1,20,100,0
124,59,-24,63,6,19,4,13,114,28,1
104,77,-14,85,2,34,4,20,36,59,0
182,112,-24,96,0,22,7,9,94,27,1
68,40,-8,95,0,23,1,5,32,56,0
133,29,2,92,0,43,0,-5,115,19,0
76,47,-10,98,1,13,3,1,14,58,0
109,24,-2,94,0,30,3,6,76,27,0
121,50,-4,67,2,21,2,6,71,39,0
55,47,-7,96,3,14,1,4,17,88,0
46,30,-12,87,2,13,4,13,29,46,1
124,108,-8,83,4,16,0,8,2,83,0
79,26,-40,40,20,7,8,30,92,0,1
52,20,-2,96,0,15,1,-3,33,48,0
97,77,-25,86,6,24,8,27,30,46,1
74,49,-1,88,0,24,1,4,32,58,0
53,34,-16,94,3,9,4,13,27,52,1
352,143,-2,98,0,71,3,23,180,56,1
74,69,15,95,0,22,0,-10,1,100,0
202,121,-16,93,0,23,4,7,107,27,0
79,30,-15,91,1,13,1,10,50,19,0
90,70,-12,99,1,31,8,23,26,66,1
167,142,5,98,0,73,1,1,85,96,0
84,29,-9,87,3,19,4,8,51,16,0
271,76,-16,88,3,54,4,16,180,6,1
102,62,20,98,0,32,0,-10,48,78,0
99,90,-8,94,0,29,3,3,8,79,0
244,43,-9,96,1,42,1,4,180,3,0
128,87,-9,91,1,18,4,5,62,49,0
320,217,-10,93,4,63,3,17,180,47,0
172,70,4,97,2,32,1,-4,64,36,0
51,39,-6,95,4,18,3,12,22,77,0
68,17,-11,93,1,23,1,15,50,16,0
114,18,-12,92,0,24,2,13,97,9,1
94,28,9,94,0,31,3,5,71,38,0
99,41,7,96,0,14,1,0,58,48,0
53,21,-1,98,0,24,1,0,44,37,0
46,24,-10,98,0,8,1,7,26,54,1
129,105,7,92,1,41,3,5,25,87,0
107,49,-22,71,6,16,3,23,72,44,1
126,89,-13,92,1,12,1,1,49,57,0
136,40,4,88,0,35,2,-5,153,29,0
185,122,-5,92,1,59,2,13,17,64,0
66,21,-20,61,7,16,3,27,43,15,1
163,60,15,100,0,42,1,-8,138,51,0
167,102,-3,94,1,31,2,2,85,62,0
250,125,-17,73,2,19,5,17,125,37,1
321,181,-2,95,1,84,4,4,174,34,0
229,79,-8,97,0,44,6,17,163,24,1
119,64,5,93,1,37,1,0,60,59,0
151,28,14,97,0,27,0,-10,103,32,0
115,88,10,98,1,36,0,-3,24,91,0
93,67,13,96,0,41,1,-3,24,97,0
67,33,-9,97,3,23,4,11,34,42,1
155,48,-25,81,5,13,7,28,124,13,1
80,28,-16,92,3,27,7,26,88,16,1
129,31,-24,41,20,23,5,16,121,0,1
53,49,10,95,0,16,3,-5,7,100,0
120,90,-15,94,1,20,6,13,27,71,0
103,54,0,92,4,44,3,-3,49,56,0
85,47,-15,96,3,19,3,16,46,30,1
167,86,-1,96,0,38,3,9,50,50,0
54,7,-15,92,1,5,5,20,49,0,1
173,118,10,97,0,46,5,-1,78,90,0
146,127,-16,92,0,16,8,10,58,72,0
102,66,-17,47,8,23,5,18,52,47,1
132,70,-14,82,2,23,1,12,73,46,1
41,25,-10,96,3,15,1,8,27,48,0
76,33,6,98,0,25,0,-7,44,40,0
83,68,-12,77,0,11,6,27,13,73,1
92,55,0,97,2,32,2,-1,37,60,0
100,59,2,95,0,24,0,-3,44,70,0
138,100,-15,78,5,27,4,16,50,58,1
93,58,7,95,1,28,2,-3,39,63,0
46,5,-5,89,3,16,2,7,42,4,1
135,31,10,95,1,41,1,-2,104,29,0
215,174,-5,87,2,24,1,-1,44,73,0
49,31,-6,95,1,15,4,12,27,56,0
88,84,0,90,0,23,3,9,5,100,0
113,90,-20,91,4,17,6,22,23,43,1
94,53,2,79,2,16,1,-10,51,51,0
68,31,2,98,1,29,1,14,57,62,0
256,79,2,90,1,43,2,-1,177,41,0
133,55,-9,96,2,24,3,9,56,38,0
36,30,2,88,3,14,1,-1,12,91,0
133,62,6,96,0,25,0,-9,84,60,0
252,94,-10,86,2,41,7,22,180,19,1
66,58,2,99,0,25,3,-4,5,95,1
110,66,-8,86,4,35,8,20,75,59,1
84,17,-10,93,3,24,1,4,71,26,1
46,8,6,99,0,24,1,-10,39,30,0
47,20,-11,56,4,10,4,12,41,11,1
212,123,-18,91,1,30,5,17,125,34,0
68,40,14,96,1,40,0,-1,26,70,0
310,223,-3,96,0,47,2,10,61,70,0
84,16,-33,40,20,23,8,30,88,0,1
96,29,-3,95,1,32,2,5,63,21,0
180,120,-14,91,7,60,4,19,45,54,1
163,55,-20,83,2,22,8,24,102,20,1
269,216,-15,78,1,31,2,19,53,53,1
73,23,11,99,0,38,3,-9,57,41,0
107,61,-6,96,1,32,1,-9,60,56,0
97,29,5,95,1,28,1,-4,76,41,0
86,61,-10,90,6,21,4,13,48,77,0
134,27,-11,93,2,49,1,6,107,8,0
183,117,-12,86,2,35,1,7,76,54,0
145,84,1,96,0,50,2,6,61,56,0
69,30,-11,90,4,18,6,15,56,33,1
31,19,15,97,0,31,0,-10,21,84,0
235,168,-1,83,0,45,4,3,67,70,1
211,164,1,88,0,38,1,2,34,75,0
96,70,15,95,0,26,1,-10,12,100,0
103,37,-14,90,5,20,2,11,77,16,0
82,32,-9,77,5,22,1,3,61,24,1
159,112,2,93,3,50,3,0,54,73,0
216,100,11,89,0,88,0,-8,158,47,0
129,12,-11,94,0,25,0,6,108,1,0
197,154,1,97,0,48,1,1,81,78,0
132,92,-5,85,2,21,4,5,58,64,0
191,139,-27,98,1,21,8,30,88,33,1
61,46,12,95,1,23,0,-6,24,78,0
166,42,-11,99,3,37,3,17,124,15,1
140,76,17,99,0,50,0,-10,97,59,0
94,75,-35,89,7,19,8,30,3,45,1
138,66,-7,86,1,37,1,5,72,55,0
110,59,10,92,2,38,0,4,56,62,0
67,36,7,96,0,22,1,-9,29,60,0
83,59,-13,85,1,27,3,19,22,50,1
174,19,-10,96,2,45,1,9,141,0,0
102,29,-5,92,1,19,1,5,71,30,0
316,108,8,98,0,74,0,-1,180,43,0
193,148,-1,95,1,47,2,4,62,61,0
67,26,-5,96,1,15,3,17,45,48,0
204,55,-19,73,3,26,3,7,149,20,1
110,18,-13,96,1,21,3,12,101,17,1
158,70,-21,83,2,19,5,26,93,9,1
121,48,-2,91,4,29,1,5,100,47,0
217,95,9,93,0,59,1,-9,145,69,0
143,76,-6,91,2,25,0,11,70,49,0
88,40,-1,90,0,20,1,6,37,39,0
50,30,20,99,1,44,0,-10,20,85,0
45,23,-7,87,3,23,2,7,33,38,0
65,48,5,95,2,37,1,2,14,89,0
246,106,-9,94,1,44,1,8,94,45,1
108,83,6,97,2,43,0,-6,37,85,0
141,134,8,98,2,62,2,-1,1,100,0
208,131,-21,74,9,35,3,11,93,41,1
277,259,-7,97,1,47,4,13,58,83,0
148,112,6,92,0,22,1,-1,45,82,0
111,95,5,93,0,31,2,0,21,79,0
132,57,-10,88,2,32,3,7,75,35,1
135,104,-7,89,1,40,8,14,29,66,1
101,43,-12,98,1,12,4,6,57,29,1
73,36,2,91,0,41,5,5,39,44,0
103,39,3,95,2,29,0,-3,55,55,0
159,139,-12,90,5,38,2,8,24,76,0
119,31,3,95,0,37,1,1,102,38,0
197,132,17,99,0,37,0,-10,118,100,0
83,34,-7,84,2,15,1,13,50,33,0
116,36,-7,85,3,20,2,7,99,27,1
59,13,-16,96,4,9,3,12,63,0,1
84,38,-18,86,4,25,8,17,56,20,1
328,147,-2,99,2,31,2,15,180,41,0
90,46,-21,87,4,10,8,24,70,32,1
61,58,-22,92,5,18,8,23,14,62,1
56,5,13,99,0,26,0,-7,52,30,0
283,191,-9,91,0,65,8,19,140,60,0
174,47,3,79,1,49,4,6,137,18,0
83,21,-8,99,0,25,2,5,67,22,0
65,41,-4,95,1,24,4,5,37,72,0
57,15,-9,99,1,13,4,8,46,31,0
30,20,14,99,0,20,0,-9,11,92,0
67,37,-8,94,1,20,4,7,51,47,0
119,24,-22,96,3,24,6,25,128,0,1
135,86,-27,64,13,39,8,29,35,35,1
167,57,-5,97,1,28,3,10,136,24,0
101,26,-11,100,0,20,1,4,79,5,0
77,56,5,99,1,29,0,-1,28,73,0
73,29,0,90,1,20,2,7,48,46,1
88,41,-7,81,0,16,3,5,68,34,0
38,28,-19,80,2,8,3,16,15,58,1
145,131,-8,99,2,27,4,12,37,77,1
158,54,-11,77,3,24,4,16,96,21,1
59,49,-11,85,3,20,1,14,17,86,0
169,94,-1,90,2,29,3,1,60,47,0
84,24,11,100,0,18,2,-6,49,36,0
127,94,-6,93,0,23,7,16,61,69,0
113,77,-16,97,5,13,6,22,32,61,1
141,60,15,97,0,82,0,-10,78,58,0
109,83,0,90,1,29,2,0,36,61,0
353,286,-5,92,1,76,5,14,119,70,0
101,79,-1,92,1,32,2,4,22,78,1
193,84,-3,98,0,37,3,-4,163,39,0
82,74,-36,64,12,16,8,30,24,47,1
142,78,12,95,1,42,0,3,57,62,0
138,88,-4,96,0,22,0,3,50,57,0
46,22,-9,99,1,18,1,8,34,40,1
315,110,9,98,1,87,0,-7,161,47,0
69,61,-7,95,1,15,1,16,6,94,1
162,68,-3,96,1,26,5,15,107,37,0
57,30,-37,75,19,16,8,30,39,17,1
99,68,-5,92,1,33,5,10,64,67,0
68,56,6,96,0,13,1,5,20,94,0
164,124,20,94,0,54,0,-10,80,100,0
156,74,4,91,0,41,1,0,90,52,0
111,96,5,97,1,41,2,-4,11,100,0
192,98,-12,90,1,35,2,2,94,39,0
122,35,17,100,0,27,0,-10,87,56,0
105,32,5,93,2,33,0,11,70,35,0
85,66,-9,61,9,30,3,18,19,81,1
173,95,9,94,2,25,0,-10,110,58,0
148,30,-20,99,1,23,6,13,82,13,1
332,266,-30,57,18,79,8,30,66,40,1
168,144,15,93,2,44,0,-10,41,100,0
99,74,-7,71,7,22,2,11,36,67,0
62,15,-6,94,1,18,4,6,32,13,1
66,7,1,98,0,19,1,0,58,13,0
53,33,-40,40,20,15,8,30,26,20,1
97,56,-10,96,1,22,0,10,54,39,0
123,61,-13,96,1,19,8,30,80,44,1
41,33,4,95,1,26,0,-10,8,73,0
85,12,-17,93,0,10,3,4,75,0,1
105,84,-5,87,1,24,3,5,5,84,0
68,56,-6,98,1,22,2,-2,37,84,1
61,14,-16,99,2,14,3,13,65,8,0
52,18,6,92,1,25,4,-1,40,52,0
100,67,-36,49,20,18,8,30,44,44,1
222,124,-6,99,2,52,2,9,98,60,0
66,39,-27,74,7,14,6,26,34,26,1
127,79,-15,97,2,32,3,13,76,48,0
73,44,-5,64,1,19,4,-1,33,62,1
365,200,-18,98,1,72,4,20,180,28,1
132,63,-1,94,2,32,4,10,66,43,0
118,81,-4,98,1,24,2,11,58,66,0
200,64,-18,94,0,19,6,25,144,30,1
350,305,5,93,0,84,1,0,134,92,0
73,64,-11,91,0,15,2,19,16,83,0
164,34,-7,97,2,31,1,6,147,13,0
84,14,9,98,1,36,1,-2,82,23,0
200,160,10,97,0,35,0,-7,27,77,0
190,118,-13,95,2,35,3,22,123,52,0
110,22,0,95,0,25,1,-3,91,24,0
157,81,4,96,1,34,1,-10,103,68,0
47,20,-17,94,4,13,4,12,25,27,0
45,32,9,98,0,21,1,-10,12,80,1
124,63,-13,88,2,16,0,3,42,38,1
43,29,-6,92,0,10,2,21,9,62,1
365,183,-2,96,1,71,2,6,180,57,0
104,30,-4,91,2,27,1,-1,65,43,0
211,116,5,90,0,46,1,6,104,64,0
98,64,3,97,2,29,1,0,34,70,0
126,49,-4,85,1,38,5,1,74,40,0
162,148,3,84,1,40,4,8,42,100,0
98,92,-26,85,5,9,4,18,5,64,1
365,176,-10,90,1,97,3,13,180,48,0
208,155,-13,92,3,45,8,24,66,62,1
114,86,0,99,1,26,3,11,28,86,0
168,158,20,99,0,62,0,-10,1,100,0
163,39,1,94,1,24,0,-1,83,30,1
76,49,2,97,0,24,0,9,12,65,0
39,14,-10,82,1,9,4,2,29,16,1
69,24,-16,85,1,29,5,16,60,16,1
73,53,-8,95,1,12,4,14,19,67,0
103,95,9,96,1,30,0,-10,12,100,0
201,79,7,97,1,36,0,-7,169,41,0
87,42,-1,98,1,15,2,8,77,35,1
81,13,-10,93,1,18,5,21,78,2,0
116,70,-15,89,2,23,2,6,33,45,1
163,102,-5,97,1,49,4,10,65,63,0
79,40,12,88,1,20,1,4,35,62,0
85,78,2,94,4,39,2,-3,15,94,0
119,49,1,58,7,43,0,8,86,46,0
60,36,-11,91,2,24,1,14,18,47,1
60,28,-1,84,3,19,3,13,28,46,0
159,100,0,97,1,38,3,16,40,53,0
53,25,-28,70,9,13,8,30,49,12,1
104,42,-7,97,1,40,4,13,46,41,0
133,106,-3,88,1,23,4,13,28,73,1
104,59,-15,84,3,21,3,8,65,39,0
169,71,-3,90,0,44,0,4,105,34,0
166,57,4,95,2,31,1,-7,131,35,0
90,17,-28,87,10,13,7,19,97,0,1
191,99,11,97,1,55,0,-9,92,71,0
91,68,10,91,0,18,0,-4,44,80,0
140,27,-7,99,2,30,2,7,100,16,1
182,69,-12,90,2,38,1,6,86,29,0
103,69,-19,84,7,14,5,17,29,47,1
149,38,-18,93,0,39,5,19,165,6,0
147,17,-11,93,1,29,4,21,130,3,1
176,88,-16,78,1,29,7,14,76,22,1
127,53,-6,99,0,28,0,7,74,33,0
94,54,-5,83,1,34,1,5,54,55,0
51,44,5,96,1,15,1,9,13,96,0
77,28,5,90,0,20,3,-6,48,40,0
153,111,-16,85,2,46,4,14,79,66,0
36,26,-19,93,3,14,5,19,19,53,1
69,39,-11,86,3,23,6,20,30,43,1
165,44,-24,64,5,24,5,22,140,4,1
365,319,-23,64,8,59,8,23,99,73,1
142,120,-12,98,1,20,1,1,22,58,0
365,269,-30,40,20,68,8,30,145,49,1
42,16,4,98,1,20,1,3,26,39,0
41,17,5,93,2,15,3,-2,33,46,0
187,145,4,98,0,41,0,-4,39,82,0
132,83,-40,71,9,16,8,30,87,27,1
100,34,-1,97,1,17,2,7,74,21,0
104,11,-29,86,5,19,7,30,107,0,1
113,19,-16,91,1,17,4,11,118,0,0
95,61,-6,100,0,33,5,6,54,56,1
166,89,-2,99,1,26,1,6,82,60,0
67,41,-1,98,1,21,1,1,40,63,0
102,47,3,95,0,17,2,-4,68,55,0
222,123,1,96,0,44,0,2,117,52,0
61,29,4,93,1,18,2,4,46,58,0
307,51,-6,66,5,86,3,12,180,12,1
61,52,-2,98,3,23,4,0,14,88,0
256,91,-12,94,0,30,2,14,180,34,0
155,120,2,96,1,40,4,-2,67,81,0
82,72,-38,70,10,14,8,28,10,52,1
118,35,-17,98,3,36,6,5,101,14,1
215,54,7,96,0,37,0,1,143,39,0
66,28,12,95,0,22,2,-1,53,57,0
114,81,3,94,2,25,2,-3,8,79,0
231,66,-14,95,1,34,4,19,180,24,1
95,58,4,93,1,20,0,-5,30,88,0
54,23,-8,89,2,14,0,12,32,37,1
346,294,-15,71,3,42,5,29,133,55,1
131,96,-4,94,1,26,2,-5,67,64,0
215,148,0,92,1,39,1,0,53,71,0
55,31,-18,91,1,19,6,30,21,50,1
98,74,-12,96,1,20,5,12,33,67,0
63,15,-1,85,0,26,0,-7,48,26,0
137,16,0,98,0,26,3,1,145,10,0
110,82,-13,93,0,21,5,9,24,60,1
121,72,-14,80,3,33,3,18,49,54,0
165,124,-17,95,1,37,4,20,93,56,0
85,66,20,99,0,30,0,-10,23,100,0
78,34,1,86,1,18,2,-1,53,53,0
129,58,-6,97,0,50,2,1,92,57,0
37,27,2,96,0,20,5,14,7,75,0
129,45,8,95,0,42,0,-4,99,29,0
123,41,-23,85,3,21,8,20,85,7,1
74,11,-34,77,8,22,8,30,66,0,1
84,44,-4,93,1,31,2,0,38,45,0
346,118,1,98,2,83,1,3,180,35,0
226,105,-20,96,3,34,8,16,163,21,0
55,42,-21,61,10,15,4,29,21,50,1
141,63,-13,93,2,20,4,14,119,39,0
35,19,-12,94,3,16,8,13,23,41,1
105,100,-6,81,1,31,1,7,5,98,0
195,153,-35,64,18,35,8,30,46,62,1
72,50,-10,88,2,14,7,9,40,58,1
66,19,-6,96,0,14,1,2,62,14,0
170,102,-14,98,1,26,6,16,128,51,0
60,31,-15,94,2,11,5,13,45,34,1
86,50,-20,85,3,15,4,16,54,37,1
117,50,-19,98,1,19,5,26,97,20,1
77,57,7,98,1,28,3,-9,17,94,1
144,96,-37,85,12,24,8,30,48,43,1
49,26,7,89,0,30,0,2,34,66,0
124,19,-8,96,2,23,3,19,132,9,0
66,54,-18,93,3,25,6,24,19,82,1
85,61,-10,93,2,19,4,12,18,63,0
91,56,-22,88,1,19,0,16,35,33,0
190,26,14,97,0,46,1,-4,163,35,0
96,67,-6,85,0,23,0,-3,18,58,0
85,66,2,93,1,16,1,-1,28,92,0
45,39,-20,96,2,15,8,24,6,72,1
138,88,-14,91,3,31,8,24,86,56,1
100,88,-21,87,3,19,8,29,33,60,1
135,96,4,94,0,30,1,1,60,69,0
43,24,-5,87,1,12,2,12,32,62,1
272,207,-16,96,2,40,5,19,145,60,0
110,76,-3,99,2,18,2,8,33,82,0
113,39,-3,91,0,29,5,7,101,19,0
80,22,-1,98,1,14,0,5,45,25,0
222,59,9,98,0,67,0,-10,180,35,0
138,95,-13,96,1,14,6,7,95,60,0
88,49,-8,83,2,19,2,9,45,48,0
57,31,-11,86,3,12,4,13,34,44,0
62,21,-4,93,2,17,2,8,56,19,0
159,73,-12,85,0,19,1,9,74,45,0
74,19,-12,90,3,26,1,19,63,24,1
261,183,-1,97,0,67,4,10,82,72,0
258,92,12,95,0,46,0,-8,113,58,0
120,46,-2,83,2,27,2,4,74,22,0
86,20,-6,95,2,18,3,3,74,24,0
142,83,-10,99,1,17,3,21,68,47,0
73,20,-10,92,2,16,0,6,55,20,0
60,28,-7,89,1,16,2,4,38,32,0
109,67,-9,94,2,24,4,17,52,58,1
290,111,5,93,0,64,1,3,151,42,0
100,49,15,97,1,36,1,-10,66,67,0
365,280,-2,92,1,33,2,2,104,69,0
75,25,6,96,0,20,3,0,64,37,0
290,95,4,98,2,42,1,3,180,45,0
237,88,-6,97,1,56,4,7,164,25,0
112,87,-12,100,1,26,2,6,40,65,0
183,155,-18,74,3,31,8,30,12,43,1
86,66,5,94,0,19,1,-2,20,86,0
113,75,2,92,1,21,5,-1,65,67,0
188,94,-9,91,1,47,1,15,88,54,0
73,54,7,98,1,17,0,-8,20,93,0
195,166,2,93,0,37,4,-2,65,80,1
58,13,-11,88,2,11,0,9,64,10,0
84,31,-3,86,1,26,0,8,50,27,0
138,124,-39,82,10,17,8,30,1,45,1
133,79,-18,86,2,24,3,14,44,53,0
114,15,-5,98,1,45,2,8,104,16,0
120,55,-6,99,0,23,2,7,96,41,1
82,70,-28,84,7,19,8,30,23,66,1
126,89,5,86,0,25,3,-5,37,73,1
110,82,1,99,2,34,2,3,22,84,0
75,56,-4,88,2,27,4,8,27,65,0
185,52,13,99,0,76,0,-4,130,50,0
141,63,-12,98,0,23,3,0,97,32,0
145,101,-2,90,0,52,3,4,79,64,0
168,57,9,93,0,22,0,-5,123,36,0
59,33,8,96,2,15,0,-6,24,63,0
95,62,-17,99,1,24,3,3,29,58,0
30,22,7,98,0,15,1,1,11,84,0
275,170,3,93,2,89,2,1,180,79,0
52,23,-4,75,4,23,1,8,25,37,1
194,77,-22,93,0,19,7,21,124,22,1
105,60,4,98,0,31,0,4,51,53,0
107,57,-8,88,2,18,3,5,82,34,0
205,65,-7,65,6,47,5,18,110,23,1
98,48,-2,99,0,51,8,17,84,51,0
135,59,-8,96,1,16,1,16,79,39,1
136,83,-10,87,8,24,7,10,63,42,0
150,81,2,99,1,25,1,3,64,55,0
249,152,-33,88,6,35,8,30,136,34,1
112,91,-4,87,4,41,8,25,68,84,0
76,38,4,98,0,28,0,-6,38,41,0
81,68,-19,63,5,26,6,10,23,79,1
177,99,-19,93,1,24,5,22,109,38,1
55,18,-6,98,1,8,1,-5,36,34,0
179,76,-26,59,12,21,8,20,136,26,1
158,132,-8,99,0,25,4,2,23,78,0
365,50,5,95,1,45,1,3,180,1,0
183,37,4,97,0,52,2,6,169,17,0
61,27,-16,98,0,12,1,4,42,19,0
40,24,16,93,0,21,1,-10,19,80,0
135,56,-2,93,0,40,2,7,84,42,0
126,29,1,85,3,24,1,-5,123,32,0
101,24,-14,94,3,22,2,16,73,15,0
231,105,-14,98,3,56,7,26,78,31,1
203,139,0,97,0,53,0,-4,37,72,0
153,60,-7,92,0,24,3,6,93,32,0
94,27,0,96,0,28,4,9,82,39,0
97,61,-23,93,2,18,8,26,33,46,1
210,125,-14,92,3,33,7,19,89,48,0
107,59,-14,95,0,14,4,8,77,44,1
79,40,-4,97,0,24,1,3,60,41,0
90,67,-10,78,1,16,2,15,42,72,0
176,103,16,97,0,53,0,-10,73,69,0
235,174,-21,94,1,40,7,16,61,60,1
365,261,2,98,0,81,4,4,153,61,0
53,44,5,80,1,16,4,7,21,100,0
152,116,6,86,3,43,2,2,3,96,0
75,47,8,95,2,24,1,-3,33,73,0
210,125,-8,75,3,47,2,7,113,48,0
60,33,-5,98,5,11,3,9,30,53,1
138,73,-9,98,0,38,2,9,58,41,0
66,22,-29,85,0,13,6,16,73,0,1
149,86,15,95,0,47,1,-10,38,69,0
259,98,19,94,0,65,1,-10,161,51,0
120,71,-15,94,4,29,5,5,80,34,0
52,28,-17,85,3,10,3,6,24,39,1
156,125,8,100,0,25,0,-10,38,86,0
131,47,17,96,1,38,3,-2,100,55,0
209,28,9,91,0,73,3,-6,180,22,0
133,42,-11,95,1,30,6,15,136,10,1
119,46,8,91,0,26,2,2,82,33,0
183,131,7,99,0,37,0,0,65,90,0
113,57,4,98,0,37,1,3,56,61,0
92,29,-23,88,2,22,8,19,76,8,1
35,14,-15,82,4,13,1,17,21,29,1
50,44,-5,79,2,16,2,7,12,81,0
133,53,10,97,1,36,1,-10,77,49,0
186,162,-5,91,1,26,0,2,21,84,0
68,64,-1,89,3,24,3,14,10,86,0
73,55,-8,87,0,19,1,10,16,67,0
335,238,-14,89,3,60,6,17,109,62,1
186,114,-14,88,1,31,3,15,98,55,0
105,96,-1,92,0,34,1,7,20,85,0
206,83,-3,82,1,58,7,8,102,31,1
247,149,-6,90,0,47,4,8,154,62,0
89,63,6,92,0,40,2,0,35,58,0
53,25,2,100,2,36,4,7,34,40,0
163,102,-16,93,0,14,1,5,80,57,0
95,28,-13,95,0,39,5,17,66,20,1
365,161,20,98,0,100,0,-10,180,69,0
365,247,2,87,3,65,2,6,145,65,0
206,101,-10,84,2,76,5,17,169,53,0
73,40,-12,87,2,20,3,18,45,38,1
93,7,-13,87,1,18,3,6,97,6,1
103,89,-11,81,6,27,8,24,48,58,1
100,59,5,93,2,32,4,-2,45,52,0
154,116,-7,84,3,27,0,10,63,72,0
168,123,-2,92,0,35,1,2,29,76,0
200,83,-11,95,2,34,2,14,126,28,0
95,55,-3,94,0,38,1,12,28,48,0
86,48,-11,94,0,14,5,14,39,61,1
71,12,-7,92,0,16,2,-1,87,10,0
65,9,7,96,0,27,2,8,56,32,0
79,20,-7,96,1,22,8,13,74,5,0
34,18,-17,86,6,11,8,16,16,42,1
106,81,-5,99,0,32,4,13,12,69,0
82,51,3,97,0,20,2,-5,35,58,0
94,67,0,94,0,22,0,-2,38,77,0
233,170,-12,99,1,41,4,25,63,74,0
271,146,19,99,0,82,1,-10,175,84,0
110,18,-2,100,2,22,0,2,110,16,0
160,122,-12,95,1,28,7,25,32,64,1
108,46,2,95,1,55,4,4,71,42,0
116,47,-23,59,7,16,3,19,94,10,1
66,57,-5,94,2,16,1,12,21,91,0
88,61,6,97,1,26,2,10,39,82,0
73,22,-11,82,2,24,2,15,36,17,0
55,10,-2,92,1,20,2,14,52,20,1
91,7,-22,96,1,12,7,23,102,0,1
117,70,-3,95,0,29,1,4,62,64,0
133,63,-4,71,5,31,1,8,89,39,0
264,167,1,91,0,45,1,-3,68,68,0
60,14,-6,99,1,20,2,7,54,20,1
94,80,6,94,1,59,2,7,39,93,0
55,13,-19,77,0,13,2,22,42,3,1
44,12,-5,87,1,16,3,19,41,29,0
86,11,-12,90,2,27,1,6,83,0,1
89,33,-2,90,2,10,1,6,56,28,1
365,222,-6,98,0,80,3,11,65,52,1
102,74,-10,97,3,19,1,13,38,54,0
109,42,16,99,1,31,1,-3,83,61,0
322,76,11,99,0,88,0,-6,180,51,0
96,69,-5,97,0,28,2,1,32,64,1
112,61,8,97,1,65,0,4,43,45,0
115,60,4,97,1,35,2,-3,50,67,0
59,43,-23,84,5,18,8,29,28,40,1
33,23,9,98,0,11,0,-7,18,86,0
77,25,-13,93,3,18,4,9,66,16,1
87,80,-20,93,4,20,8,14,26,88,0
52,21,-5,86,3,15,5,18,40,30,0
77,29,3,99,1,34,0,9,33,40,1
302,263,-13,84,1,44,3,15,28,72,0
264,123,-11,97,0,34,0,10,165,39,0
193,103,-20,88,0,34,7,17,120,28,1
65,36,-13,95,2,15,4,13,54,36,0
285,171,-20,86,1,51,2,17,137,47,1
165,108,8,93,0,22,0,2,50,66,0
113,90,-8,95,0,38,2,12,22,72,0
68,30,-9,94,1,18,2,-6,38,34,1
60,32,1,99,0,17,2,10,36,55,0
86,63,-5,93,2,23,5,8,28,63,1
178,153,14,96,0,49,3,-10,56,100,0
107,68,5,94,2,30,2,4,32,54,0
119,13,2,98,0,52,1,9,119,6,0
76,56,-8,97,1,22,5,16,17,73,1
164,87,-26,80,5,17,7,28,92,17,0
118,55,3,98,1,33,1,-5,86,38,0
168,98,-5,94,4,26,1,12,95,53,0
146,140,-16,93,2,18,4,16,3,85,1
57,32,0,81,2,26,1,-1,28,62,0
99,54,1,97,1,62,4,2,62,52,1
54,45,-8,87,1,9,3,8,12,72,1
365,118,-8,96,1,87,1,6,156,30,0
164,74,-14,84,0,33,2,13,119,12,1
57,43,-1,88,2,28,1,9,12,70,0
50,12,14,93,0,14,1,-10,38,33,0
100,53,-19,83,8,26,7,27,59,16,1
224,184,8,99,3,77,3,7,78,100,0
100,78,13,96,0,50,1,-6,5,85,0
168,94,-7,79,6,63,3,23,80,48,1
124,92,-18,71,5,23,4,18,28,54,1
75,29,6,99,0,18,2,2,55,48,0
141,113,-22,90,2,17,4,12,28,56,0
161,87,-22,90,1,22,3,20,81,32,0
149,12,-5,66,2,35,2,5,107,0,0
186,65,-18,68,7,37,7,24,121,18,1
178,60,2,93,0,59,1,5,118,36,0
60,50,5,91,1,25,1,-1,32,85,0
75,34,-10,93,3,23,1,1,48,33,1
130,42,-5,92,2,41,3,6,120,28,0
147,117,-27,52,11,18,5,22,45,50,1
165,134,-9,91,2,19,2,6,10,78,0
56,16,-3,87,2,17,0,-1,37,24,0
121,80,-10,86,4,28,5,11,49,64,0
50,35,1,91,0,17,2,-6,15,73,0
132,84,-20,92,3,13,7,25,59,41,1
153,105,-25,89,4,26,8,30,71,57,1
166,27,-17,66,1,37,4,13,180,0,0
96,56,-10,94,3,32,1,4,35,46,1
244,85,-12,93,2,44,8,21,180,22,1
73,49,-18,95,2,19,3,12,14,53,1
226,54,-8,90,1,50,3,9,166,29,0
75,47,-18,90,1,17,8,23,53,30,1
336,148,-7,96,1,78,2,24,130,39,0
136,72,-2,94,0,67,2,4,97,37,0
72,46,-19,81,0,13,6,11,35,35,1
84,30,-2,92,2,21,2,-2,67,34,0
69,6,-6,97,0,15,2,2,78,7,0
45,15,11,95,1,22,2,-1,35,42,0
112,48,-11,92,1,27,2,10,59,30,1
158,103,-15,94,1,20,7,6,39,43,1
75,61,9,90,2,27,2,-3,16,91,0
54,27,-3,89,2,17,3,5,41,37,1
146,83,-5,95,0,42,1,10,26,66,1
59,27,-19,87,3,29,3,10,33,30,1
355,61,-2,95,0,76,3,-1,180,25,0
288,132,-40,77,12,26,4,30,169,18,1
63,18,-5,94,1,21,3,19,72,32,1
134,81,9,98,0,49,2,3,77,70,0
102,53,2,99,1,19,1,-2,38,66,0
100,70,4,100,1,27,1,-8,39,82,0
58,44,5,92,1,17,2,1,11,75,0
184,110,2,89,1,45,1,-1,28,66,0
68,8,-5,87,2,23,1,2,67,0,0
82,35,-12,95,1,19,1,7,49,34,0
30,23,-21,83,3,13,4,13,16,60,1
346,179,12,97,0,100,1,-6,180,60,0
129,97,1,81,1,21,1,-1,31,79,0
83,19,-37,53,20,12,8,30,69,0,1
103,46,-10,96,0,13,7,11,69,38,0
136,16,8,92,0,37,1,5,114,20,0
300,231,7,96,1,57,1,-2,88,91,0
39,23,5,96,0,17,1,9,25,71,1
106,67,7,93,1,27,0,0,16,71,0
129,83,8,97,1,33,0,3,22,75,0
224,59,-10,94,2,43,1,10,174,14,0
97,78,6,97,2,43,0,-10,16,75,0
133,63,-16,93,1,31,2,19,71,24,0
208,77,4,92,1,57,5,3,180,32,0
122,65,-18,99,3,19,8,25,62,46,1
179,133,-29,60,8,32,8,20,69,33,1
365,262,-23,89,2,37,2,28,70,37,1
176,127,-14,92,4,41,4,20,79,71,1
105,72,-6,93,2,21,4,16,40,68,1
40,27,-1,98,1,22,3,3,25,57,0
177,103,-20,78,1,44,6,20,91,28,0
170,49,-2,82,4,39,0,6,148,34,0
198,66,-4,90,1,42,0,8,164,29,0
129,80,-3,97,1,29,4,15,69,58,0
117,88,-7,95,0,42,4,7,46,68,0
56,43,10,93,0,23,2,-4,13,100,0
63,38,9,97,0,24,2,-3,39,71,0
79,28,-10,98,2,16,6,19,52,17,1
80,63,-18,93,4,17,7,30,34,64,1
97,39,18,99,1,63,1,-3,66,51,0
247,84,-3,97,0,33,1,8,180,34,0
167,130,-8,89,0,28,2,8,58,71,0
54,28,-7,78,4,9,4,11,22,55,1
365,82,-3,92,0,52,2,5,180,20,0
42,23,-14,86,1,17,5,11,27,46,1
56,39,8,92,2,22,4,-3,3,78,0
45,21,6,91,0,14,1,2,21,49,0
64,20,-10,85,3,15,1,3,44,35,0
93,44,-10,93,2,22,4,15,70,35,0
197,39,-13,81,4,39,3,10,180,0,0
72,57,13,88,0,18,0,-10,24,94,0
244,155,-10,93,2,35,5,21,140,60,0
275,189,-14,96,0,39,4,12,137,50,0
101,26,-15,94,1,21,0,12,77,16,0
239,161,-17,90,1,32,7,21,78,44,1
129,118,-1,97,3,43,3,-2,1,93,0
77,41,-12,89,0,19,3,15,36,40,0
112,27,0,98,3,24,1,4,94,24,1
168,107,-6,91,1,23,1,1,23,69,0
158,126,-7,85,0,57,2,5,36,76,0
95,64,5,93,1,25,2,-3,38,74,0
169,77,-26,74,7,33,3,23,122,16,1
74,48,0,94,1,36,2,4,38,73,0
146,69,-27,83,9,25,8,16,83,15,1
196,59,5,98,0,71,0,1,88,32,0
86,66,0,91,0,25,0,4,37,76,0
103,50,-8,94,1,23,6,21,67,36,0
73,21,6,84,0,26,2,-10,60,41,0
61,16,-18,64,9,12,8,27,73,17,1
100,33,-2,99,1,34,0,2,48,27,0
30,13,-9,88,1,13,2,0,17,39,0
140,112,9,99,2,33,0,4,27,82,0
66,12,-4,99,1,16,1,3,54,16,1
133,98,-21,95,0,23,6,23,45,47,1
90,34,-4,98,0,32,2,6,56,18,0
66,33,-12,96,1,17,4,10,52,34,0
122,79,-18,97,1,25,2,9,28,51,1
242,201,-13,86,1,55,4,15,29,75,0
57,38,-9,94,0,12,2,10,17,56,1
311,112,-20,91,4,52,8,19,180,13,1
184,65,-13,88,3,48,4,15,124,20,1
97,67,-6,78,0,10,1,5,24,64,0
59,40,13,96,1,12,1,2,42,90,0
112,74,-9,94,2,37,2,5,50,49,0
84,73,-1,96,0,27,1,5,29,93,0
105,56,-6,82,3,32,5,11,51,56,0
49,25,-12,87,2,14,8,23,35,52,1
365,320,-17,94,1,64,8,17,123,74,0
270,252,-8,98,0,34,1,1,14,85,0
154,28,11,91,0,63,0,-9,90,45,0
108,67,-9,98,1,35,1,8,53,50,0
118,38,1,84,3,25,1,3,79,13,0
70,32,1,95,1,36,3,8,31,46,0
126,89,-17,97,1,16,3,6,15,49,0
51,23,-21,90,1,11,3,15,22,27,1
193,96,-3,78,1,42,1,6,123,48,0
103,37,-3,100,0,25,2,0,42,30,0
33,19,-7,90,0,10,1,9,13,39,0
155,59,-10,93,3,37,3,15,96,38,0
77,62,-12,95,3,21,1,8,42,61,0
105,40,-14,95,1,14,5,23,80,17,1
94,60,-12,62,7,16,3,10,60,56,0
106,54,-15,96,1,27,3,21,52,28,0
41,30,-3,88,0,14,3,5,24,69,0
151,97,-24,40,20,18,6,30,70,30,1
69,53,-4,92,2,7,5,2,26,68,0
365,224,4,64,8,100,2,10,180,51,0
263,74,-6,82,1,48,1,1,173,16,0
173,103,-12,94,2,36,3,12,84,45,0
125,46,-6,92,1,33,2,11,77,29,0
112,24,-17,98,1,14,5,19,79,0,1
267,148,-5,94,0,66,1,4,88,54,0
319,237,3,95,1,86,1,-4,112,69,0
102,60,-8,87,1,33,1,3,64,28,0
119,57,-23,71,6,22,8,25,74,18,1
78,16,-16,83,3,21,5,13,79,0,1
98,53,4,99,0,19,0,-8,58,50,0
365,88,-10,94,1,80,3,16,180,23,0
63,44,-16,91,2,12,4,9,26,46,1
196,180,11,96,0,53,6,1,81,96,0
53,14,-11,74,5,21,1,6,45,10,1
142,101,-21,54,13,36,6,30,69,59,0
111,47,4,96,0,29,0,-5,51,40,0
117,61,-8,88,2,31,2,10,78,52,0
82,62,-3,89,3,26,2,1,20,66,0
86,16,7,98,0,29,2,-5,72,9,0
82,61,9,94,2,25,4,7,35,95,0
115,50,0,97,1,27,2,3,84,65,0
118,67,-22,84,6,17,2,18,46,35,1
159,46,-20,89,4,22,6,17,148,11,0
99,61,-15,93,3,11,8,26,50,50,1
47,8,-3,87,2,14,2,11,55,5,0
98,66,-13,81,4,23,2,11,32,58,1
104,59,0,94,1,15,0,-3,21,53,0
56,27,7,95,0,30,1,4,21,48,0
138,98,-11,94,0,30,3,11,55,59,0
95,57,-17,90,3,19,3,7,48,42,0
113,65,-14,98,1,26,6,10,52,39,1
94,56,-5,99,0,22,2,6,38,56,1
68,23,-5,99,0,30,3,18,62,27,0
202,125,-5,90,3,42,4,9,116,56,0
365,142,-6,82,4,90,4,8,180,37,0
215,63,8,94,0,56,2,7,152,41,0
46,24,-8,95,2,12,1,0,26,34,0
59,40,-7,97,1,23,3,13,19,50,0
43,15,-6,97,2,9,4,9,38,32,0
83,74,-8,86,2,29,3,8,30,74,0
61,57,-2,95,1,22,5,3,7,100,0
142,40,-23,81,2,17,6,17,143,6,1
51,17,0,99,0,19,2,16,43,13,0
131,48,-23,56,10,35,5,16,83,7,1
119,63,-9,94,2,18,1,8,55,37,1
122,46,-7,92,0,30,1,5,96,27,0
133,99,-12,91,2,19,3,17,20,64,0
145,25,-10,83,4,16,5,11,153,5,0
169,147,-12,81,0,28,2,11,22,74,0
158,138,-24,81,2,34,8,27,20,60,1
95,59,1,97,1,17,2,12,62,62,0
84,57,-3,86,2,24,0,-1,30,72,0
112,79,-3,92,1,30,1,1,18,71,0
179,121,-3,95,2,37,2,7,94,67,0
159,38,15,96,0,38,1,-1,137,44,0
95,64,-14,90,1,14,7,12,34,56,1
138,127,9,85,0,35,1,-3,11,88,0
53,27,-24,78,10,14,8,17,46,26,1
105,79,2,95,1,30,3,-2,28,90,0
81,39,-2,84,1,39,0,3,42,43,0
36,24,-2,91,0,16,1,-8,14,65,0
59,38,3,95,0,21,1,8,26,62,0
70,18,-6,94,2,30,0,2,52,12,0
146,86,-2,68,2,25,1,3,61,59,0
237,214,13,97,0,63,4,-10,45,100,0
238,138,-7,94,1,65,7,15,75,44,0
79,40,8,92,2,16,0,-4,41,70,0
57,42,8,98,0,20,0,-4,18,83,0
159,144,20,96,0,51,1,2,21,100,0
161,120,-33,88,3,14,7,29,72,39,1
117,40,-3,95,0,18,3,6,70,26,0
45,20,20,96,0,25,1,-8,27,65,0
130,87,-7,97,2,34,1,13,21,60,0
128,109,0,86,0,48,5,15,37,79,0
48,27,0,82,1,42,0,-6,21,42,0
260,191,15,95,0,38,0,-10,30,92,0
116,89,-8,87,0,41,2,3,51,62,1
45,18,0,96,0,22,2,-2,28,35,0
201,94,17,99,0,54,3,-8,111,60,0
75,63,4,86,2,22,4,-3,13,82,0
163,118,13,95,0,21,0,-1,29,91,0
93,53,-23,87,8,24,3,27,57,36,1
172,122,-13,67,3,20,6,6,114,45,1
202,129,13,94,0,70,0,-10,87,66,0
58,40,-8,76,4,10,1,10,8,57,1
65,52,-9,95,0,22,2,3,13,78,0
57,28,15,92,2,30,0,-8,28,75,0
132,107,5,94,0,57,0,-10,21,81,0
149,104,-17,81,4,15,6,16,44,64,1
100,79,16,97,0,44,0,-9,21,88,0
30,20,-13,91,3,11,4,14,18,56,1
111,46,16,95,0,24,0,0,71,59,0
247,49,-1,89,2,48,3,8,180,15,0
109,50,14,94,0,30,2,-10,78,56,0
135,50,-2,91,0,41,1,2,62,44,0
67,38,17,97,1,19,0,-10,36,81,0
87,33,-12,93,3,12,5,9,63,23,1
96,65,2,95,1,20,2,1,19,72,0
58,16,-15,96,1,15,4,10,57,0,1
37,28,-11,84,3,12,5,17,18,58,0
184,23,4,91,0,35,1,6,139,18,0
95,63,14,96,0,32,1,-10,32,75,0
136,65,-2,98,3,16,2,8,74,51,0
76,38,0,98,1,22,1,7,59,49,0
106,44,-25,63,13,20,6,23,70,11,1
132,82,-1,94,0,33,1,2,20,61,0
77,42,-18,96,0,15,2,16,53,39,1
104,79,-8,84,2,27,2,11,43,65,0
91,23,-10,95,1,23,7,18,80,10,1
108,36,-14,97,2,15,4,17,77,6,1
70,20,-4,89,2,17,2,3,56,28,0
247,51,-12,96,2,32,5,5,180,17,1
57,25,-8,95,1,10,1,7,32,25,0
132,85,2,91,0,47,1,3,28,60,0
69,46,4,88,4,27,0,9,32,75,0
73,6,-13,78,2,18,3,17,91,0,1
84,36,-11,85,3,19,2,3,51,25,1
81,16,4,99,1,30,2,8,66,32,0
55,18,-1,76,0,24,0,3,47,48,0
47,36,2,97,1,29,1,0,1,88,0
76,66,3,94,0,27,2,0,10,91,0
65,46,-6,87,2,11,5,9,29,74,1
237,87,12,97,0,63,0,-7,101,56,0
122,99,-20,78,6,17,8,26,23,62,1
95,65,5,98,1,30,2,1,43,80,0
136,35,10,90,1,31,3,-5,121,34,0
168,105,11,96,0,55,0,-5,84,76,0
67,61,-5,90,0,26,2,0,5,92,0
56,27,-13,85,2,11,3,19,40,37,1
131,87,3,87,1,37,2,3,41,73,0
96,24,-37,57,20,24,8,30,78,0,1
36,17,1,79,1,14,1,-6,24,49,0
198,179,18,92,0,30,3,-7,50,100,0
53,12,10,89,1,30,0,-5,56,32,0
147,106,-10,92,1,32,3,11,54,87,0
80,25,-9,90,1,25,7,17,67,20,1
168,108,-11,95,0,34,4,19,100,62,1
97,24,-1,94,1,33,0,-2,99,26,1
132,108,-21,65,11,13,8,23,24,66,1
175,98,2,96,0,50,1,-5,97,48,0
197,113,12,97,1,35,0,-8,79,54,0
73,24,3,88,3,23,7,6,45,40,1
125,64,-3,97,1,22,2,9,49,64,0
125,52,-10,95,1,28,4,7,48,31,0
150,92,3,92,0,36,1,5,44,74,0
192,107,-6,91,0,53,7,13,111,52,0
126,110,-3,81,1,26,3,1,49,76,0
72,11,-14,95,2,15,4,10,75,4,1
129,98,0,90,0,39,2,-1,7,82,0
100,59,8,95,0,23,3,-5,33,62,0
139,60,-4,98,2,32,1,6,82,41,0
126,55,-1,89,3,36,2,19,86,43,0
156,130,-5,89,3,41,6,11,36,75,1
84,63,-6,90,0,26,2,5,6,77,0
241,79,3,84,1,54,2,7,162,25,0
147,107,-17,92,2,42,5,18,27,61,1
119,94,-10,97,2,16,1,16,13,69,1
80,39,0,98,0,30,2,6,55,52,0
182,152,2,95,1,30,0,-1,1,82,0
30,13,-13,94,1,12,5,13,31,32,1
144,106,-13,93,2,40,4,17,65,64,1
63,51,-20,93,3,13,8,30,19,67,1
98,42,-5,86,1,31,1,6,56,33,0
134,87,10,98,0,33,3,-6,72,70,0
127,80,-22,76,3,16,6,30,54,42,1
330,134,-15,72,7,52,6,20,180,36,0
127,97,-13,91,2,20,4,13,53,71,1
126,106,-8,92,2,20,4,3,20,81,1
77,32,-13,89,5,19,7,14,70,19,1
53,49,7,97,0,31,1,-10,3,90,0
109,65,4,92,1,24,1,0,58,50,0
61,25,14,94,0,21,1,-5,37,67,0
54,14,-14,82,2,17,0,-1,56,14,0
365,301,-9,97,1,64,4,5,25,80,1
174,69,-30,79,7,28,8,30,135,6,1
155,143,10,98,0,64,0,-9,1,100,0
165,121,1,98,1,34,2,-1,44,79,0
132,27,1,94,1,30,2,4,121,36,0
40,29,2,85,2,16,0,-8,2,79,0
49,26,-2,93,0,13,1,5,23,47,1
163,140,-3,74,4,63,2,-2,38,82,1
72,58,4,86,0,26,1,-4,29,100,0
198,138,-8,81,1,56,6,18,81,72,0
115,40,-12,72,6,35,4,30,104,19,1
140,126,1,95,0,27,1,0,9,88,0
153,87,-21,96,1,22,8,27,99,31,1
105,33,15,98,0,26,1,-10,75,48,0
226,128,-1,97,0,44,1,-4,106,57,0
99,63,3,96,2,42,1,-7,53,63,0
235,107,-4,99,1,44,2,8,128,31,0
57,38,2,90,1,19,0,7,21,64,0
110,56,4,97,0,38,2,-4,63,54,0
132,30,-6,83,2,38,2,4,138,8,0
136,84,-9,83,2,16,4,18,95,46,1
138,103,2,99,1,46,2,-4,35,71,1
125,48,4,100,1,57,0,5,89,44,0
112,12,-15,74,9,21,8,21,120,3,0
152,54,1,93,0,27,1,-1,124,21,0
106,64,-8,84,3,26,2,4,66,55,0
60,20,0,99,0,25,3,-7,40,38,0
84,26,-9,98,0,26,4,18,51,16,0
54,38,-15,79,2,14,4,13,25,41,0
99,38,-18,64,7,18,7,22,81,19,0
50,19,4,96,0,15,1,8,43,44,0
123,34,-17,76,9,17,7,17,89,19,1
84,39,7,94,0,11,0,-7,36,39,0
363,292,-9,91,1,49,0,7,118,77,0
188,147,-14,94,1,27,2,15,65,62,0
131,104,1,90,2,32,2,-2,27,81,0
88,66,4,98,0,12,2,-1,31,79,0
138,30,-8,99,3,24,2,12,131,15,1
66,11,-5,78,1,20,3,7,57,6,1
126,78,4,94,0,28,1,0,87,72,0
189,147,-18,76,7,32,8,30,39,52,1
96,37,0,100,0,42,1,3,57,34,0
55,37,-2,78,0,23,1,2,15,69,0
86,30,-12,81,2,20,4,21,69,33,1
97,40,13,98,1,49,0,-1,46,49,0
167,134,1,90,2,76,3,11,33,85,0
129,12,-14,88,4,18,5,20,136,0,0
201,132,10,94,1,45,2,-10,111,66,0
39,19,2,98,1,14,0,-2,18,59,0
331,117,20,97,1,71,0,-10,180,55,0
84,65,-6,95,0,23,5,16,25,68,0
52,15,-23,55,16,16,7,30,63,4,1
43,20,1,83,1,17,0,-3,22,32,1
229,148,-4,98,1,63,0,2,70,61,0
182,136,-2,100,0,49,2,4,46,73,0
58,39,3,92,2,18,1,0,19,62,0
178,65,-11,83,5,50,5,18,134,23,1
231,123,1,97,1,43,6,18,144,61,0
201,128,-16,87,3,62,5,10,146,47,0
168,32,-40,42,20,27,8,30,134,0,1
324,142,0,83,1,47,0,5,180,36,0
87,43,-3,90,0,26,1,14,52,36,1
109,75,-9,91,2,38,2,13,53,43,0
84,53,-19,85,3,12,4,17,31,49,1
175,95,-30,81,4,25,8,30,131,24,1
89,28,14,97,1,18,0,-10,61,45,0
277,256,-15,92,0,33,4,20,76,83,1
87,62,4,90,1,17,2,-4,25,78,0
196,118,-2,98,1,29,0,5,128,60,0
197,92,-32,76,10,18,8,30,93,16,1
62,29,6,98,0,24,1,-1,26,55,0
140,43,-10,81,2,25,1,11,104,18,0
66,53,-3,74,2,24,6,7,7,72,0
68,51,-1,92,0,24,1,0,21,62,0
73,65,-5,90,1,37,0,7,29,85,0
182,67,-11,80,4,34,4,9,123,41,0
89,75,-8,87,2,36,4,7,14,85,0
72,23,-6,92,1,14,5,6,57,17,0
139,50,2,93,1,24,1,5,105,51,0
281,162,-5,92,0,75,4,6,106,45,0
244,36,-20,87,3,30,4,17,180,3,1
289,43,6,95,2,40,4,6,180,14,0
86,48,12,97,0,35,4,-2,43,66,0
90,60,-6,98,2,19,0,6,37,51,0
37,24,2,86,1,22,3,5,19,65,0
166,94,-2,93,1,53,3,7,95,55,0
73,23,11,97,0,21,2,-3,54,36,0
153,92,-10,62,4,55,1,6,70,63,0
67,46,11,97,0,18,0,-4,29,76,0
174,22,-5,95,0,32,2,10,145,5,0
107,13,1,97,1,26,1,-8,94,16,0
171,154,-1,95,1,33,2,12,21,87,0
42,16,-23,67,15,15,8,30,37,17,1
177,98,14,97,0,41,1,-7,101,61,0
169,108,-7,93,4,33,3,18,63,59,0
30,22,10,99,2,23,0,1,15,87,0
168,75,-18,94,0,22,3,12,79,34,0
125,76,-17,97,2,13,6,17,49,38,1
101,64,-22,79,6,17,4,18,40,41,1
120,31,14,95,0,31,0,-7,122,30,0
67,18,-24,77,7,10,5,30,45,13,1
98,29,-16,87,0,21,7,21,93,12,1
180,27,-12,95,2,31,3,12,149,0,0
58,34,-8,82,2,26,7,18,41,46,1
231,73,-1,82,3,52,1,4,167,33,0
237,155,12,95,1,67,0,-10,111,79,0
59,49,-5,90,0,16,1,-2,13,85,1
62,33,-1,98,0,13,0,-1,29,44,0
185,55,-9,76,6,28,2,9,148,15,0
238,108,-20,62,15,34,7,30,135,23,1
159,58,-2,97,2,19,0,-2,112,37,0
186,100,11,99,0,65,0,-8,120,63,0
134,116,-9,83,1,26,8,22,28,72,1
92,66,0,95,0,42,3,3,34,74,0
57,22,-16,98,0,10,6,29,35,10,1
208,92,-10,92,0,38,2,13,140,41,0
166,147,-10,94,1,26,2,-4,19,71,1
82,31,-3,92,0,11,2,1,42,43,0
156,47,4,98,1,61,1,0,99,36,0
96,72,-6,64,2,24,2,12,12,66,1
208,40,6,89,0,45,0,-4,153,21,0
53,36,-1,98,0,16,0,8,13,69,0
69,24,-1,98,1,23,3,4,45,44,1
134,54,-12,75,4,39,8,26,119,28,1
153,11,1,94,0,35,2,-5,172,9,0
97,78,1,94,0,29,2,-4,36,78,0
320,295,-1,98,0,87,2,-5,75,91,0
143,96,-19,93,4,13,1,20,91,45,0
158,89,-1,80,1,20,3,4,94,69,0
61,36,-1,97,2,17,2,2,28,63,0
365,264,-13,85,6,64,7,14,124,57,0
106,73,2,84,2,23,3,6,44,67,0
39,20,-8,85,0,11,3,10,18,35,1
88,20,-15,95,2,13,2,11,73,18,1
87,34,9,97,0,34,1,-2,53,42,0
64,42,-3,93,1,19,2,-9,29,52,0
50,36,-12,89,1,15,5,10,23,66,1
75,35,-8,91,3,20,2,8,40,48,1
67,23,15,100,2,19,0,-7,48,48,0
174,63,-3,99,1,39,0,-4,111,17,0
130,69,-32,62,15,30,6,30,55,11,1
104,83,-15,96,0,20,4,19,15,60,1
64,21,-6,95,0,20,3,6,40,20,1
229,55,-7,88,0,54,2,4,148,24,0
52,11,17,97,0,13,0,-10,41,35,0
118,35,-11,87,1,22,3,10,67,20,0
67,56,-15,89,2,19,4,14,11,82,1
73,16,-10,88,3,25,4,19,59,0,1
127,47,-2,97,0,27,5,9,68,35,1
147,68,-27,89,3,21,6,15,96,11,0
94,19,-19,87,1,17,2,23,92,0,1
75,38,-2,76,5,16,1,9,41,59,0
192,34,-38,81,11,12,8,30,111,0,1
189,147,-11,93,1,52,1,9,81,65,1
46,37,0,91,1,13,3,-1,12,76,0
181,53,-3,89,0,31,3,7,180,30,0
122,107,-21,92,5,23,8,22,47,65,1
215,151,8,97,1,85,1,-10,41,80,0
114,34,-7,88,0,23,2,-2,75,19,0
176,97,12,96,0,40,2,-7,79,60,0
94,36,17,97,1,23,0,-8,58,51,0
137,123,8,94,1,63,1,-6,15,100,0
30,23,14,99,0,23,0,-10,7,81,0
80,59,-23,94,2,17,6,29,35,42,1
93,38,-9,89,2,20,4,17,64,29,0
79,24,18,99,1,29,2,-10,52,49,0
59,35,-19,84,4,16,3,9,25,47,1
201,158,13,97,0,30,0,-10,43,100,0
176,147,5,98,2,56,1,7,10,100,0
85,64,7,88,0,32,1,1,29,90,0
72,60,-18,82,4,11,8,27,31,66,1
71,36,-3,85,5,18,3,1,44,41,0
41,12,-25,91,0,10,5,11,30,10,1
97,37,-32,62,16,14,8,30,60,3,1
94,83,-3,95,1,20,2,6,27,82,0
78,52,-8,95,0,21,3,7,53,46,0
160,72,-36,99,9,21,8,30,87,6,1
150,105,18,97,0,59,0,-10,51,88,0
205,85,-12,97,0,26,2,8,92,35,1
230,144,-5,94,1,52,1,10,48,44,0
124,53,-13,92,2,20,3,15,80,40,0
124,42,-1,89,1,27,2,7,94,42,0
73,48,-13,94,0,20,6,18,45,56,1
131,52,-8,87,0,24,1,2,96,22,0
67,54,-1,98,1,26,0,-7,13,81,0
115,29,-5,90,3,32,4,18,121,24,0
149,138,-4,87,5,24,4,2,35,81,0
240,159,-2,96,1,34,2,8,59,72,0
79,37,2,98,1,21,0,-1,36,46,0
43,18,15,99,1,23,0,-10,30,76,0
68,19,-39,43,20,16,4,28,49,0,1
35,12,4,87,0,12,0,2,20,30,0
46,33,0,97,1,11,3,-1,23,71,1
121,80,-5,96,0,28,1,0,59,50,0
66,14,-19,81,1,20,3,21,81,0,1
65,38,3,86,3,16,2,8,29,68,0
197,132,-13,90,0,32,4,15,124,60,0
93,59,14,99,0,24,0,-10,21,85,0
73,48,-6,95,4,21,3,12,25,68,0
227,158,1,97,1,61,2,12,95,70,0
99,61,-26,94,5,14,6,30,58,35,1
164,105,-3,92,0,45,0,14,59,63,0
70,51,-11,90,3,29,7,13,19,70,1
136,74,15,96,0,60,0,-10,58,66,0
197,171,-21,85,5,37,8,25,56,72,0
76,7,8,96,1,23,1,-10,69,18,0
41,14,-11,94,3,11,2,19,34,23,1
199,143,5,95,0,48,1,7,82,74,0
43,32,-31,95,4,10,8,27,32,45,1
125,71,7,95,0,45,1,-3,86,68,0
34,11,7,97,0,12,5,-2,37,32,0
78,29,1,90,1,36,2,-6,73,43,0
66,29,-2,92,0,20,3,8,22,36,0
40,26,-15,93,0,9,3,5,17,48,0
123,43,1,95,0,21,3,-5,66,30,0
104,24,-2,96,2,21,4,4,89,17,0
78,22,-11,78,5,20,2,8,45,13,1
71,10,2,94,0,31,0,1,64,17,0
167,54,-11,98,1,28,5,22,139,16,1
168,102,-11,88,0,39,2,17,60,64,1
128,67,-16,96,4,22,8,28,72,44,1
147,120,-10,82,3,22,5,3,69,81,0
94,31,-4,97,2,36,2,5,68,29,0
62,41,-6,100,0,17,1,0,12,62,0
184,102,-13,90,4,35,5,15,84,46,1
170,72,-3,99,1,35,2,7,86,36,0
117,89,-11,91,0,25,1,18,38,81,0
75,22,-15,84,4,27,5,19,39,20,1
222,85,10,91,1,81,1,2,122,55,0
121,67,-24,70,12,26,8,30,41,30,0
65,39,-4,94,2,33,1,2,37,50,0
365,114,-17,89,3,38,3,16,180,18,1
90,69,3,94,0,20,1,-8,25,82,0
137,67,20,99,0,35,0,-10,79,70,0
62,48,1,93,1,13,1,-2,31,64,0
108,70,6,98,1,23,1,2,56,56,0
139,54,-10,80,3,20,3,2,107,44,1
83,50,-11,98,1,17,2,11,40,61,0
291,249,-8,100,3,52,8,16,42,79,0
83,48,3,84,2,49,6,12,39,61,1
37,17,-5,81,3,20,2,11,24,33,0
192,51,-2,98,0,62,3,8,136,20,0
97,52,-16,97,1,26,5,19,68,42,1
236,82,-13,89,4,37,4,9,148,26,0
107,91,-4,92,0,21,3,7,20,70,0
195,137,9,97,1,19,0,2,58,81,0
80,18,5,94,0,17,1,-3,51,23,0
188,58,3,83,0,32,2,1,113,39,0
99,45,14,96,0,49,0,-10,57,52,0
113,9,-20,84,0,20,4,23,109,0,1
175,84,-17,68,6,31,1,11,96,22,1
94,80,-9,82,1,13,4,9,13,81,0
93,35,3,96,3,22,2,5,64,42,0
231,184,0,96,0,58,3,5,34,90,0
141,57,-5,91,2,28,0,0,110,32,0
59,45,-2,95,1,16,3,1,17,63,0
165,70,-8,97,1,40,1,5,119,33,0
162,143,12,91,1,34,0,-3,19,100,0
154,53,8,96,0,26,2,-8,101,33,0
207,44,8,96,0,37,0,-2,180,34,0
114,19,-2,87,0,15,2,-1,89,20,0
53,37,2,92,1,25,3,1,16,75,0
121,96,-1,99,0,34,0,2,38,79,0
240,166,-5,92,1,34,0,17,23,55,0
94,65,8,91,0,29,0,-10,29,76,0
99,35,-30,85,7,13,8,30,64,7,1
86,53,-17,95,1,15,8,13,33,18,0
74,58,-9,78,0,17,3,10,25,78,0
43,34,-18,78,10,10,2,22,19,59,1
206,79,-10,96,0,25,3,10,180,23,1
339,122,0,89,0,75,1,3,180,31,0
209,102,-3,97,0,39,1,8,117,41,0
138,74,-13,90,4,34,7,24,103,53,1
117,32,-30,98,3,25,8,23,66,1,1
119,88,-19,85,6,36,3,23,32,47,1
124,77,3,96,2,26,0,4,70,57,0
37,15,-17,91,2,12,1,21,29,38,1
47,17,5,95,0,12,0,-8,33,41,0
148,87,-1,95,1,39,6,15,87,62,1
157,116,-11,73,2,43,2,17,59,59,1
86,26,-12,97,0,19,5,9,60,13,1
87,67,0,93,1,24,5,10,44,78,0
100,74,-2,62,4,25,4,5,60,77,0
211,90,-15,89,3,34,6,18,116,19,1
33,14,-4,93,0,11,0,8,19,44,0
140,62,-11,87,1,28,7,15,84,26,1
211,167,14,92,0,73,0,-4,34,95,0
88,39,-4,94,1,16,1,6,48,39,0
92,67,1,95,0,32,1,10,25,76,0
52,24,-19,82,5,14,2,20,33,20,0
102,75,11,92,6,40,1,-2,64,83,0
95,29,-11,84,0,28,2,14,63,20,0
164,36,-10,94,0,26,2,3,117,14,0
69,16,12,96,0,24,1,-10,62,29,0
166,124,-5,97,0,28,2,11,63,62,0
74,47,-5,90,2,20,4,17,32,62,0
104,13,-13,90,0,16,2,6,105,0,0
147,129,-8,97,1,30,1,11,18,77,0
150,56,-13,97,2,14,3,11,121,12,0
42,29,6,97,0,14,0,-1,9,73,0
129,55,-18,84,2,13,0,0,81,29,0
87,25,-5,98,0,25,5,-3,86,26,0
154,101,-4,95,0,18,1,2,79,59,0
71,46,-22,75,8,26,8,17,39,46,1
119,47,-19,88,2,27,5,11,82,23,0
64,39,-2,96,1,12,1,-3,22,52,0
118,90,-11,89,1,19,0,11,27,62,0
33,14,-18,97,2,6,2,16,23,19,1
98,62,0,92,4,19,0,-2,43,52,0
103,42,-1,85,0,20,2,1,70,46,0
115,54,-9,92,1,32,2,4,95,44,0
160,25,6,97,0,44,0,-8,162,14,0
356,114,-1,95,3,62,1,4,180,33,0
50,18,13,99,0,17,2,-2,32,51,0
225,57,-10,89,0,48,1,12,162,1,0
98,34,-15,85,2,28,4,24,61,16,1
172,162,2,86,0,44,2,3,1,100,0
86,41,-6,97,1,24,1,11,39,35,1
54,24,-7,96,2,9,6,13,57,53,0
206,127,20,98,0,90,0,-10,120,78,0
91,59,-6,83,4,28,2,12,42,65,0
77,66,-8,93,1,24,6,20,30,77,1
98,32,-3,95,0,29,3,16,67,25,0
199,77,-5,92,1,30,4,17,72,24,0
107,60,7,99,1,27,3,-7,59,61,0
205,154,-2,90,1,37,1,2,51,76,0
254,134,9,85,0,62,1,-6,180,69,0
203,119,-15,80,2,38,1,8,96,39,0
50,44,7,99,0,22,0,-9,14,88,0
116,48,-17,59,12,30,8,27,81,24,1
91,69,-5,90,0,27,2,8,32,75,0
125,68,-6,91,3,33,5,14,89,55,0
221,123,-15,86,1,35,5,23,104,36,1
156,87,-9,75,4,26,8,19,76,51,1
94,41,-9,94,1,16,3,10,77,30,0
170,111,1,93,0,54,1,3,106,66,0
43,23,5,98,0,13,1,0,30,40,0
251,94,-22,97,3,47,8,27,180,16,0
88,83,-5,84,2,24,3,4,5,88,0
83,9,10,91,0,33,2,1,75,21,0
86,22,19,99,0,26,1,-10,53,65,0
182,134,-10,91,2,33,8,28,76,51,1
92,41,-5,96,1,15,3,4,52,17,1
107,99,0,99,1,17,2,5,1,80,1
153,79,14,97,0,44,1,-3,80,59,0
122,107,19,93,0,28,1,-5,24,100,0
40,20,-4,96,0,10,2,6,19,44,0
73,23,2,91,1,25,0,5,50,29,0
138,49,-2,93,2,26,4,17,90,39,0
126,47,16,94,0,47,0,-6,83,41,0
258,150,-2,92,4,62,2,6,143,46,0
92,70,-23,72,3,23,7,16,39,60,1
243,103,4,94,1,50,2,-2,180,42,0
59,49,-21,78,3,14,6,17,19,62,0
54,7,-12,94,0,22,7,23,70,5,0
111,93,-1,99,1,16,2,11,36,96,0
76,64,19,98,0,22,0,-10,20,98,0
147,80,-15,94,2,32,3,11,101,50,1
270,219,-9,90,2,48,7,23,55,80,0
146,54,7,96,0,55,3,10,135,45,0
67,24,-10,99,2,26,4,14,55,32,0
36,12,-6,83,3,12,3,13,23,30,0
62,26,-16,98,1,12,0,13,29,40,1
291,274,-4,97,1,88,0,-8,17,100,0
83,68,-10,95,3,8,7,17,38,61,1
116,75,-21,96,3,17,7,23,44,34,0
116,78,-2,88,0,32,1,9,52,74,0
107,88,-5,83,1,33,1,12,41,85,0
97,60,-17,95,1,19,5,12,22,38,1
37,31,-1,97,0,13,4,9,20,94,0
39,26,6,98,1,18,0,-10,10,69,0
157,78,4,96,0,21,0,-5,109,63,0
85,15,-21,93,3,16,8,24,81,0,1
66,9,-11,83,0,12,3,7,49,0,1
96,55,8,96,2,27,0,-8,32,75,0
261,136,-9,84,5,38,2,9,151,53,0
72,22,1,99,0,23,0,4,50,33,0
267,216,-1,88,0,47,4,6,58,71,0
164,103,14,99,0,56,1,2,47,61,0
106,21,-6,99,1,19,2,1,105,5,0
66,57,6,98,0,25,2,-5,2,97,0
134,34,-20,86,3,17,4,21,127,4,0
323,249,-12,76,0,34,4,8,175,64,0
135,121,-9,88,3,20,4,13,1,90,1
49,19,20,99,0,28,0,-10,28,67,0
72,36,-18,94,0,15,7,19,36,34,0
264,55,5,98,1,56,0,1,180,5,0
93,66,5,91,0,30,2,-1,40,90,0
228,77,-1,95,0,45,2,2,165,26,0
107,81,-6,92,2,15,3,9,57,68,0
123,96,-13,87,4,21,3,15,63,69,0
155,57,-3,94,1,59,0,1,98,27,0
91,14,-1,97,1,22,1,10,68,13,0
152,89,11,99,0,42,2,-10,103,67,0
101,79,14,98,0,34,0,-10,15,81,0
150,130,-6,94,0,23,2,5,46,84,0
189,43,-8,98,1,31,0,8,153,9,0
75,24,6,97,0,20,1,-1,37,35,0
111,81,-13,90,2,37,4,19,30,64,0
130,105,4,99,0,25,1,-10,16,77,0
136,90,-15,65,9,36,2,24,55,50,1
58,11,4,97,1,14,2,5,69,26,0
133,69,9,99,0,47,1,-2,64,55,0
117,50,8,97,0,19,4,-1,82,58,0
75,55,-10,90,4,14,5,10,33,64,1
188,75,-11,92,3,33,2,14,121,43,0
77,31,-8,83,2,14,1,8,46,31,0
86,52,8,95,0,45,2,-2,52,75,0
92,57,-20,66,6,14,2,13,35,51,0
48,24,-7,97,1,16,2,8,28,37,0
162,117,-12,97,2,27,2,4,61,64,0
134,52,-1,97,0,53,1,0,101,47,0
309,269,16,98,0,58,0,-10,21,99,0
111,41,-18,75,5,21,5,17,73,8,1
303,225,-1,99,0,57,1,13,105,71,0
125,74,-7,90,1,26,1,11,68,43,0
195,123,-1,97,0,43,0,8,67,70,0
55,16,-12,91,1,13,6,9,41,10,1
72,28,-10,82,2,16,5,10,62,22,0
162,91,-32,46,19,21,3,30,85,30,1
178,94,-5,99,0,40,0,11,62,50,0
185,18,0,96,0,47,2,-1,167,14,0
194,180,-11,75,4,21,5,12,41,77,1
81,48,18,98,0,24,2,-3,35,86,0
69,28,2,94,1,20,2,3,44,40,0
40,27,16,91,0,14,1,-10,3,83,0
137,123,-8,85,1,37,8,14,36,73,0
81,34,2,97,1,17,0,8,55,38,0
39,14,-5,97,1,13,5,15,33,27,1
30,16,4,95,0,16,6,4,29,55,0
72,50,-6,93,0,12,0,9,46,51,1
295,244,-15,93,2,57,7,15,51,72,1
84,40,2,94,0,22,1,5,56,46,0
130,64,4,80,1,26,1,-1,66,52,1
210,93,-5,96,0,29,1,-4,97,37,0
93,40,4,90,0,33,1,2,54,46,0
133,73,-7,87,4,33,2,11,72,45,0
132,102,-5,97,0,27,1,5,54,81,0
30,5,12,93,1,19,1,-10,22,32,0
83,33,-4,97,0,16,2,7,38,41,0
95,82,2,95,0,24,2,0,1,91,0
134,78,-3,86,2,31,2,-7,61,53,0
120,45,-13,97,1,16,2,6,93,25,1
114,93,-5,93,1,16,1,0,19,75,0
123,43,1,95,0,30,0,12,86,30,0
77,48,-6,94,2,29,2,1,41,41,0
193,68,-15,96,1,22,4,20,132,30,1
72,62,5,95,2,25,2,-1,9,85,0
147,61,10,94,1,51,2,-2,106,54,0
65,29,-9,93,1,13,3,11,36,28,1
132,92,-2,99,1,23,2,8,56,73,0
84,52,-16,83,0,20,6,21,56,34,0
78,40,-10,90,1,14,2,-3,36,39,0
70,37,-14,95,4,17,3,21,49,56,0
52,7,2,86,1,25,1,6,63,15,0
87,18,-11,94,1,32,2,12,82,13,0
80,25,-16,91,1,15,1,6,45,12,1
94,16,-1,97,0,26,4,1,79,15,0
40,30,-4,98,0,13,1,-1,14,75,0
266,206,-15,95,1,32,4,15,42,66,0
365,152,-14,89,0,59,3,23,180,15,0
75,13,-10,88,4,23,3,7,63,4,0
100,25,-2,90,2,22,0,-7,71,20,1
114,27,6,93,2,53,1,-6,87,35,0
248,202,-15,96,0,30,3,15,136,56,0
152,32,-15,100,0,38,2,8,140,3,0
73,47,-6,96,0,22,1,-1,44,66,0
150,86,4,89,2,36,3,0,38,74,0
88,39,-16,95,0,16,4,17,49,38,1
71,19,-10,88,3,17,3,13,53,19,1
124,88,-2,96,1,39,2,10,41,65,0
123,36,-11,97,0,35,1,9,106,17,0
78,40,0,96,1,21,1,8,48,46,0
68,47,-24,56,16,18,8,30,23,44,1
91,56,-9,83,4,21,2,7,59,48,0
75,72,-11,88,3,22,6,11,14,81,0
65,40,3,88,2,34,1,6,25,69,0
122,92,-3,90,1,21,1,6,30,77,0
30,10,5,93,1,16,1,-1,26,32,0
150,52,-7,92,5,50,8,17,78,30,1
43,26,3,98,1,15,3,-5,35,54,0
57,28,-14,89,0,13,3,3,31,34,1
240,146,2,98,2,41,1,0,94,74,0
66,27,-5,97,1,19,1,0,33,29,0
124,78,-9,95,2,18,2,12,32,57,0
62,26,-2,98,1,13,0,-1,50,42,0
210,79,-1,92,1,70,1,6,137,37,0
365,88,8,76,0,40,2,-2,180,38,0
65,27,-12,97,1,13,3,10,38,34,1
128,89,2,98,2,23,3,10,43,77,0
60,27,-15,94,2,17,4,22,31,25,1
145,134,-14,77,2,26,4,14,27,76,1
170,131,6,95,0,25,1,-3,78,93,0
116,50,-9,91,1,13,3,2,81,39,0
48,7,-16,95,3,12,3,16,41,7,1
193,127,2,97,1,83,0,4,18,66,0
142,123,-1,100,2,28,5,9,48,93,1
80,52,11,92,3,46,1,11,21,71,0
154,68,-6,97,1,37,2,19,96,26,0
120,43,-13,100,0,17,2,17,70,16,1
49,37,-17,80,2,6,2,9,18,52,1
112,71,4,97,0,59,3,5,47,56,0
229,106,-12,76,3,31,3,13,123,28,0
102,63,12,96,0,19,0,-1,44,69,0
122,104,-13,96,3,40,8,16,55,73,1
214,83,-8,95,1,47,6,19,131,32,0
365,170,0,96,0,69,1,9,180,53,0
85,55,0,81,0,24,0,0,32,51,0
140,69,1,95,1,26,3,8,81,42,0
89,72,10,98,0,42,1,1,21,100,0
246,134,-24,96,0,43,7,21,165,31,1
190,110,-21,69,9,33,7,16,105,24,1
275,163,-30,58,17,52,8,30,118,18,1
127,68,6,97,0,23,1,-1,37,60,0
137,99,-2,95,2,17,4,6,34,80,0
56,17,0,98,1,13,1,-6,40,26,0
186,144,-4,99,1,51,0,-3,53,80,0
77,65,-23,71,4,22,8,21,39,59,1
102,59,5,96,1,22,1,1,70,75,0
31,19,-19,94,5,19,6,23,24,47,1
89,42,-12,81,3,23,2,4,47,36,1
75,48,13,97,0,28,1,-3,8,74,0
154,34,-9,96,0,24,4,11,170,16,0
52,32,0,80,2,19,2,8,30,58,0
102,56,-1,96,2,26,0,0,47,43,0
53,29,-5,95,1,16,1,3,24,52,0
145,48,-7,100,0,24,1,1,99,38,0
96,76,-16,85,3,22,4,12,8,53,1
201,93,6,99,0,78,1,4,108,53,0
89,62,4,95,1,46,2,1,44,69,0
166,111,-6,86,1,27,6,20,89,45,0
195,151,-28,86,9,20,8,30,69,49,1
101,89,-5,91,2,22,1,-1,28,95,0
61,33,-14,93,1,22,2,10,26,40,1
76,63,-16,90,1,21,3,19,13,59,1
110,27,-16,98,2,23,3,9,108,7,0
125,51,6,95,2,24,1,-5,109,54,0
112,23,1,88,1,36,1,5,96,15,0
85,51,-8,68,3,31,5,10,40,48,0
118,71,6,92,0,34,1,9,33,62,0
104,58,-40,77,17,14,8,30,84,5,1
65,15,-7,84,0,11,2,8,67,18,0
188,56,16,96,0,42,2,-10,150,44,0
207,44,-2,98,0,48,3,6,180,22,0
253,180,17,99,0,43,0,-10,107,92,0
52,26,-9,98,1,12,2,23,26,41,0
93,46,9,96,3,20,1,-4,81,51,0
134,34,3,98,1,35,0,7,89,31,0
65,60,11,94,1,24,0,-10,19,97,0
79,53,-6,88,2,43,2,16,38,47,1
243,231,8,99,1,53,0,-3,1,99,0
134,37,-7,88,1,25,0,5,78,31,0
111,40,-15,93,3,17,2,6,89,8,0
83,18,-10,90,4,25,0,4,49,13,1
191,112,5,97,0,74,0,7,81,65,0
134,66,-6,81,1,25,3,13,57,38,0
76,40,-15,80,3,16,3,23,58,30,1
108,71,-18,94,3,10,8,26,49,48,1
329,114,-4,90,2,33,2,2,180,20,0
65,46,-13,92,1,12,4,13,31,49,0
223,83,-21,73,4,27,4,14,140,19,0
62,13,1,94,0,24,4,1,68,31,0
100,70,-11,71,5,21,4,8,42,60,1
63,44,-11,88,2,19,0,19,34,65,0
60,34,6,99,2,20,1,3,17,61,0
40,18,-8,80,3,13,4,13,22,34,0
91,56,-15,99,4,16,2,22,38,61,1
120,92,4,92,2,38,2,2,79,82,0
191,148,-12,98,1,29,2,8,43,60,0
118,103,-4,86,2,40,3,8,15,100,0
63,45,-7,94,2,27,3,21,17,73,0
42,29,4,93,0,26,2,1,19,79,0
49,28,-11,97,2,20,5,16,28,52,1
49,9,-40,40,20,12,8,30,48,0,1
49,16,1,84,2,17,2,9,30,18,0
130,83,-4,96,2,31,1,0,88,59,0
304,93,3,99,1,79,1,3,180,32,0
127,33,-14,94,1,22,3,14,106,12,0
68,35,-24,98,0,15,2,14,33,26,1
105,77,2,95,2,30,1,0,37,69,0
208,14,-19,91,2,58,6,18,170,0,1
69,49,9,96,1,33,1,-1,34,81,0
106,39,-10,99,0,26,2,7,49,30,0
130,70,-7,92,0,23,1,9,100,53,0
57,17,-17,81,8,18,2,24,44,11,1
77,60,10,98,0,19,0,-10,1,70,0
123,47,-2,88,1,36,1,2,70,29,0
102,65,3,98,1,29,2,-2,37,70,0
307,149,-6,96,0,60,2,-2,158,44,0
69,56,-27,83,1,12,5,24,21,48,1
317,189,-10,88,1,44,3,9,142,46,0
176,64,10,97,0,38,1,-7,90,49,0
47,27,0,88,1,35,3,-1,20,55,1
119,29,-10,97,1,46,6,18,93,7,1
71,36,7,99,0,18,3,-5,45,61,0
119,91,13,94,1,48,2,-2,1,89,0
256,152,-5,94,2,35,7,11,148,49,0
197,165,-19,80,8,28,8,22,72,67,1
148,47,8,98,0,34,0,-4,118,45,0
253,151,9,94,0,65,0,1,102,65,0
54,29,-18,86,1,17,7,26,46,42,1
280,256,9,96,1,79,1,0,1,100,0
85,44,-20,99,1,18,3,14,52,20,1
124,93,-13,73,3,43,7,20,60,53,0
98,23,-13,85,2,27,2,6,88,8,1
103,72,-8,87,5,30,2,18,37,56,1
81,59,2,92,1,21,3,15,22,78,1
77,38,-10,86,2,28,4,12,56,55,0
157,45,1,97,1,27,1,-6,180,37,0
99,93,4,83,2,33,3,-2,42,100,0
85,65,4,100,0,27,1,5,26,80,0
45,36,1,91,3,13,1,-4,14,84,0
101,60,-4,90,0,26,0,9,37,57,0
103,58,9,90,0,27,0,-5,56,70,0
68,22,-18,99,1,15,3,7,60,30,0
108,93,2,99,0,18,0,-8,40,85,0
57,46,20,99,0,26,1,-10,13,100,0
92,8,-8,96,1,21,2,14,86,7,0
67,48,3,81,1,23,1,2,19,79,0
147,102,-2,88,2,22,0,0,45,67,0
104,62,-7,87,1,18,1,7,32,40,0
32,18,-27,66,8,14,6,25,25,21,1
37,21,-23,97,0,10,7,28,30,48,1
48,45,-2,94,0,26,5,12,10,80,0
111,68,-5,96,1,38,1,12,39,57,0
251,205,1,96,0,41,0,5,7,75,0
75,29,-19,77,5,24,8,24,60,15,1
153,65,-6,84,2,40,2,2,91,48,0
308,227,6,99,0,78,1,-9,152,83,0
62,41,4,98,0,27,0,6,6,78,0
116,67,-12,95,2,35,4,12,52,55,0
165,114,-3,86,0,50,1,4,50,56,0
104,53,-11,83,1,27,8,20,77,32,1
68,43,-11,92,1,13,1,12,46,38,0
81,38,4,96,0,37,1,11,65,47,0
112,89,0,98,4,29,2,9,29,80,0
317,204,-10,78,1,66,3,9,165,37,0
162,147,-15,98,2,34,7,20,28,70,1
78,65,-17,75,6,19,5,13,16,69,1
116,70,-15,97,4,31,5,26,57,56,0
98,56,6,99,1,25,1,7,70,60,0
243,107,-17,92,1,51,3,16,159,28,1
132,30,-22,82,5,20,8,28,124,6,1
175,138,11,93,0,52,4,-3,55,92,0
131,79,-2,97,1,38,2,5,54,74,0
65,24,9,94,0,24,1,-2,41,57,0
96,64,-1,97,0,25,6,14,33,60,1
126,47,-7,86,1,33,4,8,106,29,1
106,90,-29,88,9,17,5,30,27,48,1
238,113,-26,77,2,30,3,11,126,31,1
35,13,1,95,0,24,5,10,34,44,1
105,63,-8,96,0,49,7,4,42,55,0
124,49,-10,87,0,33,2,8,72,18,0
69,59,-6,94,1,19,4,7,39,100,0
98,32,-7,89,0,20,1,5,69,23,1
157,128,3,88,0,44,1,-1,1,75,0
114,43,10,98,0,36,0,-6,42,43,0
151,67,-1,94,0,49,0,-1,101,39,0
189,72,-6,97,1,35,2,-1,130,35,0
79,73,-13,99,2,19,3,15,6,69,0
142,47,-6,98,0,27,1,0,89,27,0
154,99,-21,86,1,31,5,21,113,43,1
101,66,4,96,0,41,2,-8,61,72,0
42,33,-2,97,0,19,3,7,19,92,1
225,191,-25,93,5,25,8,22,48,60,1
108,13,20,100,0,35,0,-10,82,33,0
58,40,1,87,2,11,3,5,25,61,0
365,260,-11,94,1,60,8,13,105,50,0
236,173,6,95,1,50,1,5,63,65,0
68,43,-10,85,2,12,3,15,29,51,1
90,38,2,82,2,23,4,8,53,37,0
42,18,-2,92,1,17,1,-1,26,37,0
149,66,-10,93,3,31,4,10,72,34,0
175,112,-12,97,2,66,3,22,87,59,0
269,159,-7,97,1,60,1,4,124,66,0
76,56,12,98,1,24,2,3,34,76,0
44,40,3,98,1,16,3,7,4,89,0
105,20,-5,89,1,19,0,6,121,18,0
365,78,15,97,0,97,0,-4,180,26,0
68,31,-21,95,2,21,2,9,44,26,1
149,98,3,95,0,45,0,1,38,71,0
71,51,1,98,0,19,0,9,29,79,0
123,86,11,97,1,33,1,-6,20,79,0
87,73,-15,97,3,18,8,13,14,79,0
56,38,-3,98,2,17,5,14,18,73,1
175,148,-31,78,1,35,4,22,54,49,1
151,98,-20,43,20,20,3,25,30,41,1
46,8,-12,89,0,12,1,11,36,17,1
82,72,-19,82,2,17,3,13,14,70,0
101,88,16,95,0,22,3,-10,19,100,0
141,105,-5,94,1,38,2,7,33,60,0
127,33,-3,94,1,27,3,7,128,18,0
229,196,-1,97,1,36,0,-6,23,94,0
82,32,-8,92,0,18,8,15,57,34,1
61,48,-37,47,20,17,8,30,13,49,1
30,20,-1,88,0,14,0,8,17,66,0
234,69,-1,87,3,73,0,4,180,12,0
218,133,-5,95,3,35,2,2,72,44,0
92,75,-23,94,5,11,8,26,21,62,1
150,56,-8,97,3,19,2,7,76,27,1
199,166,14,97,2,40,0,-10,33,95,0
63,48,20,96,1,25,0,-10,16,96,0
188,100,-1,85,3,20,1,9,125,58,0
129,66,1,99,2,40,2,1,85,54,0
87,41,-22,94,2,14,3,16,38,23,1
179,135,-10,93,2,23,1,15,10,64,0
68,6,-14,59,12,18,5,22,59,0,1
78,43,-15,85,2,20,3,11,45,47,0
78,26,-5,89,2,27,2,6,43,39,0
238,105,-16,96,1,50,4,12,180,52,0
151,81,-11,87,2,22,3,12,70,42,1
80,59,1,91,0,24,3,9,34,66,0
82,49,-9,96,1,21,5,8,62,50,0
175,90,-3,94,1,28,1,2,107,53,0
99,60,-28,96,1,19,5,29,66,25,1
63,35,0,93,0,17,5,8,41,49,0
132,75,7,96,1,30,3,-3,89,69,0
216,139,13,98,0,99,1,7,34,85,0
97,17,0,95,3,30,0,-6,109,18,0
120,102,-8,75,4,29,1,14,11,52,1
80,31,8,96,0,21,1,-5,39,50,1
94,61,0,93,0,22,1,0,41,64,0
90,38,6,79,1,57,2,11,84,36,0
63,39,3,92,1,16,4,10,35,65,0
174,88,-12,99,0,21,0,14,104,32,0
49,42,-28,61,7,12,8,20,32,68,1
118,74,-2,95,0,27,0,6,44,62,0
115,67,7,99,0,24,2,-4,55,60,1
46,13,-6,98,0,9,1,-3,28,26,1
230,104,-5,91,0,63,1,3,144,33,0
130,54,9,94,3,48,1,-2,98,60,0
177,111,-3,90,2,46,2,9,124,58,0
44,13,2,98,2,14,0,8,41,33,0
48,34,-10,85,2,17,8,9,26,65,0
168,121,-15,92,2,52,8,30,30,62,1
124,77,-25,79,4,28,6,23,91,36,1
198,136,-11,97,1,34,8,21,62,61,1
90,84,17,98,2,24,0,-4,1,100,0
118,72,-13,85,1,20,3,13,16,46,1
78,69,10,98,0,27,0,-10,8,100,0
36,21,2,99,3,20,1,0,19,59,0
87,65,-1,90,1,24,1,3,27,81,0
205,134,0,97,2,42,0,3,89,57,0
83,51,-17,97,2,33,4,16,45,43,0
87,27,-9,90,0,32,5,20,72,33,1
180,69,-8,86,2,33,4,13,130,25,0
122,41,-4,90,2,27,1,3,84,43,0
66,33,-11,85,4,22,7,30,52,37,1
72,8,-18,83,1,17,3,20,80,0,1
122,84,-9,79,0,22,5,19,55,65,0
88,30,-2,95,0,19,0,5,76,32,0
218,99,-19,81,2,20,4,12,110,28,0
139,110,-5,94,3,29,4,18,26,81,0
59,34,-3,91,0,25,0,1,23,53,0
151,87,-4,79,2,30,2,3,64,60,0
95,56,6,97,0,29,1,-4,58,61,0
117,97,-13,93,0,48,3,6,52,77,0
140,119,-21,52,16,20,3,21,39,67,1
80,7,0,97,0,20,1,8,73,13,0
115,52,-10,93,0,23,4,6,88,36,0
150,107,14,94,1,48,2,3,32,87,0
203,74,-19,85,5,33,6,18,180,11,0
140,36,14,93,0,58,0,-10,95,56,0
223,134,11,94,0,91,2,-5,62,67,0
106,52,4,95,0,21,5,2,58,53,0
314,241,-20,93,2,49,7,18,87,53,1
104,87,8,91,2,36,1,-1,1,90,0
85,61,3,90,1,27,0,5,28,75,0
294,181,-14,81,0,50,3,10,135,60,0
263,138,3,96,0,70,4,8,180,75,0
131,13,-2,99,0,23,0,3,121,13,0
150,68,-10,99,4,33,3,13,103,35,0
98,69,6,98,0,20,1,-2,25,75,0
189,132,-10,98,2,29,4,21,70,59,0
248,125,20,97,0,100,0,-1,106,73,0
91,55,2,93,0,29,1,14,70,75,0
127,110,-16,96,5,21,5,19,44,72,1
141,35,-13,95,3,27,5,22,89,21,1
101,69,-14,90,4,25,7,16,41,53,1
168,93,7,93,3,43,0,5,69,67,0
81,44,-7,95,0,14,1,5,35,48,0
69,32,-17,96,0,15,4,10,50,38,1
126,33,-6,78,3,19,1,11,119,21,1
203,139,-11,91,1,43,7,7,90,47,0
176,54,-14,98,1,23,7,23,132,22,1
365,188,-10,95,0,63,2,4,180,51,1
130,65,-3,87,1,30,1,2,51,45,0
167,98,-22,73,4,25,6,18,111,56,1
221,129,-5,97,0,33,1,16,108,63,0
80,61,-15,91,1,16,1,5,36,72,1
51,33,-3,78,5,18,1,10,21,57,0
136,62,4,98,0,39,2,1,97,57,0
164,49,-8,96,1,48,0,9,109,39,0
99,47,-9,94,1,11,1,8,49,47,0
117,80,9,97,1,57,3,-1,26,73,0
141,37,2,89,0,40,1,5,96,42,0
60,6,-13,82,5,19,4,14,65,0,0
122,55,-4,78,4,20,1,6,98,39,0
97,24,-31,68,15,13,8,30,111,0,1
69,16,-13,95,1,20,2,4,51,3,0
146,75,3,94,3,44,2,7,71,47,0
78,51,-16,85,4,13,3,15,41,50,1
90,67,-9,98,0,31,3,10,23,79,0
252,180,-14,77,3,61,4,9,74,62,0
36,13,-3,93,2,14,2,1,28,45,0
189,94,-8,95,1,42,8,20,163,31,1
137,106,-11,93,0,19,2,12,32,49,1
114,77,-22,87,4,20,6,24,50,39,1
141,114,-16,94,2,25,0,8,39,54,0
124,97,-3,95,2,24,4,4,48,82,0
140,72,-11,91,4,35,4,17,91,47,0
123,49,2,86,1,37,1,6,110,43,0
123,73,7,96,1,29,0,-10,70,72,0
137,123,-4,98,2,22,3,6,30,92,0
155,40,-3,93,2,39,2,5,140,31,0
104,60,-4,99,1,15,0,4,44,53,0
233,152,-11,76,3,50,3,18,71,49,1
88,51,-8,89,1,20,4,18,35,53,0
118,49,-40,76,9,15,8,30,81,0,1
109,31,-6,98,1,24,0,1,87,27,0
102,68,-15,82,5,22,8,21,41,51,1
45,39,-19,88,1,13,6,25,1,70,1
65,50,-8,88,0,17,1,8,12,73,1
73,54,-2,99,1,21,3,0,27,80,0
319,227,4,92,0,76,2,14,146,61,0
206,192,-23,80,7,19,8,24,14,69,1
41,27,-3,94,0,11,2,3,17,59,1
191,43,14,99,1,82,0,-8,150,34,0
182,39,-9,95,1,23,2,1,165,12,0
47,36,-7,92,1,27,1,3,27,69,1
47,16,-4,94,0,24,3,8,34,30,0
249,229,6,93,4,54,1,12,31,89,0
140,39,2,98,0,64,0,11,83,28,0
95,48,-13,92,3,17,7,17,66,39,0
104,73,-22,87,4,19,7,20,55,45,1
38,24,-6,92,0,12,1,16,14,66,1
93,68,-6,90,0,21,3,14,38,69,0
242,127,2,88,3,27,3,5,131,45,0
102,32,-1,97,4,40,0,12,70,44,0
215,82,6,95,0,75,2,-10,135,31,0
135,51,-7,96,1,22,1,9,88,25,0
365,166,6,99,0,73,5,4,180,42,0
134,94,-10,68,3,22,3,5,55,66,0
94,76,-10,94,2,33,4,19,36,79,0
55,13,0,96,3,20,2,3,38,26,1
60,14,-3,94,3,12,1,3,53,22,1
156,103,-5,85,2,58,1,5,37,61,0
365,308,-9,95,0,45,3,8,71,66,1
365,101,-5,89,0,31,1,1,180,15,0
217,49,4,97,0,41,0,8,179,19,0
135,42,15,95,0,46,1,-10,91,37,0
133,68,-15,94,4,40,2,15,63,38,1
127,48,-11,89,2,21,3,7,79,28,0
138,71,14,98,0,42,1,-10,80,54,0
103,100,6,99,0,43,2,-4,16,100,0
151,62,-14,88,5,22,3,19,127,37,1
38,7,2,91,1,19,2,5,48,16,0
30,8,-10,81,0,6,1,6,27,1,1
181,36,12,97,0,57,0,-10,142,24,0
157,40,-12,84,4,24,7,19,180,7,0
111,48,-2,94,2,32,4,3,47,31,0
88,54,-9,93,2,14,1,13,34,48,1
216,119,-13,96,1,32,3,22,86,52,0
181,149,-2,85,1,32,3,-1,1,74,1
74,22,-25,87,2,20,8,30,89,10,1
123,43,-15,86,3,31,5,18,104,3,0
91,9,-10,95,0,18,1,8,90,0,0
109,89,-12,87,1,11,2,10,46,82,0
346,310,-5,83,3,53,1,2,15,90,0
52,35,0,96,0,29,1,-4,16,51,0
156,137,-24,78,2,16,6,17,72,68,1
93,52,-9,99,0,22,3,8,56,53,0
246,187,-5,92,3,65,4,12,36,75,1
71,18,-8,90,0,27,5,10,38,17,1
209,115,1,91,2,47,2,9,151,68,0
35,14,4,97,2,17,0,7,23,45,0
47,44,9,96,1,17,0,-4,1,100,0
71,39,-14,70,2,13,1,6,37,37,0
192,63,-7,95,1,31,0,12,149,21,1
51,39,6,94,1,12,0,-10,9,76,0
292,82,-2,86,1,90,2,4,180,17,0
176,37,-16,92,2,34,2,19,156,7,0
30,12,1,97,1,12,2,11,21,25,0
116,71,-15,83,2,21,1,9,59,40,0
97,25,3,91,0,25,2,3,61,34,0
77,16,1,90,2,18,2,-3,81,25,0
103,45,4,93,0,24,2,9,81,50,0
142,40,3,96,1,35,0,-3,66,34,0
30,25,-11,94,2,16,5,10,6,66,0
143,86,-14,83,2,27,5,18,84,39,1
146,121,-5,95,3,35,1,-3,47,77,0
229,162,-10,96,2,44,1,8,13,55,1
96,64,7,96,0,19,1,-6,26,60,0
31,22,-18,88,6,12,3,27,15,44,1
62,53,12,92,1,15,0,-10,1,98,0
157,75,9,93,0,45,0,-6,68,61,0
114,71,-16,76,3,38,5,25,67,43,1
146,83,5,97,0,24,1,-2,26,60,0
33,10,2,95,2,16,2,-1,28,38,0
98,85,-6,68,3,26,8,9,44,85,0
196,165,4,94,2,25,3,6,17,70,0
139,36,-4,94,0,28,5,10,113,0,0
61,55,20,99,0,18,0,-10,19,100,0
130,63,2,73,3,30,1,6,67,47,0
71,37,-1,100,1,31,4,12,44,51,1
125,35,-3,97,0,24,2,8,68,15,1
92,74,9,91,2,25,0,-10,32,91,0
126,29,-9,95,1,22,4,15,97,13,1
303,190,5,97,0,100,1,-10,113,65,0
97,69,-12,98,1,19,4,23,24,56,0
161,39,-2,97,2,49,2,-4,122,29,0
55,29,17,93,1,25,0,-8,30,62,0
166,78,11,95,2,52,0,0,99,52,0
77,60,-9,97,3,26,4,19,32,67,0
93,52,-28,95,2,17,8,25,54,32,1
64,55,3,85,2,23,2,13,24,76,0
100,85,0,93,0,23,3,1,49,76,0
248,53,-28,69,8,20,3,27,180,2,1
125,89,-30,54,20,20,8,30,80,42,1
85,18,8,90,0,31,1,1,75,30,0
39,6,4,95,0,20,1,-3,30,16,0
81,45,-10,89,4,22,2,9,37,39,1
217,109,-6,96,1,33,3,8,115,47,0
128,53,11,89,0,17,0,-4,91,47,0
114,49,2,97,1,29,0,8,50,36,1
181,117,-8,92,0,23,3,8,19,40,1
109,32,-9,96,1,18,1,12,89,14,1
86,34,7,98,0,30,2,6,52,42,0
60,30,14,96,0,35,2,-5,43,62,0
85,24,-10,77,3,16,3,21,49,24,1
107,76,0,94,1,41,1,11,30,76,0
127,93,-14,85,3,22,4,14,34,37,1
100,52,13,98,0,25,1,-10,36,72,0
82,18,-6,97,1,18,2,6,83,21,0
143,114,-25,66,11,15,8,30,27,46,1
238,34,-3,93,1,38,3,5,180,5,0
149,136,16,96,0,39,1,0,20,100,0
62,15,-5,61,2,13,1,11,53,28,1
92,12,1,94,2,24,2,14,92,14,0
67,52,-6,94,1,23,0,0,13,62,0
90,67,-9,80,4,28,2,6,19,76,0
160,99,-8,90,0,31,5,7,61,52,1
108,31,8,94,0,56,2,1,93,31,0
111,57,3,89,0,36,2,0,54,50,0
62,49,-9,95,1,8,1,10,13,75,0
172,51,-6,99,0,72,4,8,136,33,0
183,147,-13,85,3,32,6,16,76,66,0
140,81,2,84,0,46,0,2,95,69,0
41,34,-17,88,3,19,6,20,7,66,1
152,134,13,96,0,31,1,-10,49,100,0
49,46,-18,89,1,10,7,19,9,77,1
87,32,-4,98,0,22,3,8,69,41,0
150,127,1,98,0,46,1,7,14,84,0
365,245,-5,85,2,59,4,11,180,77,0
125,117,4,88,3,34,1,10,29,100,0
296,133,0,93,2,58,0,6,180,44,0
159,66,-9,69,7,19,7,19,103,33,1
217,186,-2,96,0,45,1,4,41,91,0
221,158,-23,97,0,26,5,12,99,41,1
84,55,-1,98,2,21,1,-5,35,58,0
365,126,6,97,1,50,3,-1,180,41,0
72,38,-6,97,1,10,0,8,35,50,0
109,46,-16,94,2,17,8,11,71,21,1
54,52,-8,91,1,12,4,-4,17,71,1
62,43,-30,97,5,19,8,18,50,47,1
91,68,-18,73,6,26,7,27,30,65,1
65,41,-16,58,10,22,5,19,27,43,1
77,7,-5,93,1,18,3,10,80,15,0
91,80,-7,94,1,15,4,11,9,76,0
112,97,-3,99,1,26,3,5,42,82,0
98,85,-8,100,1,13,2,0,37,87,0
149,70,-7,82,2,17,1,10,60,39,1
341,221,-8,98,0,34,0,10,117,56,0
200,137,-13,99,1,19,0,7,80,52,0
52,32,3,96,0,13,0,2,16,68,0
193,115,-18,83,4,71,7,25,80,41,1
132,94,1,97,1,36,0,1,60,66,1
121,49,-2,91,1,29,3,12,78,33,0
77,46,-8,94,1,21,1,15,31,56,1
108,41,0,91,0,34,3,5,88,32,0
136,88,-9,97,0,18,2,6,85,58,1
73,56,-13,69,5,9,7,20,27,79,0
102,31,-6,91,1,27,8,18,83,27,0
40,21,3,100,0,24,0,1,23,65,0
128,77,12,92,0,38,0,-10,43,81,0
137,102,8,95,1,46,1,5,36,90,0
242,222,-9,87,3,42,4,15,13,83,1
132,56,-20,87,1,16,3,18,78,28,0
95,29,15,100,0,26,0,-10,73,50,0
60,25,-2,65,7,27,0,13,39,46,0
109,56,-20,90,2,22,5,23,44,22,1
106,32,6,99,1,22,2,-2,80,47,0
107,69,-24,86,8,34,8,25,54,42,1
62,29,-4,97,1,18,1,19,18,49,0
98,73,-5,94,1,16,1,11,37,71,1
125,37,-12,87,0,21,4,9,88,13,1
108,45,-20,94,4,14,4,21,85,19,1
148,92,4,95,0,34,5,2,91,67,0
179,89,-5,97,4,32,5,18,79,41,1
66,51,-16,88,2,20,8,16,34,63,1
101,54,-18,90,3,21,8,27,64,29,1
134,74,6,93,0,27,4,3,65,52,0
99,70,2,99,1,22,2,7,27,76,0
155,64,-2,91,0,37,2,14,80,40,0
97,55,16,99,0,20,0,-10,68,73,0
270,109,-4,91,1,72,3,-9,180,37,0
70,40,-5,93,0,16,5,15,30,56,1
46,13,-4,98,0,22,2,16,34,31,1
104,85,6,95,0,47,0,-4,14,82,1
86,49,-9,97,3,22,5,12,36,48,1
119,95,-12,71,9,24,3,12,29,63,0
65,40,16,99,1,61,1,-8,23,79,0
198,37,-6,86,1,21,4,11,131,9,0
98,58,15,96,0,24,0,-10,62,74,0
152,78,-9,94,0,31,3,11,92,40,0
115,28,-19,88,6,21,4,23,103,1,1
118,45,-16,99,3,20,4,19,100,24,0
57,46,-19,90,1,13,8,30,19,51,1
87,51,-14,93,2,13,1,11,14,49,1
49,12,-17,90,0,9,7,26,55,0,1
92,69,-11,99,1,12,1,13,23,52,1
110,34,-11,71,4,13,0,12,85,16,1
79,62,-11,83,4,16,6,14,17,62,1
130,117,-2,99,0,46,2,9,24,90,1
111,47,-7,95,1,16,2,7,74,31,0
50,17,-13,92,4,16,3,19,40,19,1
116,40,-7,96,0,26,1,8,68,25,0
97,59,-15,71,2,20,7,24,77,51,1
50,34,-8,96,1,13,3,6,20,48,1
137,114,11,99,1,38,4,-8,42,81,0
43,27,19,97,0,27,1,-7,26,81,0
143,83,10,96,1,35,3,-6,34,68,0
39,25,-13,88,3,19,1,15,5,51,1
100,68,-17,88,2,18,3,8,62,50,1
88,30,-13,74,1,15,2,4,61,18,1
112,52,-12,98,0,19,3,9,71,40,0
169,76,7,89,0,62,2,5,120,47,0
131,96,-3,92,0,28,5,11,35,89,0
208,133,-6,79,4,49,6,14,76,55,0
69,51,-22,78,4,14,8,26,33,48,1
146,85,0,85,1,23,0,-5,48,65,0
46,31,2,89,0,15,1,-3,19,90,0
58,38,-8,91,1,22,3,9,35,65,0
114,30,-1,99,0,30,0,1,116,28,0
95,66,-8,92,2,15,6,14,39,60,1
89,61,-34,40,20,17,8,30,33,24,1
127,56,-1,84,1,26,0,-3,81,49,0
260,59,-21,95,1,44,5,11,180,0,1
89,78,-7,94,2,32,3,3,17,88,0
96,41,9,90,2,50,2,-5,55,47,0
125,24,2,96,1,25,0,-8,110,29,0
171,96,-8,93,2,32,1,6,82,49,1
107,61,-8,90,0,28,4,11,56,54,0
95,49,-5,92,1,22,3,-4,37,54,0
79,31,-22,98,5,20,4,15,52,17,0
69,58,-2,91,3,20,4,3,34,86,0
65,37,-12,90,2,23,7,12,39,47,1
95,40,-20,82,2,14,5,27,55,32,1
112,70,-29,92,2,17,8,30,42,37,1
167,123,-11,79,5,30,8,13,54,63,0
138,36,-2,97,0,26,2,6,124,23,0
35,28,6,87,1,27,2,3,7,75,0
107,33,-5,92,2,17,2,12,63,21,0
71,14,-3,98,0,25,1,2,63,15,0
118,64,4,95,0,55,2,2,39,58,0
70,29,-2,79,4,16,2,13,51,44,0
133,83,-6,99,0,27,2,15,58,62,0
222,76,-8,96,0,31,0,5,124,38,0
87,71,-2,90,0,14,4,-6,28,83,0
146,17,-16,85,4,30,1,1,173,0,1
75,17,-14,90,3,23,1,18,68,4,1
55,26,-25,76,6,15,5,26,44,27,1
147,107,5,88,3,46,0,8,61,77,0
160,95,-10,74,5,40,4,22,65,55,0
87,36,-9,94,0,25,1,7,51,35,0
92,49,-3,94,0,24,1,2,43,50,0
88,76,-4,100,1,15,5,6,17,78,0
162,52,-7,97,0,40,1,13,104,24,0
198,87,-6,83,2,42,0,1,105,44,0
94,17,10,94,0,40,1,-10,77,33,0
80,28,16,92,1,24,0,-10,57,46,0
184,38,0,88,1,37,1,8,146,27,0
59,46,14,87,1,31,1,-10,10,94,0
87,30,2,89,0,19,1,1,64,26,0
62,47,-5,99,1,19,4,8,22,58,0
152,94,-15,83,4,25,7,21,98,53,1
133,89,1,96,2,21,1,9,11,72,0
66,48,-15,87,1,17,1,6,12,62,0
80,44,-18,92,3,25,5,18,33,40,0
53,19,-1,99,1,10,0,-2,37,31,0
134,50,-5,96,2,42,8,14,84,28,0
92,12,2,98,1,24,0,-1,79,9,0
61,33,2,99,1,22,3,14,45,53,0
228,126,-9,96,0,27,2,10,151,44,0
90,35,-24,70,7,15,4,25,41,19,1
84,46,-30,94,0,13,8,30,32,21,1
163,82,5,99,1,52,0,5,90,53,0
118,82,3,96,0,27,1,-7,57,65,0
365,240,-8,90,2,64,5,6,177,59,0
127,25,2,97,0,29,2,4,116,18,0
115,51,-13,81,0,24,1,5,54,22,0
72,67,5,97,1,33,2,2,5,100,0
90,43,-21,98,1,26,5,23,62,28,1
93,80,-7,86,4,20,2,2,21,72,0
219,90,-11,94,3,19,1,19,135,28,0
76,15,8,99,0,27,3,3,61,26,0
260,74,5,94,0,80,1,-5,156,39,0
44,34,-6,97,0,10,1,-1,16,75,0
255,222,4,95,1,37,1,-7,71,95,0
116,88,-13,98,2,24,4,21,38,53,0
103,80,0,91,0,38,1,-2,27,74,0
30,17,3,94,2,14,2,-6,17,58,0
91,58,12,99,0,29,2,-9,44,69,0
208,68,2,92,0,35,3,2,165,31,1
52,29,11,92,0,16,0,-10,26,68,0
116,51,-5,95,1,20,0,3,96,39,0
148,127,-12,91,1,45,4,13,33,77,0
82,61,-20,82,3,14,6,6,38,40,1
76,69,-11,87,0,20,4,22,1,80,1
85,59,2,87,3,26,4,6,47,70,0
90,23,-17,70,11,27,8,19,71,0,1
95,35,10,98,0,29,1,-6,37,54,0
95,50,13,99,1,36,0,-9,50,70,0
255,185,1,96,0,36,1,14,42,80,0
134,51,-8,97,0,25,1,6,90,27,0
175,144,10,98,0,46,1,-10,27,87,0
96,75,-12,94,1,23,3,13,21,62,1
322,118,9,97,2,62,3,-5,180,53,0
116,67,13,98,1,54,0,-10,54,65,0
170,140,-10,90,1,47,1,12,81,60,0
172,71,-13,92,1,28,2,12,102,21,0
69,58,-8,66,4,11,4,5,19,80,1
195,131,-3,94,2,37,3,8,132,62,1
70,60,-20,90,4,15,5,30,23,68,1
177,113,-18,78,3,40,7,27,81,44,1
65,25,14,95,1,18,2,5,57,66,0
124,71,7,95,3,35,3,1,70,60,0
328,226,-10,74,5,58,3,10,113,58,0
58,13,-5,94,1,20,1,4,40,5,1
123,31,5,94,0,20,0,-1,94,36,0
187,141,-5,100,0,46,3,14,64,90,0
137,29,6,94,0,25,0,-10,74,24,0
71,40,2,95,0,22,1,-2,19,58,0
73,55,-7,92,4,29,3,6,23,68,0
60,23,-7,84,4,19,5,10,64,34,1
94,33,-21,97,3,25,4,15,78,22,1
30,18,3,92,0,13,0,2,14,57,1
172,74,5,94,2,33,0,-7,91,45,0
154,85,0,99,0,20,0,-4,30,46,0
167,79,-4,100,1,38,4,5,81,41,0
111,65,4,93,1,44,3,7,46,66,0
43,38,-5,97,2,33,6,11,9,94,1
180,154,17,99,0,28,0,-10,1,100,0
154,129,-16,72,8,53,4,20,20,61,1
363,138,-10,75,4,59,4,12,180,39,0
83,10,20,97,1,26,1,-10,77,34,0
201,120,-17,68,5,35,2,14,31,42,0
160,65,1,95,1,40,1,3,135,44,0
58,51,-1,99,0,15,2,13,9,70,1
157,100,-5,97,0,18,1,7,95,60,0
146,64,-11,94,2,45,6,19,119,32,1
156,46,-2,93,1,21,5,8,98,22,0
146,84,-8,92,1,20,8,15,74,42,0
46,11,-6,85,1,25,6,4,39,23,1
365,270,-3,92,2,63,2,-2,106,76,0
35,20,8,95,2,31,0,-5,18,71,0
178,38,-4,75,5,57,6,19,165,11,1
87,51,3,87,0,19,0,-2,55,65,0
74,50,-17,84,4,14,8,20,24,53,1
83,44,0,97,0,18,2,-10,38,49,0
64,34,-4,87,1,27,3,12,31,45,0
86,40,-3,87,3,28,2,10,41,43,1
116,56,-6,79,2,31,1,6,79,27,1
57,53,-16,94,0,9,1,7,31,71,0
81,66,-1,98,0,23,1,14,21,74,0
141,74,-5,90,2,23,3,10,92,32,0
112,48,-1,86,2,27,2,6,78,46,0
120,48,-8,87,3,34,4,7,78,34,0
81,70,-1,86,3,17,3,7,1,74,0
52,37,-6,69,4,13,3,9,15,56,1
140,117,13,99,0,57,1,-10,28,82,0
113,65,-13,98,4,20,3,22,48,33,1
134,47,-21,55,10,18,6,18,111,7,1
146,58,-6,95,2,34,1,4,52,46,0
158,63,-7,85,1,31,5,16,88,54,1
251,143,-16,59,5,32,2,21,83,42,1
293,177,-5,93,0,46,1,14,74,44,0
49,23,-19,70,5,25,7,30,24,33,1
114,73,-13,82,2,23,2,14,47,51,0
79,33,3,92,1,22,2,-6,47,47,1
65,26,10,93,0,25,1,-4,55,56,0
150,102,-2,93,2,21,4,15,67,57,0
105,31,-22,73,4,16,7,14,53,8,1
88,28,-4,95,1,24,1,7,71,39,0
308,283,-23,74,8,80,8,29,80,63,1
227,159,0,91,2,44,1,5,118,82,0
98,28,-10,77,1,25,2,12,90,14,1
81,29,14,98,0,35,0,-4,59,36,0
125,68,-3,96,2,35,1,4,48,44,0
82,71,6,88,2,26,2,6,30,90,0
71,36,-8,86,2,18,2,8,46,33,0
79,26,-9,96,1,19,2,13,56,24,0
342,148,20,95,1,100,2,-9,108,67,0
59,15,1,97,1,18,2,1,40,23,0
98,34,0,92,2,28,0,-2,59,20,0
190,73,-15,91,4,43,1,5,70,34,0
103,54,1,93,0,24,1,0,49,47,0
111,65,-7,88,4,21,6,18,62,48,0
74,46,-8,98,3,21,4,10,39,59,1
79,21,12,95,1,19,0,-10,51,38,0
116,65,-28,68,8,20,8,28,64,31,1
137,125,-28,53,20,21,8,30,15,63,1
115,75,-10,97,1,26,5,5,67,61,0
82,17,5,90,3,27,1,-9,63,25,0
148,74,0,92,2,32,0,4,60,52,0
171,84,-12,99,2,31,2,10,62,37,0
99,55,-1,87,0,36,2,-1,44,55,0
265,172,-4,95,0,34,2,-5,112,57,0
132,47,-13,88,0,25,3,13,103,25,0
115,35,16,97,1,30,0,-10,91,54,0
128,35,-2,91,1,25,4,9,124,31,0
128,85,9,74,1,36,0,-1,66,94,0
83,42,15,99,1,33,0,-10,23,56,0
58,30,3,97,0,22,1,5,28,55,0
104,92,-7,96,1,22,1,11,14,73,1
98,49,-13,91,0,23,4,13,47,37,0
117,64,0,98,0,31,1,-2,32,57,0
262,160,3,94,0,61,3,6,102,60,1
69,46,-22,80,3,17,6,13,33,51,1
86,63,-9,100,0,35,1,0,16,64,0
187,76,5,87,2,38,1,-5,103,52,0
212,126,-9,89,3,38,2,9,91,60,1
235,88,-9,94,1,68,1,7,108,34,0
365,127,-18,96,0,46,5,15,180,5,1
98,28,-9,81,1,20,2,4,62,3,0
168,55,-16,64,5,43,2,6,98,21,1
132,105,-19,79,7,28,8,19,44,60,1
107,87,15,87,1,59,1,-4,39,91,0
163,35,0,99,0,29,1,11,129,25,0
103,76,10,98,0,26,2,-5,4,83,0
87,20,7,98,1,18,0,4,71,29,0
107,54,-8,95,0,18,1,1,31,48,1
34,11,-17,98,2,9,4,23,36,5,1
168,147,-22,86,1,20,7,19,21,61,1
105,46,-9,98,1,23,3,7,57,29,1
164,91,-6,95,2,26,2,6,32,51,0
183,34,-1,96,1,42,4,6,180,17,0
42,25,-5,99,0,10,0,-3,22,50,0
74,32,8,98,2,18,0,-7,44,55,0
101,95,-2,96,0,27,2,-6,32,91,0
71,34,7,95,0,22,1,-4,33,50,0
198,175,12,93,0,64,0,-4,49,100,0
70,40,-18,90,3,23,6,14,39,30,1
350,65,7,95,0,100,3,3,180,26,0
102,63,0,90,0,25,6,8,26,58,0
60,13,0,94,0,14,0,-3,59,21,1
316,72,-7,98,0,54,0,3,180,15,0
130,74,-7,88,2,47,4,12,61,49,0
212,174,0,78,4,71,2,1,44,79,0
68,22,-15,88,2,14,7,15,78,11,1
155,87,-2,79,3,37,3,8,68,57,0
129,107,0,94,0,27,0,5,22,99,0
170,97,16,94,0,46,1,-10,94,60,0
39,20,0,93,2,13,2,4,31,51,0
131,98,8,99,0,29,0,-10,21,77,0
107,81,-2,93,1,28,2,4,26,71,0
118,98,-32,76,6,16,8,30,50,55,1
90,69,-13,94,0,25,8,16,18,59,1
112,41,-19,81,2,20,7,17,72,13,1
114,76,2,82,1,45,0,3,18,65,0
118,83,-10,93,1,18,2,6,29,44,1
39,32,-12,92,2,11,5,14,17,75,1
78,71,-8,89,5,24,7,6,22,85,1
128,62,2,85,1,20,1,6,77,50,0
87,26,9,99,0,51,3,-1,73,48,0
176,45,-2,97,0,48,1,0,136,28,0
58,6,-6,98,0,16,2,-1,42,17,1
228,66,-1,93,1,62,2,5,180,27,0
49,23,8,97,1,25,0,-10,38,41,0
234,142,-21,97,1,34,1,19,52,41,0
48,37,-11,96,0,12,5,11,10,62,0
104,33,-1,99,0,42,3,7,78,30,0
70,10,-4,96,2,17,2,10,47,27,0
157,49,7,86,2,33,0,1,96,46,0
95,33,-22,88,1,14,8,30,83,9,1
188,112,-2,88,0,34,6,3,79,62,1
115,72,-22,71,9,25,3,14,88,41,1
217,92,2,97,0,26,0,-6,71,40,0
142,94,19,99,0,58,1,-9,32,86,0
128,26,-7,99,1,29,2,5,137,16,0
97,59,-21,92,2,18,2,20,54,36,1
59,49,11,99,1,27,1,-10,15,98,0
164,45,-17,100,2,36,3,12,143,10,0
53,31,5,99,2,21,1,-10,29,57,0
226,138,-17,91,3,33,6,30,61,46,1
293,227,-3,77,4,60,3,7,77,82,0
33,19,2,89,0,12,1,-10,17,61,0
365,55,-15,86,1,50,2,11,180,0,0
158,72,10,92,1,46,2,11,76,53,0
131,105,-12,87,0,18,5,8,31,78,0
89,58,-12,69,3,21,5,15,30,52,1
52,13,-10,76,4,19,3,13,63,30,0
82,57,-10,90,1,27,6,14,43,56,0
154,50,-18,94,2,21,8,29,106,29,0
336,123,-18,95,3,28,4,19,180,18,0
68,35,1,87,2,16,1,8,23,54,0
118,67,-19,83,3,16,8,30,72,32,0
258,133,-21,85,1,64,7,24,180,31,1
117,94,3,99,0,31,2,5,53,78,0
97,83,5,98,1,27,5,5,18,91,0
61,58,-12,92,1,18,5,19,17,82,0
81,42,20,93,0,45,0,-10,35,68,0
30,16,-5,79,2,12,0,7,12,43,0
55,21,-9,90,0,20,1,0,43,34,0
131,95,1,88,1,30,2,0,43,55,0
74,27,-7,92,0,36,3,2,54,35,0
64,30,-16,92,1,14,4,6,34,29,1
61,32,-2,99,1,20,1,12,31,52,1
53,28,-7,94,2,15,2,9,22,46,0
167,73,-5,97,1,44,1,-2,86,52,0
121,78,-9,98,1,32,4,6,44,63,0
74,51,14,98,2,22,0,-10,27,72,0
117,65,4,90,0,32,0,-8,49,60,0
114,17,2,88,1,26,2,6,108,28,1
74,43,20,98,0,24,0,-10,28,87,0
229,160,-18,100,3,34,8,19,58,56,1
104,24,-9,95,1,27,3,8,90,16,1
78,33,4,96,1,31,0,-4,40,44,0
91,33,0,88,0,20,2,-10,63,42,0
171,40,-13,98,2,31,0,13,163,7,0
82,52,-36,80,5,18,8,22,30,16,1
153,34,9,91,1,32,0,1,128,37,0
80,32,-9,78,2,20,4,-1,65,37,1
241,170,-3,79,2,53,3,10,71,58,1
118,66,2,91,1,35,3,-7,24,51,0
81,8,5,96,1,12,0,-9,72,9,0
94,51,1,88,1,34,3,14,58,50,1
62,46,-40,72,12,7,8,30,28,38,1
201,147,7,98,0,45,3,9,84,75,0
214,153,-17,81,1,41,6,25,75,52,0
79,65,-19,87,3,16,6,14,30,68,1
121,46,-4,90,1,32,2,16,50,32,0
97,8,-9,98,0,19,4,6,98,1,1
87,66,-14,99,0,18,2,6,42,65,0
89,40,-17,92,4,11,0,26,40,18,1
192,161,-15,95,0,28,7,28,31,64,0
169,84,-1,90,1,49,2,3,85,51,0
83,57,-3,96,0,21,3,4,26,71,0
114,25,-3,84,1,37,2,9,96,14,0
75,55,-7,97,1,22,5,16,43,65,1
365,165,-23,75,5,48,8,30,180,13,1
115,68,-2,87,0,24,1,-4,90,54,0
113,35,-23,40,20,38,4,21,87,11,1
43,31,-34,69,7,6,8,30,20,39,1
133,40,-5,99,2,23,1,4,76,22,0
230,128,2,96,1,50,0,6,117,65,0
92,55,-11,96,2,10,2,13,72,59,0
174,55,16,93,1,48,0,4,84,47,0
130,54,-10,93,0,26,4,12,68,20,1
75,35,-12,94,0,24,5,18,39,38,1
166,140,-6,89,3,43,3,12,68,80,0
60,16,-20,97,4,21,6,20,39,0,1
120,31,9,95,1,50,1,-5,88,39,0
90,55,-36,40,20,10,8,30,57,32,1
134,49,-5,88,1,21,4,5,68,34,1
57,42,-23,86,1,19,8,21,26,48,1
278,38,-5,90,0,33,2,16,180,17,0
101,93,-7,93,2,31,1,10,10,81,0
84,56,4,97,1,22,1,0,28,66,0
118,66,-17,90,2,23,4,24,91,30,1
69,59,2,97,2,16,1,14,1,85,0
86,12,-5,92,0,19,0,9,65,8,0
144,48,-18,71,6,40,2,9,78,7,0
232,129,-7,89,1,37,3,9,45,51,1
97,23,2,97,0,19,3,-6,63,10,0
112,35,-3,93,2,31,6,9,77,30,0
168,141,-10,89,2,28,2,12,38,66,0
113,80,8,97,1,29,4,-3,52,78,0
91,81,-12,100,1,9,4,18,25,75,1
160,39,-1,91,0,47,2,2,140,22,0
83,44,-12,79,1,20,4,11,53,45,0
76,65,-9,80,1,17,1,15,12,86,0
161,140,-5,79,0,30,4,0,53,71,0
114,40,13,91,1,66,0,-7,60,59,0
133,67,-9,94,1,57,4,12,55,49,0
107,61,-26,86,4,25,8,29,61,41,1
110,88,-9,80,5,28,6,13,16,74,0
50,46,4,97,1,15,0,1,4,100,0
262,187,-19,95,1,34,8,16,97,64,1
53,32,-15,95,2,12,5,12,15,43,1
49,27,-7,88,1,20,3,4,25,52,0
100,82,18,95,1,29,0,-6,20,100,0
179,118,1,95,1,29,1,-10,83,66,0
106,77,-5,89,0,16,1,3,49,86,0
182,165,-6,88,2,43,3,18,31,96,0
182,156,-15,99,1,30,5,18,65,66,0
60,28,4,99,0,16,1,-7,37,47,0
104,40,-26,77,4,17,8,26,89,16,1
63,31,-1,93,1,23,0,-5,32,36,0
108,60,-25,40,20,24,8,22,101,35,1
30,5,-30,44,17,15,5,30,25,0,1
155,129,-9,82,4,46,3,12,85,82,0
45,37,0,94,2,16,3,3,17,78,0
216,66,-14,94,5,58,3,17,180,16,1
118,81,5,96,2,27,3,-3,38,74,0
83,54,-22,90,7,13,8,30,35,38,1
138,46,12,99,0,35,0,-8,103,27,0
143,85,-7,64,5,20,6,9,22,62,0
90,46,-1,93,3,26,0,-1,58,47,0
193,80,-4,98,2,53,2,-3,98,47,1
37,12,-29,45,20,12,8,30,30,6,1
63,37,2,97,1,18,0,-7,11,53,0
128,122,-40,40,20,12,8,30,3,47,1
216,122,8,93,0,53,0,-10,82,78,0
169,88,-35,55,19,25,7,30,90,21,1
115,49,3,99,0,39,0,-9,65,49,0
86,68,16,99,0,14,0,-10,8,88,0
136,76,2,98,1,12,2,-1,103,56,0
81,36,2,91,0,11,0,-9,46,42,0
81,36,-10,67,6,16,5,15,48,33,1
84,26,-4,95,1,21,0,4,49,25,0
99,39,-19,90,3,14,7,22,56,28,1
119,57,-6,77,4,39,4,8,77,43,0
125,43,-10,84,1,18,6,13,72,16,1
131,99,-2,95,1,33,3,9,32,70,0
92,56,11,97,0,29,1,-4,27,75,0
60,47,-4,92,0,15,4,-9,32,63,0
99,31,-2,85,3,31,2,1,70,23,0
87,69,13,94,0,37,1,1,35,100,0
83,72,-9,96,1,17,2,19,18,63,0
334,134,-9,98,2,67,4,18,180,35,0
156,61,10,98,0,25,0,-4,91,49,0
266,171,8,93,1,67,0,1,95,60,0
107,61,-15,86,4,23,2,23,28,42,1
174,62,-8,92,1,33,1,17,112,14,0
204,84,-7,97,1,23,3,16,120,45,0
99,71,-17,100,0,14,1,6,37,70,0
91,51,1,99,0,34,1,4,40,69,0
84,35,2,95,1,25,1,-1,48,40,0
283,164,-7,86,2,45,3,20,110,41,0
116,47,8,99,3,25,0,-10,81,49,0
175,97,-9,89,0,39,3,13,111,35,0
319,237,20,97,1,98,1,-10,2,92,0
95,36,0,98,0,21,1,5,57,44,0
109,54,-23,54,15,15,8,22,76,25,1
75,14,-20,86,5,16,7,27,61,5,1
67,22,2,89,2,27,0,2,51,30,0
34,20,13,98,0,17,0,-10,20,70,0
92,73,20,97,0,43,1,-10,26,93,0
112,51,7,98,0,24,0,-9,61,46,0
90,55,-16,87,3,36,6,21,71,43,0
113,59,-30,70,11,18,8,30,85,32,1
188,107,-6,88,1,25,1,0,120,48,0
100,87,13,95,0,37,3,-7,45,98,0
61,20,-39,82,4,9,8,30,39,1,1
213,117,3,80,3,61,0,9,99,58,0
73,68,2,89,0,20,1,8,1,91,0
186,105,14,98,0,40,0,-9,53,72,0
105,27,-13,97,4,37,2,13,80,15,1
59,33,-14,94,1,31,5,14,19,48,1
45,29,2,68,2,22,3,8,20,61,0
85,30,-7,96,0,13,0,6,56,32,0
51,37,-12,92,0,18,8,14,24,54,1
131,95,-35,86,6,27,8,30,32,38,1
120,47,-10,95,2,21,4,11,87,25,0
74,39,-11,89,2,22,1,10,34,41,0
180,118,1,98,2,71,2,14,62,70,0
134,105,-17,87,2,35,8,29,60,59,1
163,100,-8,77,2,38,6,17,61,62,1
126,65,12,97,0,22,2,-7,54,69,0
109,59,-3,96,1,29,3,8,91,62,0
216,192,-18,95,3,34,5,22,50,60,1
124,41,-14,96,1,26,1,5,72,7,0
279,147,-9,83,3,80,2,19,123,43,0
140,39,6,97,1,23,2,10,100,44,1
72,47,-3,96,0,21,4,13,28,60,0
219,121,-5,97,0,43,2,7,113,60,0
48,14,-17,91,1,12,3,19,34,0,1
108,37,-12,96,2,26,5,14,96,14,0
365,241,-7,100,1,56,2,2,145,71,0
111,55,15,98,0,61,2,-6,64,67,0
155,148,-14,97,2,28,7,25,30,90,1
357,92,4,83,1,70,0,7,180,41,0
87,75,-13,90,2,15,5,13,32,75,0
136,90,-26,44,20,27,8,30,46,41,1
281,49,11,92,0,92,1,-10,180,20,0
66,26,-16,97,0,26,4,11,56,21,1
256,98,14,100,0,92,0,-9,165,43,0
124,119,-2,95,1,37,1,11,29,100,0
151,76,-10,80,0,31,3,2,39,42,0
76,31,-16,87,2,18,8,23,59,23,0
140,96,2,97,0,73,0,-1,44,84,0
84,65,8,95,0,30,0,-10,24,83,0
113,75,-4,94,2,43,0,1,37,52,0
40,15,-11,71,3,17,6,25,45,27,1
116,46,5,97,2,26,0,2,76,44,0
87,70,-2,79,0,44,3,4,28,89,0
100,62,1,90,2,31,3,-2,17,68,0
94,43,-12,94,0,23,6,15,54,27,1
160,117,11,97,1,70,2,-1,17,82,0
357,337,-9,96,2,82,1,2,12,88,0
170,83,-14,97,0,58,4,13,65,43,0
217,50,3,95,1,61,0,1,131,33,0
92,61,-3,93,0,20,0,2,61,78,0
119,22,1,98,2,28,1,3,123,18,0
259,49,4,99,0,28,0,-6,164,24,0
163,85,12,98,0,42,1,-5,85,57,0
151,124,-10,88,1,36,1,11,10,67,1
36,22,-8,95,0,28,3,9,16,58,0
86,34,-5,95,1,24,3,3,51,31,0
82,63,-3,96,2,30,4,2,25,74,0
158,96,-29,96,2,16,5,20,83,31,1
152,52,-2,96,1,22,2,8,153,16,1
91,56,-15,68,6,22,3,23,41,49,1
59,47,-12,88,4,23,6,7,24,51,1
32,12,-14,58,6,11,4,14,26,11,1
92,62,-8,85,3,28,5,24,30,49,0
104,21,19,94,2,32,0,-10,83,47,0
103,37,-4,91,1,32,4,12,72,35,0
65,27,-11,95,2,11,2,13,33,39,1
33,16,-3,94,2,12,2,11,18,43,0
187,109,0,97,2,28,1,0,87,53,0
93,58,4,92,0,26,1,-3,17,67,0
167,93,-28,40,20,27,8,30,116,24,1
68,20,-18,95,1,15,5,7,62,7,0
56,31,-3,91,0,13,1,2,23,50,0
250,105,-7,88,0,32,3,5,145,32,0
86,67,-3,96,2,35,0,-4,44,74,0
190,79,-26,63,9,28,5,30,131,3,1
34,27,-7,97,0,24,1,6,11,68,0
38,27,-17,74,2,8,8,19,11,58,1
90,39,4,91,0,14,2,6,45,49,0
354,305,-1,78,2,100,2,12,124,83,0
60,22,0,97,2,27,1,4,36,39,0
68,44,-28,79,5,22,8,29,49,49,1
92,36,-2,84,1,19,2,3,67,37,1
183,78,-19,92,1,37,8,17,92,21,0
183,49,-6,91,0,36,3,15,113,27,0
302,279,-1,93,1,41,2,12,45,77,0
103,67,-5,88,3,29,3,4,36,55,0
198,172,-9,95,1,35,2,11,43,88,0
84,57,-11,90,3,15,5,17,32,61,1
180,23,-6,94,0,38,2,0,166,24,0
117,88,-12,79,1,23,3,5,34,58,1
82,75,-13,96,0,16,2,4,13,75,0
58,34,-11,65,5,19,4,26,25,53,1
101,33,6,97,0,35,0,-2,43,44,0
79,74,-15,90,1,27,5,21,18,84,1
193,83,-20,70,4,28,2,14,107,13,1
112,11,-8,95,0,20,2,1,127,0,1
123,61,1,91,0,28,2,6,63,65,0
115,93,-1,90,0,35,0,2,63,83,0
179,60,-18,80,9,32,5,13,160,25,1
60,38,1,93,2,27,0,14,32,66,0
98,39,-4,88,2,16,6,10,59,42,0
103,53,12,97,0,34,1,-6,66,58,0
80,41,-20,99,2,18,5,21,35,35,1
114,67,9,98,1,32,4,-4,58,66,0
96,82,-2,66,3,38,7,15,29,86,1
164,57,11,99,0,36,0,0,123,40,0
87,17,-5,92,0,27,4,3,89,21,0
365,196,7,97,0,77,0,-1,180,57,0
60,16,16,99,0,44,1,1,40,40,0
113,47,-3,88,1,30,4,2,73,41,0
129,72,1,99,2,24,1,-4,101,63,0
59,13,8,91,0,26,3,-7,49,29,0
94,59,12,99,1,25,0,-6,43,63,0
97,35,-15,80,4,14,1,20,62,26,1
116,85,-16,96,3,20,4,15,33,65,1
135,23,5,96,0,42,0,-1,112,31,0
141,30,-9,89,0,32,1,6,126,11,0
111,68,-20,68,3,21,7,21,57,44,1
81,35,-1,93,1,17,1,-5,31,41,1
286,142,-9,78,5,32,6,23,180,36,0
129,94,-6,84,1,22,0,8,35,67,0
98,25,-5,97,3,19,3,7,91,19,0
133,58,2,99,1,26,1,-10,58,38,0
102,41,-20,74,8,24,5,24,59,26,0
112,64,-7,91,2,28,4,12,64,43,0
133,85,-6,96,0,32,2,-6,58,60,0
99,64,-5,77,2,23,4,14,57,50,1
273,249,9,93,0,52,3,-8,93,100,0
72,57,-11,67,3,20,3,15,25,75,1
86,75,-23,90,2,13,8,21,11,81,1
249,119,5,97,0,84,3,3,145,41,0
141,114,-4,81,6,38,3,13,31,76,1
95,76,-12,97,1,16,6,9,28,74,0
48,29,-15,90,3,10,6,23,29,33,1
95,32,-7,88,0,21,2,11,65,27,1
135,80,-2,93,4,35,2,3,82,67,0
199,133,-14,86,5,20,8,21,74,48,1
77,30,-5,89,0,28,1,3,38,45,0
117,76,1,94,1,51,2,6,32,66,0
72,67,6,90,0,18,2,-2,5,100,0
114,84,16,98,1,38,0,-4,2,90,0
60,41,0,85,3,20,0,-10,19,73,1
110,78,-10,91,1,22,3,4,33,54,0
102,52,-9,93,2,24,2,10,60,41,0
137,60,4,98,0,30,2,1,77,32,0
65,41,13,96,0,19,0,2,29,68,0
136,107,0,97,1,18,2,4,53,79,0
54,24,2,96,1,15,2,6,29,35,0
236,166,-10,89,2,44,2,9,94,64,0
232,191,7,94,1,50,0,-10,23,70,0
40,20,-5,94,0,9,1,10,18,45,0
118,86,-14,93,1,34,6,13,54,65,1
70,47,6,89,1,27,3,0,23,70,0
163,92,0,99,2,38,2,-6,81,52,0
266,205,4,90,1,79,5,5,56,83,0
95,66,-6,96,0,26,1,3,54,51,0
110,63,-11,73,4,31,6,14,44,47,1
318,29,-3,98,1,75,0,9,180,10,0
115,45,3,98,1,35,2,3,51,51,0
90,33,13,94,0,29,1,-10,55,51,0
78,43,2,97,1,26,3,1,58,58,0
254,210,-16,72,2,44,7,12,4,66,1
50,20,-13,54,8,14,3,17,40,30,1
237,127,6,96,1,33,2,-8,112,74,0
365,174,-2,92,3,86,2,9,180,66,0
83,47,-14,84,3,26,7,20,51,21,1
242,45,-20,86,3,56,2,22,180,0,1
54,42,-17,98,3,13,6,18,26,71,0
93,70,3,99,1,14,6,7,37,81,0
222,149,-8,77,0,33,4,4,102,79,0
78,37,11,98,1,38,2,-10,37,42,0
140,101,-10,98,2,24,1,-1,16,81,0
69,45,-24,70,8,14,7,30,33,42,1
137,81,-14,85,2,20,4,15,67,34,1
70,23,2,94,1,22,5,1,47,28,0
64,23,5,86,0,27,1,6,39,33,0
65,57,-21,58,7,13,2,11,31,59,0
91,54,-13,51,9,24,7,18,50,38,1
139,66,-20,82,1,23,8,20,100,32,1
278,237,-3,97,0,72,4,12,53,83,0
113,95,2,96,0,45,1,-4,1,96,0
48,33,-13,95,2,19,2,-3,14,45,0
120,72,0,96,0,39,5,5,48,63,0
43,20,-4,97,1,16,6,5,33,42,1
62,46,-11,91,4,11,8,24,16,71,1
162,142,-24,82,4,13,7,24,68,63,1
71,21,-22,67,8,18,7,29,60,2,1
59,34,-6,95,0,26,5,10,30,46,1
271,105,-3,91,3,51,0,-1,146,29,0
71,49,5,87,2,22,1,-8,28,66,0
215,79,13,96,0,50,1,-10,136,42,0
149,123,-4,83,3,52,3,15,63,69,1
80,26,-1,91,1,25,1,7,62,36,1
287,155,-22,91,2,32,8,25,180,30,1
69,42,-20,96,3,9,3,28,27,44,0
66,56,-8,89,0,13,0,-1,15,84,0
44,22,-20,89,2,7,1,25,22,33,1
70,13,-13,83,2,14,1,1,69,3,0
167,106,1,97,1,47,2,-3,67,53,0
123,100,-30,66,12,22,8,30,29,56,1
94,71,4,95,0,17,1,1,5,89,0
210,55,-14,95,0,35,3,7,153,15,0
202,103,-25,99,3,51,8,23,84,37,1
65,29,8,94,0,21,0,-10,52,43,0
102,33,-1,92,0,18,3,1,90,23,0
133,110,20,96,0,51,1,-10,29,100,0
324,208,13,100,0,74,0,-6,87,69,0
182,117,4,94,0,39,3,15,74,83,0
233,157,-7,97,1,34,1,12,108,59,0
197,57,2,96,1,36,1,-1,139,35,0
94,70,-7,97,0,21,3,12,6,70,0
85,55,-17,75,2,22,2,16,22,43,1
74,42,-1,98,1,16,0,2,35,47,0
65,58,3,96,1,19,2,5,16,100,0
302,279,-2,82,2,74,4,4,21,91,0
129,67,-2,83,1,33,3,14,58,43,1
57,49,9,98,0,18,3,-3,15,98,0
54,17,2,91,2,29,0,1,45,30,0
51,43,3,97,0,19,3,2,11,95,0
62,32,-7,93,1,22,2,4,44,54,0
175,57,2,97,0,100,0,3,109,28,0
87,40,8,99,0,18,2,4,39,52,1
100,58,-12,91,2,17,2,11,53,39,0
72,17,-9,96,0,11,0,-1,71,17,0
102,53,-3,99,0,31,3,1,47,53,0
61,26,2,91,1,18,2,11,42,45,0
44,9,-9,83,1,14,3,5,36,0,0
163,31,-18,73,2,41,6,13,144,0,1
144,116,-2,94,1,34,2,10,57,83,0
90,20,0,95,2,29,3,11,87,27,1
199,147,-13,98,0,29,6,5,81,68,0
162,70,-25,86,4,26,8,30,108,14,1
102,54,-9,92,1,28,3,16,53,42,0
60,48,-9,93,0,18,8,11,12,70,1
43,17,-10,86,3,14,2,1,26,22,1
150,18,-6,90,1,34,2,12,126,0,0
71,27,3,85,1,22,3,7,62,50,1
365,59,6,93,0,63,3,12,180,33,0
168,142,-5,100,2,48,0,3,24,85,0
77,48,-13,84,2,14,1,13,18,52,1
40,29,-8,92,0,13,2,14,13,67,0
98,13,-14,88,2,13,4,11,126,0,0
53,35,-8,85,0,18,2,10,27,55,1
266,65,8,94,0,51,0,-6,172,31,0
106,9,-10,96,0,12,0,8,97,2,0
364,303,2,86,1,82,1,7,125,81,0
66,12,20,96,0,21,0,-10,59,30,0
193,70,-12,80,1,48,4,12,131,21,1
84,22,-9,98,4,19,5,11,78,17,1
298,212,-9,83,1,53,4,16,65,72,0
176,54,-7,99,1,33,0,6,122,29,0
115,69,-5,99,1,22,4,13,78,75,0
62,14,-1,97,1,17,2,3,38,22,0
233,215,-34,59,16,25,8,30,61,56,1
117,63,-1,97,1,41,1,-8,76,59,0
74,23,-16,95,4,12,6,29,81,24,1
82,52,-10,89,1,14,3,14,35,44,1
58,33,-34,46,20,11,8,30,25,23,1
120,73,2,91,4,45,1,9,47,51,0
175,53,-9,97,0,36,3,12,112,23,0
154,37,1,98,0,19,0,-6,114,17,0
212,156,-15,91,1,29,3,9,65,52,0
163,79,6,100,1,41,0,7,61,40,0
80,43,-9,98,0,15,1,2,41,43,1
126,41,-1,99,0,32,1,-2,80,32,1
121,36,4,98,2,51,1,12,117,26,0
90,15,-2,94,0,19,4,12,90,12,0
100,75,6,97,0,19,0,-10,34,86,0
199,69,1,97,1,62,1,-3,105,30,0
141,108,-13,99,1,31,1,17,55,73,0
162,25,-3,89,1,27,2,2,170,9,0
193,153,13,98,0,42,2,3,61,95,0
44,20,-18,92,5,8,3,27,27,29,0
131,64,-2,96,3,31,1,-1,52,48,0
81,35,2,91,0,18,1,2,61,45,0
88,61,10,100,0,33,1,-10,32,68,0
94,33,-14,95,2,30,7,25,97,4,1
94,54,-22,51,15,36,8,30,28,32,1
196,150,3,98,0,29,1,-2,24,81,0
130,95,-9,77,1,15,2,10,43,59,0
65,59,-13,95,2,12,6,22,14,78,1
118,77,-15,93,1,33,5,17,40,57,0
123,61,-9,86,0,24,3,4,66,34,0
79,34,7,90,0,41,2,-10,46,46,0
76,15,-29,88,7,20,8,26,61,0,1
365,254,-15,85,6,45,1,9,153,58,0
63,38,12,92,1,15,0,-10,19,81,0
85,44,-26,74,3,22,7,18,59,23,1
83,51,-15,86,3,30,8,22,59,45,1
113,54,-19,96,1,17,4,8,59,11,1
52,29,-8,98,3,17,3,8,29,47,0
104,10,-25,79,3,18,2,9,115,0,0
73,58,-23,96,3,19,5,20,12,59,1
124,35,-6,94,0,19,2,4,99,23,0
286,169,-2,96,0,74,1,9,155,55,0
190,121,-13,100,2,35,6,6,87,44,1
122,116,-11,94,2,14,1,11,19,80,1
87,31,1,89,0,31,0,0,67,32,0
139,51,-12,60,7,61,1,26,124,6,1
91,46,-8,96,2,16,3,14,61,29,0
165,103,16,99,2,46,2,-10,41,82,0
84,69,-7,91,1,17,2,0,15,71,0
35,23,-12,97,0,15,0,15,12,50,0
94,58,-7,88,2,33,1,3,49,59,1
89,75,9,94,0,22,1,-7,17,100,0
83,15,11,98,2,26,2,6,62,18,0
71,17,0,95,0,22,1,11,61,25,0
100,40,15,93,0,36,0,-10,55,60,0
105,53,-4,80,2,34,3,4,76,50,0
56,49,-13,95,0,13,5,19,24,76,1
147,60,18,96,2,47,2,-8,116,60,0
73,52,-7,91,1,31,4,10,43,84,0
178,135,2,95,2,29,4,-2,43,73,0
173,99,-14,90,1,24,4,9,52,44,0
113,28,-6,91,4,26,4,12,114,18,0
55,29,-19,76,5,20,6,20,30,45,1
198,122,6,96,0,41,2,-8,79,60,0
58,48,1,87,0,23,1,7,4,97,0
232,177,-3,97,1,46,2,8,64,80,0
79,43,-6,98,1,20,0,0,20,39,1
112,14,-5,97,0,30,3,14,103,4,0
58,48,-10,95,2,11,7,23,26,67,1
137,100,0,96,1,22,1,0,37,75,0
168,78,11,91,1,54,0,-4,53,59,0
151,103,16,90,1,30,2,-3,61,68,0
88,47,-3,98,1,19,1,10,41,32,1
136,39,-10,81,2,25,2,1,95,13,0
71,27,-23,83,3,16,8,30,76,19,1
103,38,-1,66,1,36,3,10,75,49,0
109,31,-24,86,7,19,7,21,78,15,1
365,330,-5,97,3,91,3,13,58,78,0
95,74,-10,89,2,19,2,7,12,63,1
210,98,-9,79,3,46,3,11,180,39,0
76,58,20,97,0,36,0,-10,22,85,0
94,36,-6,97,3,26,2,12,55,29,1
116,44,-2,94,2,29,4,10,72,29,0
82,33,-25,83,4,18,3,24,43,21,1
137,94,-10,91,3,27,8,27,97,59,1
30,16,-4,95,2,12,5,11,14,41,0
30,16,-20,66,8,13,8,22,25,40,1
81,24,-20,90,3,19,5,25,57,13,1
79,28,-3,85,2,32,2,14,44,35,0
74,30,0,92,0,24,0,1,41,36,0
195,63,-5,85,3,37,4,8,105,14,0
166,111,-5,92,0,36,2,12,47,63,0
82,72,-6,91,2,16,8,14,27,92,1
144,50,18,96,1,33,0,-10,114,58,0
207,122,-13,89,3,45,7,24,73,36,1
111,41,-26,46,20,23,8,30,92,23,1
55,43,2,80,1,27,1,0,6,82,0
96,66,1,73,2,37,3,0,30,71,1
281,199,2,90,1,56,1,-7,13,59,1
108,82,10,97,1,37,1,-9,33,84,0
61,43,-2,96,3,20,3,9,18,55,0
73,50,-28,98,4,9,8,29,39,44,1
252,189,-22,69,6,26,7,12,34,62,1
163,142,-9,87,3,26,5,11,92,83,0
320,248,-19,91,0,27,8,22,110,51,1
78,61,10,100,0,23,0,-10,17,90,0
158,63,4,94,1,56,2,6,130,41,0
113,23,-5,85,0,28,1,9,87,13,0
89,31,-16,93,1,28,5,21,62,23,0
95,44,-13,99,1,21,4,19,68,40,0
152,70,-4,97,0,23,2,5,82,46,0
211,105,-16,79,7,56,5,15,105,31,1
147,76,-15,93,2,32,4,16,71,43,0
94,46,-27,80,6,27,7,26,49,10,1
52,42,0,99,1,21,2,11,9,82,1
70,45,0,95,0,18,2,8,28,65,0
85,18,-13,84,2,20,1,12,67,4,0
74,15,-6,96,0,15,0,13,55,31,0
131,105,4,92,0,32,1,10,50,83,0
206,91,-5,97,0,17,1,0,97,38,0
96,81,-1,93,0,16,0,1,25,77,0
100,11,6,99,0,17,1,-4,105,35,0
31,11,6,94,0,17,1,1,12,54,0
138,115,-32,85,1,20,8,27,50,41,1
126,70,1,88,0,18,3,13,65,59,0
140,46,4,98,0,25,1,-3,96,37,0
34,22,7,92,0,18,0,2,11,70,1
96,55,-1,90,1,33,4,2,47,43,1
107,84,1,95,0,29,1,-2,10,69,0
102,65,-5,93,3,29,1,18,37,62,1
110,66,1,80,0,36,1,6,43,55,0
130,124,2,96,1,34,1,0,22,91,1
63,52,-3,61,3,18,1,-2,1,88,1
219,99,-10,69,5,51,2,7,145,52,1
84,39,-14,95,3,15,7,25,50,17,1
72,43,-3,99,1,17,4,8,49,54,0
170,159,11,95,0,41,3,-5,1,100,0
101,31,-3,97,3,22,2,-1,53,28,0
129,117,-13,78,4,26,5,18,1,93,1
365,262,-9,96,0,38,0,9,102,75,0
70,48,11,95,0,12,1,-10,24,77,0
111,65,3,96,0,25,0,-4,51,67,0
47,37,19,91,0,16,1,-10,25,100,0
74,42,-11,94,2,17,2,9,21,61,1
97,21,7,85,3,17,2,1,76,27,0
156,35,-15,94,0,38,1,7,148,1,0
56,35,-30,84,4,9,2,24,25,29,1
83,47,-9,96,0,18,3,3,30,56,0
94,11,-8,95,0,13,1,5,83,2,0
133,55,3,98,0,28,0,-1,71,43,0
220,124,-5,91,0,36,2,5,111,66,0
60,27,-17,80,5,11,6,18,45,44,1
44,31,-1,96,1,18,1,7,12,72,0
187,136,18,99,0,72,1,-10,70,88,0
108,105,-2,92,1,17,3,7,17,100,0
226,188,-11,77,3,35,8,18,60,85,1
194,57,-21,51,12,29,3,23,129,24,1
115,32,12,92,0,47,0,-4,83,49,0
57,46,7,84,2,35,1,3,19,87,0
61,42,-18,52,14,12,0,20,22,53,1
118,61,-4,93,0,30,1,1,70,52,0
159,116,-4,97,1,28,2,-1,72,79,0
365,306,-17,92,6,65,8,10,62,61,0
129,67,3,93,0,29,0,-8,70,50,1
97,52,8,98,0,24,1,-1,64,64,0
93,62,20,93,1,33,1,-10,30,92,0
93,35,10,98,0,21,0,-8,60,61,0
83,63,-17,97,2,15,3,11,32,61,0
105,59,-17,96,0,22,7,16,63,25,0
126,84,3,96,1,41,4,12,42,57,0
98,46,-5,91,0,14,3,-1,83,46,0
113,74,-15,95,2,34,2,9,78,42,0
97,57,-7,93,0,20,2,9,49,70,0
111,71,-5,90,4,15,1,20,43,60,0
50,26,-12,97,0,8,6,14,44,38,1
155,39,-19,87,3,17,7,18,115,1,1
82,51,-15,90,3,15,1,10,34,44,0
84,20,-25,78,5,14,8,20,88,4,1
111,54,5,99,2,29,1,-9,68,29,0
119,105,3,99,1,36,2,-5,29,100,0
141,86,-11,86,3,40,0,7,64,46,0
103,39,8,90,2,35,0,-1,64,50,0
114,78,-8,90,3,27,3,16,47,66,0
42,23,15,88,1,23,0,-7,17,76,0
112,83,-1,94,1,41,1,-5,13,67,0
133,113,-20,94,3,20,4,10,18,68,0
223,160,-9,98,1,32,4,20,113,64,0
280,237,4,100,1,70,2,-1,38,89,0
61,40,-1,92,0,29,6,6,30,78,0
45,20,16,98,3,17,0,-6,25,58,0
292,182,5,93,1,69,2,11,50,74,0
119,75,7,99,0,24,0,0,47,69,0
154,94,-2,83,0,44,4,0,22,69,0
260,98,-11,99,3,29,8,18,134,19,1
165,92,3,100,2,47,0,-3,59,50,0
125,84,2,99,0,27,1,3,58,68,0
51,17,1,100,0,17,3,4,51,40,0
92,30,-13,80,2,23,3,12,69,19,0
124,33,-8,87,2,19,6,7,99,24,1
175,111,8,90,1,37,2,-5,78,68,0
105,61,-11,92,3,22,7,13,44,48,0
172,101,15,92,0,33,1,-10,48,84,0
79,42,8,96,1,17,1,-7,32,56,0
142,99,-1,93,4,34,2,10,63,68,0
87,74,-9,91,3,27,2,20,1,81,1
200,112,-4,99,0,45,1,10,107,47,0
120,100,0,98,0,33,0,-3,21,93,0
72,68,-20,95,2,18,3,14,1,80,1
186,87,-12,77,3,35,1,1,112,40,0
165,75,3,100,1,23,1,-9,95,46,0
59,22,-18,89,2,14,4,21,51,16,1
85,19,-6,95,3,21,0,3,72,26,0
50,35,-4,83,0,12,2,1,11,70,0
217,120,-12,71,2,53,6,12,169,54,0
150,53,7,95,1,19,2,-8,89,40,0
113,73,-11,98,0,29,5,17,40,53,0
206,82,5,99,0,47,1,6,180,43,0
87,36,11,97,0,24,2,1,58,57,0
128,110,5,95,0,31,1,-1,21,100,0
53,42,1,91,1,26,4,5,11,74,0
235,124,-5,95,2,54,2,-1,111,31,0
141,63,-17,94,3,35,6,20,113,23,1
160,85,-13,80,6,34,4,17,65,44,0
169,80,0,87,0,29,1,-6,82,54,0
146,58,4,94,3,28,0,-3,81,45,0
63,40,8,98,0,17,2,-2,14,84,0
236,146,-12,85,1,30,3,7,68,62,0
106,38,-9,93,1,30,3,19,75,22,1
189,107,-10,82,0,26,1,1,61,42,0
92,11,-9,90,3,23,1,14,85,0,1
68,23,-19,75,7,18,4,23,46,13,1
53,42,-11,97,0,22,0,8,12,69,0
137,72,-8,94,2,25,2,-4,69,39,0
149,119,1,98,1,40,1,-1,4,85,0
82,18,4,95,2,19,0,5,56,31,0
101,33,-16,79,4,24,5,14,80,12,1
70,25,7,95,1,10,3,-7,45,39,1
203,142,-11,91,1,85,4,9,122,54,0
264,166,-15,86,3,62,3,18,98,54,1
132,48,-14,90,3,35,1,16,126,29,0
141,15,13,99,0,43,0,-7,121,24,0
111,65,-37,49,20,22,8,30,69,20,1
129,110,15,96,1,51,2,-2,34,100,1
158,66,-4,96,1,38,1,10,118,41,0
205,167,5,92,0,59,0,0,64,77,0
84,30,-1,74,5,34,2,1,58,32,1
231,153,-2,96,2,45,1,2,95,56,0
39,7,-20,88,2,8,2,14,36,0,1
154,106,-4,83,3,39,0,3,66,66,0
208,41,-23,92,2,24,2,15,180,6,0
65,42,-23,67,8,17,2,21,34,53,1
81,68,4,86,2,26,2,7,13,91,0
71,58,-8,90,2,12,2,8,27,75,0
101,51,-21,98,0,18,8,16,79,42,1
108,70,-22,78,5,24,8,27,45,40,1
52,45,-17,98,1,10,4,15,9,74,1
74,29,-3,90,2,16,1,1,50,36,0
30,21,-5,93,1,19,1,0,13,67,1
84,40,-2,93,3,33,3,12,52,34,1
159,65,13,93,1,28,0,-7,94,58,0
102,47,8,93,1,40,1,5,55,59,0
273,201,2,93,1,35,0,-6,81,85,0
79,19,-8,97,1,15,6,23,66,30,0
145,85,-26,66,14,32,8,26,90,36,1
61,44,1,99,1,14,4,3,25,86,0
174,63,-16,62,6,18,1,15,99,27,1
257,163,-11,80,3,62,1,11,102,52,0
94,55,-8,94,3,27,6,22,39,40,1
142,37,7,91,1,24,1,-5,96,34,1
108,81,-6,81,1,18,1,8,3,54,0
121,113,-24,76,7,15,8,25,49,73,1
109,28,5,83,1,37,1,-6,54,20,0
83,32,-6,95,3,26,3,12,52,27,0
115,57,-11,94,0,20,3,3,80,46,1
72,50,-13,65,9,14,3,19,22,51,1
130,108,1,98,0,24,1,-10,8,96,0
96,72,1,89,0,23,2,1,42,72,0
162,149,-3,83,4,72,4,13,40,85,0
322,36,-4,96,2,49,1,0,180,15,1
159,66,1,94,1,32,1,-3,75,54,0
148,133,0,95,1,52,3,12,1,83,0
69,48,-1,92,0,13,6,15,40,65,0
102,48,5,91,0,22,0,4,44,56,0
151,79,-7,88,2,25,4,0,72,60,0
108,12,-1,90,1,20,1,3,96,16,0
52,31,19,99,0,24,0,-10,33,79,0
136,67,2,99,0,26,1,-8,76,51,0
71,18,3,96,1,44,1,3,61,40,0
158,54,-6,87,2,52,3,19,104,36,0
96,72,-4,90,1,44,2,-6,34,70,1
36,8,-1,96,0,10,2,13,30,31,0
130,33,4,97,0,29,1,0,80,18,0
78,55,-7,94,0,21,2,6,38,61,0
37,13,-13,85,3,6,3,29,37,14,1
102,51,-29,71,5,16,8,29,65,41,1
69,35,-7,77,6,19,0,13,39,41,0
121,54,-12,92,1,35,4,12,60,38,0
142,28,-11,90,1,24,2,17,113,3,1
137,72,-11,96,2,26,5,17,64,29,0
213,187,1,95,0,56,2,-1,1,71,0
80,71,-12,67,6,28,2,17,12,88,0
33,22,-1,65,8,15,3,0,15,59,1
73,8,-6,92,2,13,4,3,70,0,1
89,41,-10,94,1,11,1,0,45,18,0
365,219,2,85,2,70,1,-5,146,53,0
53,39,-12,85,1,16,2,16,24,60,1
137,99,-6,97,1,35,2,1,58,59,0
126,68,-6,91,2,32,3,3,61,45,0
95,87,3,95,1,18,4,-4,22,90,0
68,18,-3,97,0,13,1,-2,64,29,0
82,63,-2,96,1,21,3,-3,19,83,1
82,73,-12,96,1,27,4,15,9,83,0
128,107,6,97,0,24,1,-2,70,91,0
94,50,-25,98,2,27,6,27,81,33,1
76,28,1,95,0,32,0,-9,34,60,0
64,23,-4,97,1,18,3,9,59,32,0
98,50,3,92,0,34,1,6,48,71,0
59,49,6,100,0,18,2,6,21,79,0
72,40,-11,96,1,15,3,16,58,61,1
92,29,2,99,0,33,3,8,80,36,0
31,5,-13,91,1,12,4,14,26,0,1
151,126,-4,91,0,44,1,6,25,80,1
279,175,-18,96,1,31,3,15,144,45,0
273,126,-7,91,3,66,4,7,180,39,0
334,130,-19,78,4,66,8,29,180,17,1
121,54,-27,80,4,9,8,29,85,6,1
199,125,-21,97,3,37,4,20,63,35,1
118,34,-14,91,3,15,5,19,84,27,0
43,17,-4,97,2,15,1,11,30,30,1
70,55,-28,69,5,10,5,17,30,41,1
98,52,-6,95,3,19,0,2,49,34,0
115,104,-19,97,1,25,5,27,34,69,0
68,38,-13,96,1,14,2,16,32,43,0
150,42,-3,96,3,46,1,-8,108,18,0
62,50,7,89,2,27,0,-4,8,85,0
68,45,0,100,0,18,3,8,25,49,0
91,77,-1,98,1,22,2,11,28,86,0
213,154,-1,98,1,61,4,10,76,73,0
131,70,9,100,0,33,0,-10,64,67,0
95,22,-29,71,13,30,8,30,91,0,1
106,43,-14,72,8,26,8,20,107,36,0
167,145,-18,85,4,23,8,29,22,64,1
61,41,-22,86,1,14,8,15,38,48,1
198,43,-15,86,1,27,5,15,155,0,1
103,74,-5,91,2,31,2,5,27,64,0
123,54,8,89,1,54,2,-2,69,48,0
82,60,-17,88,1,18,3,5,33,56,0
141,93,-2,92,2,27,2,8,74,59,0
45,35,9,93,2,22,1,6,18,92,0
172,76,5,96,0,32,1,-2,61,56,0
80,75,0,78,1,21,1,-2,12,94,1
107,67,17,98,0,45,0,-5,23,86,0
121,86,-1,96,0,26,3,5,37,76,1
149,51,-2,91,1,46,3,1,98,25,0
130,85,2,96,1,29,2,-7,66,77,0
52,36,-21,67,8,18,4,21,21,61,1
42,38,-11,98,1,13,1,11,4,63,1
349,114,-13,70,4,63,1,16,180,24,1
365,81,-25,84,3,43,5,29,180,0,1
71,28,-17,82,3,14,5,22,56,27,1
115,47,-26,90,1,14,8,15,85,2,1
83,70,-30,93,4,17,8,26,13,46,1
207,76,-25,91,3,30,8,30,162,17,0
62,26,-1,93,1,19,2,6,44,37,0
101,52,11,99,0,48,2,-7,53,61,0
65,27,-21,95,2,9,7,24,55,24,0
118,55,-29,78,4,19,8,30,83,22,0
45,21,12,96,1,28,1,-10,24,51,0
365,135,-15,95,2,31,0,10,180,19,0
164,155,-16,76,6,35,8,26,30,100,0
103,79,-3,99,0,31,3,7,24,80,0
365,231,-6,74,1,69,1,-3,180,60,0
47,36,-6,96,2,15,0,3,14,82,0
248,213,7,89,1,53,0,3,46,100,0
162,58,2,98,2,53,1,7,107,40,0
141,26,7,74,0,29,1,-2,131,16,0
105,56,-12,94,1,24,8,9,53,36,1
203,97,2,92,1,70,1,1,106,48,0
77,71,-26,97,5,8,8,25,28,62,1
119,96,-21,96,1,23,6,19,13,60,1
109,104,-19,77,7,23,8,29,4,79,1
125,42,-5,83,0,32,4,8,118,16,1
71,41,-3,89,1,22,5,9,26,56,0
122,100,7,96,1,34,1,1,18,71,0
237,99,-4,95,0,73,6,8,169,30,0
183,115,-13,94,2,26,5,15,68,49,0
58,18,11,94,1,35,1,-8,43,35,0
160,78,8,99,0,40,0,-10,108,58,0
49,22,-16,81,2,12,4,22,27,32,1
325,214,4,98,0,47,0,0,105,65,0
114,65,-5,84,4,35,4,17,49,50,0
134,83,-4,96,2,22,2,13,68,68,0
202,54,-23,61,13,31,7,22,180,2,1
49,27,-15,89,2,18,5,20,28,47,1
91,41,12,97,1,30,0,-4,45,61,0
109,56,-12,77,3,42,2,15,46,38,1
107,61,-8,99,0,24,6,8,62,32,0
133,48,13,93,1,35,0,-3,85,56,0
108,58,7,88,2,46,1,-3,82,67,0
71,13,10,99,0,30,1,-10,58,14,0
33,9,11,99,0,9,0,-10,23,45,0
270,157,-16,88,0,42,3,15,157,44,0
198,101,-7,83,3,51,0,2,77,52,0
80,71,-1,91,1,17,4,-2,7,94,0
65,9,6,95,2,39,0,-4,76,22,0
127,47,13,94,1,46,0,-10,80,47,0
119,38,-5,59,9,19,0,14,104,31,0
94,34,-22,97,3,18,3,19,86,24,1
169,113,6,96,0,41,2,-10,51,80,0
92,21,-2,98,1,41,1,6,71,26,0
131,84,3,95,2,44,0,7,29,78,0
199,173,6,97,2,38,2,9,1,95,0
205,100,-12,72,5,27,2,17,135,35,0
38,20,-12,92,0,16,3,11,22,33,0
150,74,-6,99,0,26,2,6,62,49,0
157,87,-18,89,1,17,0,19,48,42,1
52,38,5,84,3,14,3,5,21,84,0
51,14,-21,85,3,13,5,11,44,10,0
51,33,1,97,0,21,1,5,30,67,1
143,110,-9,94,2,23,1,6,49,65,0
135,42,-23,59,16,27,4,28,115,20,1
75,59,-10,96,2,15,8,9,29,70,1
174,120,-2,97,0,38,0,-10,41,59,0
139,50,1,100,0,28,0,1,54,49,0
63,24,-12,97,0,23,3,5,40,34,0
63,43,-2,90,2,19,3,-2,23,59,0
152,62,0,99,1,24,0,-4,107,31,0
201,69,3,97,0,51,2,-2,132,35,0
142,46,-7,54,15,33,6,9,86,22,1
165,83,-5,97,1,24,2,13,150,49,0
175,114,6,91,0,29,0,-10,65,59,0
121,105,-4,91,1,30,3,8,16,85,1
149,15,0,97,2,43,0,-4,131,14,0
40,33,-29,82,5,17,8,30,23,59,1
130,101,2,85,1,48,4,6,44,81,0
114,75,-6,88,1,28,3,9,47,49,0
92,81,-11,95,0,20,2,10,1,81,1
91,40,-14,83,2,38,2,10,49,22,1
89,68,-10,89,1,21,3,9,24,62,0
64,39,5,99,1,17,1,-6,25,64,0
121,41,-11,84,2,21,2,10,80,25,0
183,142,-6,98,3,31,2,16,33,66,1
348,305,7,99,0,58,0,-1,85,99,0
104,42,20,94,0,28,0,-9,68,55,0
113,92,2,99,0,23,1,3,27,93,0
131,68,-25,45,19,27,7,30,84,37,1
103,59,-4,94,4,31,6,14,35,51,0
114,51,-7,97,1,47,0,7,74,33,0
319,66,-10,97,2,49,5,19,180,13,0
74,22,-1,76,2,24,3,15,71,26,1
95,51,-6,94,2,21,1,14,55,44,0
35,13,3,89,0,15,1,1,22,39,0
184,34,-25,99,3,20,8,30,150,0,1
294,115,3,95,0,62,3,4,180,30,0
96,66,-6,88,1,16,2,11,23,69,0
95,32,-4,93,1,28,2,19,72,35,1
78,29,-19,81,5,15,0,6,37,26,0
219,122,-16,96,0,30,2,8,108,40,0
159,115,-7,86,2,41,5,8,70,70,1
35,31,-11,97,2,14,7,24,4,80,1
119,75,-9,97,0,31,1,5,47,48,0
134,100,1,82,4,29,6,17,32,75,0
127,47,-2,96,0,24,2,11,93,22,0
44,9,2,84,2,12,0,5,35,20,0
114,103,-7,96,1,27,1,6,32,86,0
243,69,2,98,0,56,1,8,180,38,0
104,52,1,97,1,25,2,2,40,39,0
181,115,-5,88,2,48,5,1,118,56,0
159,140,3,97,1,34,1,7,59,91,0
355,273,-21,92,1,35,6,24,119,58,0
91,57,-1,92,0,35,2,9,41,73,0
81,11,9,97,0,28,2,4,70,24,0
70,26,7,97,1,16,1,-7,34,38,0
69,50,0,90,0,17,2,5,20,72,0
108,85,-10,94,3,20,7,12,23,67,1
108,46,-15,83,1,15,6,9,62,39,1
57,36,-7,93,1,11,5,19,28,52,1
139,104,20,97,0,80,0,-10,25,95,0
182,113,2,93,1,54,2,-4,91,42,1
128,58,-18,95,1,25,2,14,104,42,0
88,43,14,96,0,23,0,-8,54,69,0
135,86,-7,95,1,43,3,15,49,59,0
53,49,-12,85,3,14,6,9,5,73,1
241,168,-9,95,1,47,2,-1,78,62,0
76,8,-26,90,8,17,5,26,81,0,1
110,80,-2,98,1,45,4,11,30,78,0
165,103,-1,98,0,32,2,5,49,61,0
53,10,3,95,0,15,0,-1,43,26,0
76,32,-3,98,0,23,4,7,35,40,0
112,85,-1,94,2,29,1,10,83,70,0
100,92,2,94,1,33,1,2,5,99,0
172,128,-9,97,1,39,0,1,41,73,1
92,79,-24,86,1,8,4,14,13,56,1
365,165,-11,77,3,79,3,0,180,47,0
147,61,1,96,1,31,4,12,83,40,0
123,109,20,99,0,23,0,-10,40,100,0
202,88,0,91,0,25,0,4,82,41,0
88,44,-6,93,0,28,1,14,37,46,0
93,77,-19,85,0,15,3,17,1,67,1
219,187,6,96,0,71,3,-1,53,96,0
224,178,-6,96,1,44,6,6,83,82,0
66,34,5,98,0,21,1,-1,38,51,0
57,40,-5,91,2,10,2,11,37,72,1
127,51,-12,95,2,56,6,19,106,22,1
149,81,-3,96,0,22,2,9,86,42,0
202,187,-26,94,1,38,8,25,15,67,1
126,58,-16,93,1,25,3,11,58,24,0
82,33,-3,85,2,31,1,6,51,40,0
127,42,0,94,1,25,3,2,77,26,0
306,64,-14,80,0,70,8,15,180,0,1
155,40,8,99,1,34,2,-5,115,24,0
294,134,1,97,3,32,1,0,180,44,0
199,128,-4,91,0,36,1,-3,80,59,0
58,33,-32,94,3,10,8,30,26,19,1
137,25,6,97,0,45,1,-7,112,24,0
176,133,7,93,1,42,2,-6,68,80,0
199,30,-5,80,6,44,2,23,175,7,0
102,87,-3,75,0,18,0,3,25,92,0
49,31,-24,58,19,13,8,30,27,43,1
200,77,-7,90,0,36,1,-1,151,17,0
115,67,-9,91,0,15,1,3,59,44,0
157,58,1,93,2,43,4,3,148,30,0
83,23,-17,97,2,17,5,21,83,5,0
180,90,-9,73,1,46,6,11,95,55,0
297,229,-17,89,1,44,7,24,89,64,1
135,64,-15,91,5,28,8,27,122,28,1
117,49,3,88,2,40,4,4,87,50,0
143,63,-5,87,0,47,2,7,92,40,0
155,68,-12,94,1,31,6,18,93,46,0
81,40,-11,87,2,25,4,14,41,52,0
156,72,-13,90,1,47,6,21,112,23,1
102,70,-2,74,3,28,3,9,53,71,0
133,106,-3,99,1,26,1,-5,45,77,0
83,30,1,93,1,29,0,-5,68,37,0
84,49,-10,87,2,17,4,22,34,68,0
101,30,2,76,4,30,0,3,71,30,0
81,60,3,97,0,26,3,-2,3,86,0
59,33,1,65,3,15,2,8,26,44,0
258,160,-20,88,6,27,5,22,154,46,1
107,92,-1,96,0,28,3,5,1,91,0
80,55,-1,93,3,38,2,22,38,82,0
135,29,-12,99,0,27,2,8,136,0,0
129,70,-18,88,2,21,3,22,69,42,0
77,48,15,97,0,23,0,-7,45,75,0
118,56,-14,87,3,27,4,20,74,33,1
157,60,4,98,0,40,2,0,115,43,0
92,46,-10,94,2,18,3,8,55,42,0
129,53,0,99,1,45,1,-3,77,58,0
229,141,-6,95,0,41,2,2,118,61,0
143,56,-3,94,1,37,4,15,86,44,0
34,23,-16,79,8,11,8,26,23,57,1
83,52,-12,94,2,21,7,9,43,56,1
68,37,0,98,0,16,0,1,31,45,0
237,127,-15,97,2,23,8,11,180,41,1
77,56,-1,89,0,22,1,4,38,68,0
289,124,1,97,0,71,1,5,146,47,0
119,51,4,91,0,24,0,8,68,33,0
100,74,-7,91,1,22,5,9,26,71,0
110,73,-13,93,0,22,1,5,37,63,1
111,24,-5,92,1,24,0,12,88,14,0
115,70,-3,88,0,23,3,4,45,53,1
144,81,-13,82,1,30,6,14,97,47,0
97,73,-17,62,8,21,1,10,7,58,1
60,34,7,90,0,18,1,-4,11,49,0
147,135,20,96,0,79,0,-10,1,100,0
242,39,-19,98,2,27,2,14,180,0,0
88,44,-19,88,1,15,4,24,45,34,1
64,44,-10,94,3,18,3,8,27,55,0
75,47,-9,80,1,18,3,14,28,49,1
53,33,0,93,3,16,1,11,21,49,0
148,66,-3,90,1,36,5,14,82,49,0
40,32,-2,95,0,15,1,-4,9,87,0
118,99,-11,94,1,22,6,18,22,75,1
78,73,-31,59,13,11,8,30,5,51,1
65,33,-4,97,0,23,3,6,33,42,0
36,18,-10,99,1,15,7,19,28,43,1
80,31,-20,98,1,22,7,25,48,28,1
86,77,6,97,1,30,0,-10,1,81,0
185,111,-16,82,1,25,3,25,74,43,1
252,61,-11,89,1,47,1,21,180,18,0
131,19,5,94,1,29,2,7,120,19,0
273,109,-5,81,5,33,4,11,157,27,0
114,75,1,90,0,23,2,11,72,73,0
108,94,6,92,0,20,0,1,34,85,0
125,31,-15,83,5,31,6,21,128,1,1
103,23,6,99,1,35,0,-1,94,35,0
100,57,-5,90,0,15,4,2,59,47,0
30,23,6,93,1,14,1,-1,7,79,0
71,5,-10,69,1,14,2,14,71,0,1
219,178,4,93,0,51,1,3,56,74,0
151,93,-18,61,9,24,8,21,87,38,1
80,51,8,82,4,34,2,10,20,73,0
83,27,-6,98,1,15,2,6,58,21,0
134,21,-6,91,1,28,0,3,113,4,0
76,56,-10,83,5,27,1,10,25,67,0
59,41,-10,98,0,22,8,15,22,61,1
96,75,-13,95,5,19,1,10,8,70,1
58,38,16,93,1,22,1,-10,26,75,0
144,92,-11,93,0,13,1,16,88,50,0
74,70,-11,89,0,34,6,13,1,69,1
114,76,-11,90,0,24,2,13,12,66,0
97,82,10,98,0,43,2,6,45,99,0
56,32,-38,94,6,9,8,30,47,17,1
158,132,-14,83,0,21,3,18,19,65,1
93,76,-21,86,1,25,4,28,26,59,1
52,42,-5,89,3,21,0,8,16,80,0
144,13,-20,83,2,19,5,19,137,0,1
195,119,-24,86,4,32,6,30,110,32,0
148,79,-12,95,1,35,3,20,73,47,0
129,82,6,89,1,46,4,7,44,65,1
86,74,0,87,2,24,3,7,39,87,0
339,277,-6,77,2,56,0,10,31,90,0
144,90,7,97,0,36,3,5,18,63,0
76,40,-10,90,3,29,2,3,35,42,0
147,54,-12,91,2,40,2,21,96,24,0
84,69,-5,91,0,16,8,25,30,78,1
152,80,15,94,0,62,0,-10,67,64,0
212,132,-4,86,0,46,4,8,115,68,0
104,63,7,98,0,34,0,-8,32,74,0
365,191,-17,89,1,66,2,8,180,29,1
69,37,-24,85,2,17,8,22,56,25,1
78,61,-36,85,4,14,8,30,23,43,1
79,38,-8,68,8,26,8,28,59,48,1
158,73,-4,96,0,31,2,-5,116,39,0
86,73,-12,89,2,14,4,11,22,65,1
129,32,0,97,1,25,0,5,138,26,0
115,96,-14,95,4,22,6,23,1,74,1
40,22,9,95,0,22,0,-3,15,58,0
54,22,-11,86,1,12,0,2,33,33,0
174,103,0,95,0,31,1,0,71,76,0
46,18,-27,87,1,7,3,19,38,20,1
137,112,-2,76,2,40,2,6,43,86,1
90,18,-33,78,8,12,8,30,98,0,1
134,66,7,97,1,35,1,3,69,61,0
63,38,-3,93,0,28,2,9,25,53,0
293,200,-22,82,4,30,5,26,68,43,0
171,51,3,93,1,29,3,9,138,33,0
123,44,5,99,0,34,3,0,97,28,0
94,52,-4,94,1,31,2,4,41,64,0
194,142,-3,89,3,25,0,-3,67,65,0
116,105,-18,59,7,32,6,14,1,73,1
139,114,1,99,2,26,2,5,35,80,0
151,44,-9,95,1,30,1,2,107,24,0
64,32,-9,95,1,12,0,3,38,29,0
63,37,-12,97,0,25,2,9,26,44,0
212,163,-13,93,4,48,6,19,49,66,1
43,11,-8,94,1,17,2,15,26,16,0
77,35,-26,96,3,16,7,20,55,13,1
70,34,-8,86,1,15,2,-2,32,29,0
90,57,-2,93,0,27,0,6,60,60,0
151,132,-7,94,0,21,3,8,19,75,0
30,21,-6,93,1,18,2,9,19,56,0
227,84,-7,94,2,29,5,14,138,22,0
106,60,-3,81,3,29,3,16,48,43,1
96,42,-1,96,1,17,0,-10,58,55,0
140,113,-20,92,2,20,6,15,29,66,0
102,89,-8,93,2,20,5,9,43,89,0
112,42,-3,92,1,52,5,10,81,35,0
159,101,-32,61,15,25,8,30,88,38,1
137,51,-10,98,1,45,2,9,86,24,1
255,135,-23,86,4,37,8,21,176,29,1
45,13,-1,95,1,20,1,3,30,34,0
206,178,-4,99,1,33,4,6,18,73,0
77,49,-4,96,2,23,3,6,55,47,0
121,68,-9,99,0,30,3,13,47,43,0
73,51,-11,73,3,14,1,-3,31,68,1
152,102,-11,88,2,19,1,11,35,54,0
48,28,-12,99,1,19,6,16,20,41,1
81,21,11,98,0,18,3,-10,68,39,0
129,81,6,94,1,34,1,11,38,56,0
79,24,1,95,2,15,1,3,49,30,0
326,189,-8,95,2,34,1,0,85,42,0
39,37,3,99,2,19,2,4,5,100,0
118,91,-12,93,0,30,2,8,64,60,0
42,12,8,79,0,19,0,1,23,31,1
113,108,1,96,1,31,1,3,1,100,0
48,38,-10,97,0,14,3,12,10,72,0
117,75,-8,95,1,27,3,13,29,62,1
219,148,-3,91,0,26,2,12,104,68,0
175,60,1,93,2,40,2,10,115,28,0
137,32,-13,80,2,34,4,11,112,22,0
69,46,-14,73,5,10,7,29,56,62,1
142,47,-3,92,0,25,0,5,88,29,0
53,49,-12,94,2,21,3,17,4,83,0
108,105,-8,95,4,29,1,1,33,93,0
86,46,-2,98,2,18,3,0,58,50,0
84,54,5,97,1,20,2,0,43,62,0
145,115,-38,81,6,11,8,30,50,44,1
101,67,-9,85,1,31,0,2,9,57,0
70,12,-22,96,1,13,3,18,81,8,1
142,75,-9,97,0,28,1,-4,50,33,0
77,24,-21,83,4,27,8,30,62,1,0
128,29,-7,86,4,22,8,15,127,11,1
92,20,-22,87,1,16,1,19,77,0,0
119,97,1,94,1,21,5,5,35,83,0
48,22,-10,94,1,18,0,1,33,26,1
161,95,-7,88,1,37,1,21,66,62,1
154,146,-8,94,1,28,2,7,1,97,0
54,28,-6,86,2,18,4,11,34,51,0
90,69,-4,83,2,17,7,20,26,70,0
90,28,-5,87,2,24,6,14,79,45,1
152,116,-9,91,3,32,3,13,60,70,0
160,24,6,100,1,51,1,-10,129,13,0
93,78,-5,91,1,42,4,11,18,79,1
72,32,-22,96,2,18,2,13,37,12,1
59,18,-25,91,2,10,8,28,41,5,1
80,30,4,91,1,24,0,-4,46,40,0
183,73,2,94,0,35,3,2,115,40,0
77,39,4,87,2,23,3,-7,38,52,1
211,105,11,95,0,61,1,-8,180,55,0
84,29,12,93,0,26,3,3,53,56,0
45,33,-8,99,0,11,1,8,20,75,0
94,47,-19,80,13,22,8,22,57,31,1
95,54,-7,98,0,34,0,4,55,50,0
85,67,-4,91,1,13,3,7,7,69,1
101,64,-15,90,2,29,1,11,37,49,0
63,27,-17,75,6,16,7,15,40,17,1
32,28,-15,86,3,11,4,16,8,76,1
180,147,-11,98,1,22,2,4,43,81,0
365,93,-4,87,2,50,1,5,180,26,0
292,195,-4,90,2,99,5,10,151,71,0
115,38,-12,82,3,24,3,16,88,22,1
272,153,-2,92,2,41,1,4,148,46,0
107,80,-17,74,4,25,8,25,62,62,1
57,22,4,95,1,16,0,8,25,45,0
248,155,8,89,0,68,0,0,145,67,0
262,198,1,94,1,31,2,7,23,77,0
70,27,-16,88,1,16,5,19,43,29,0
118,62,20,92,2,62,0,-10,59,69,0
127,73,-16,93,1,23,5,21,112,30,1
157,53,-13,79,3,28,3,21,104,12,1
149,89,-15,72,2,21,1,10,86,38,1
342,114,6,99,1,38,1,-1,176,32,0
52,20,11,94,0,9,1,3,19,56,0
104,81,-19,90,6,23,8,28,57,47,1
139,38,-25,93,2,23,8,24,136,0,1
64,22,-19,54,7,12,6,19,38,22,1
87,32,-7,97,1,16,0,1,69,35,0
71,37,4,99,0,37,1,-9,29,59,0
130,64,-7,96,1,29,2,4,85,37,0
81,20,5,91,1,21,0,-9,61,29,0
73,37,-4,99,0,30,3,5,36,49,0
51,45,4,96,1,30,1,-3,1,86,0
171,66,19,95,1,53,2,-10,110,55,0
76,39,-12,87,2,15,1,8,33,44,0
365,183,-18,76,3,70,2,12,122,38,0
188,133,-15,83,3,36,3,20,62,62,0
141,40,5,92,0,41,2,-6,103,47,0
233,191,3,96,0,57,2,-4,9,84,0
68,44,-1,96,2,11,3,-1,31,62,0
32,11,-38,67,12,12,8,30,37,7,1
44,11,6,92,0,22,0,-7,39,24,0
208,90,3,94,0,50,1,-8,157,50,0
277,110,-15,86,0,29,2,15,180,19,0
100,50,3,97,0,26,0,5,58,55,0
227,158,-4,99,1,29,0,5,120,70,0
167,15,-14,96,2,29,5,13,158,0,1
169,80,11,93,2,47,0,-6,105,57,0
105,76,5,97,3,23,2,0,29,88,0
47,5,-22,88,3,15,2,18,56,0,1
132,72,20,95,0,75,0,-10,71,86,0
30,19,-15,95,0,13,5,16,14,45,0
330,54,-6,86,1,64,5,19,180,15,1
125,49,-9,93,1,23,2,11,46,27,0
60,35,-6,86,1,22,0,9,25,51,1
115,61,-14,93,1,24,1,21,43,50,0
124,55,8,99,0,37,1,0,83,60,0
47,43,9,97,1,29,1,-2,8,89,0
91,28,-15,76,2,13,2,14,79,31,0
41,13,-9,99,0,18,4,4,43,23,1
128,38,4,99,0,29,0,-2,95,38,0
124,80,-22,92,0,14,3,16,49,44,1
141,95,8,98,0,35,4,-3,46,83,0
189,179,0,97,3,37,2,12,9,98,1
142,24,20,99,1,56,0,-10,124,34,0
92,18,-8,97,1,38,2,11,87,2,1
169,76,18,90,0,53,1,0,86,60,0
125,65,-6,92,3,26,2,13,74,33,1
105,68,-3,91,1,18,1,0,37,61,0
117,101,12,95,0,34,0,-10,21,97,0
90,31,-7,99,0,26,2,7,47,23,1
119,64,8,97,2,29,2,-7,37,45,0
35,22,6,98,0,18,1,0,14,69,0
128,27,-14,93,4,28,3,5,93,18,0
143,49,5,93,1,32,2,-3,94,42,0
108,80,-26,100,2,16,8,30,36,52,1
122,34,-3,97,0,26,0,-1,78,33,0
30,24,6,98,0,10,0,-1,9,99,0
190,114,-6,83,4,48,5,20,108,40,1
103,41,-6,98,3,33,1,4,73,34,0
88,8,-27,84,5,18,5,23,79,0,1
129,112,-7,87,1,16,2,19,24,91,1
36,23,-5,98,1,8,4,15,27,56,1
64,51,15,99,0,26,1,-10,13,100,0
365,123,-29,94,2,45,7,28,180,3,0
62,53,-1,92,2,22,2,2,1,94,0
81,49,-9,81,2,23,1,20,33,51,0
278,235,-11,73,2,60,3,13,67,78,0
68,11,5,96,0,16,0,-2,47,21,0
113,50,-15,88,3,21,1,16,83,16,0
133,48,-15,96,1,26,1,10,96,21,0
126,71,10,96,1,54,0,-6,57,60,0
50,44,-11,97,0,6,1,18,8,72,1
94,36,7,100,1,30,1,-10,63,37,0
90,54,-22,91,1,31,3,20,41,34,1
155,130,-6,90,1,44,5,12,61,91,0
79,33,5,90,1,39,0,7,26,51,0
78,28,-3,97,0,17,2,0,55,27,0
69,43,1,95,0,14,1,-8,37,62,0
60,33,-16,74,4,13,7,12,32,39,1
111,53,-1,82,1,22,4,7,101,42,0
213,140,-24,65,11,45,7,22,70,38,1
70,21,-2,97,0,23,4,11,42,41,0
35,11,-8,86,3,20,3,13,35,27,1
105,25,10,98,0,22,0,-10,80,39,0
152,103,-27,69,8,23,8,27,49,40,1
123,96,1,97,1,37,2,2,43,70,0
143,103,-15,72,3,18,3,10,47,68,1
118,55,0,78,3,27,3,10,63,52,0
90,57,6,87,0,25,1,-5,40,64,0
69,24,0,92,2,18,3,8,45,38,0
100,16,-3,89,0,36,1,3,78,13,0
83,13,-2,96,0,25,1,3,89,0,0
132,59,-13,91,1,37,1,9,73,38,1
193,132,-18,77,5,28,7,22,61,68,1
108,42,20,97,0,33,0,-8,62,48,0
60,9,1,92,1,15,2,-7,51,11,0
68,46,-6,88,0,28,2,5,22,87,0
69,49,-10,93,3,11,0,8,12,51,1
85,53,7,97,0,20,1,-4,58,68,0
335,215,-23,54,10,48,4,21,173,47,1
168,147,-3,92,3,55,4,16,55,93,0
57,10,5,92,0,16,1,-8,40,34,0
49,22,-3,100,2,9,2,6,38,44,0
199,161,-10,80,4,42,1,5,24,72,0
145,93,10,94,0,28,0,-10,82,78,0
68,14,-2,84,2,16,0,8,67,17,1
69,43,-11,79,6,25,8,25,54,46,1
79,55,-2,98,0,21,0,2,17,77,0
47,37,-24,94,0,8,4,5,25,50,1
38,23,-16,90,1,11,6,17,26,47,1
80,17,-7,97,0,16,0,16,63,12,0
30,22,-11,86,2,7,6,4,17,61,0
51,34,-13,82,3,15,7,15,16,62,1
133,103,-8,96,2,29,0,-1,24,64,0
101,52,-15,73,1,12,2,15,78,41,0
48,17,16,99,1,17,0,-2,38,53,0
44,26,6,99,0,13,0,0,21,63,0
116,105,3,90,1,39,2,-1,1,93,1
259,148,0,93,1,35,3,10,117,61,0
102,24,2,94,0,29,0,-5,92,25,0
94,70,-31,58,8,15,8,30,48,51,1
291,212,-23,92,2,31,4,17,180,49,0
55,13,11,94,0,23,0,-10,39,36,0
90,73,-9,96,4,19,2,7,20,55,1
97,9,3,73,4,29,2,5,103,8,0
130,53,-8,86,2,50,6,16,93,32,0
99,50,-18,75,7,21,7,22,83,21,0
104,86,-15,99,3,12,3,12,24,91,0
161,148,-9,88,3,26,8,22,24,72,0
111,55,2,92,1,51,1,3,45,47,0
127,36,-2,85,1,28,2,9,109,31,0
45,39,-6,84,0,12,1,0,7,83,0
71,13,-6,97,2,17,3,15,57,25,0
198,45,6,93,2,55,0,4,104,34,0
230,182,-21,76,12,34,8,25,82,64,1
33,25,8,90,0,27,1,-8,8,81,0
53,31,-8,82,4,16,1,21,20,42,0
335,233,4,99,2,100,0,-4,180,67,0
78,16,4,82,1,35,1,3,47,16,0
154,91,6,97,1,35,2,5,46,62,0
116,60,-6,86,1,33,8,27,45,48,0
60,24,-14,88,3,7,3,17,45,32,1
314,249,0,97,2,50,2,5,15,83,0
127,80,-18,79,1,21,3,12,41,51,1
32,16,4,99,1,18,2,-1,18,42,0
132,62,7,97,1,34,2,-6,73,57,0
131,84,1,99,0,19,3,1,71,56,0
151,133,2,98,2,37,3,5,30,77,0
67,56,1,91,1,35,3,10,17,80,0
224,138,0,89,1,64,4,10,130,71,0
213,88,1,92,3,49,1,-2,114,43,0
127,102,-9,96,0,34,4,3,33,72,1
90,32,-22,81,7,15,8,26,86,2,1
241,214,-19,88,2,36,6,25,58,68,1
111,11,-10,96,3,19,2,5,92,0,0
100,79,-16,87,4,24,3,21,30,68,0
125,55,-12,88,3,21,3,13,100,50,1
194,118,-20,68,3,29,3,20,84,58,1
191,20,-1,80,2,46,2,6,171,0,0
72,60,-9,86,1,26,3,9,12,72,0
228,187,-14,65,7,55,1,15,47,60,0
109,72,8,99,0,20,0,3,41,83,0
236,131,14,94,0,81,1,-6,135,72,0
106,78,-2,97,1,29,3,7,46,75,1
85,52,4,95,1,26,0,-9,43,73,0
96,74,6,94,0,36,0,-10,23,89,0
70,18,-5,92,2,12,1,6,61,36,0
58,51,-29,88,5,10,8,29,29,52,1
170,65,-2,89,2,49,3,10,104,33,0
261,104,-2,93,0,100,1,2,144,43,0
277,229,-8,97,0,28,3,1,48,83,0
105,57,-1,95,4,31,2,7,54,56,0
91,35,2,96,1,35,0,1,38,32,0
51,34,-26,97,2,7,2,18,23,53,1
284,119,9,89,0,66,0,-1,165,58,0
74,49,14,92,1,27,0,5,34,80,0
178,122,2,97,0,25,2,1,91,66,0
159,69,-3,83,1,21,0,-3,90,46,1
207,130,-17,91,1,31,8,20,87,51,1
103,72,20,100,0,29,0,-10,55,92,0
69,35,-9,97,1,16,2,18,17,43,1
105,40,-12,79,4,30,3,19,72,32,0
115,101,-10,89,0,23,4,17,5,71,1
149,129,-10,83,1,29,4,21,43,81,0
75,31,-7,99,0,17,6,4,50,33,0
79,42,17,100,0,22,0,-10,45,78,0
93,24,-10,92,2,13,1,8,73,3,1
109,29,-15,57,5,29,4,22,98,12,1
102,61,-19,94,4,12,4,20,60,40,0
72,35,-15,93,2,17,4,15,55,19,0
213,155,10,95,0,56,0,0,118,73,0
77,36,-9,84,0,17,2,8,28,49,0
76,61,-18,83,3,16,7,18,24,51,1
81,41,-7,83,2,17,0,8,48,44,0
133,117,-9,88,1,20,1,6,1,72,1
106,54,5,99,0,16,1,-7,78,54,0
74,48,5,98,4,17,2,-1,36,77,0
365,105,-3,83,2,37,4,20,180,28,1
90,34,1,95,0,21,1,-2,35,42,0
169,76,-9,100,1,19,3,19,80,17,1
226,165,-1,97,2,75,3,12,63,79,0
60,38,11,95,0,23,1,-7,26,79,0
201,176,-14,87,2,47,5,24,53,66,1
75,39,-5,94,3,34,1,11,25,43,1
62,16,4,92,0,25,1,-2,53,37,0
65,51,-4,85,0,12,2,5,20,65,0
126,74,-1,94,1,30,3,6,44,49,1
78,20,-1,87,1,15,0,1,39,27,0
106,81,-16,79,2,23,5,12,31,63,1
124,64,-6,95,2,23,3,12,56,46,0
68,51,2,72,2,26,1,0,15,78,1
99,65,-6,96,0,32,1,9,50,60,0
123,77,-8,93,1,44,4,14,52,45,0
89,47,-12,95,1,17,3,19,37,45,0
103,51,10,97,1,25,0,-9,70,69,0
231,56,-13,91,3,42,3,22,180,15,1
181,83,-7,96,0,27,1,2,69,32,0
46,36,-5,92,3,14,7,13,23,62,1
83,64,-16,91,1,20,2,10,18,67,1
36,30,-12,86,1,16,7,10,22,73,0
93,52,-14,90,3,20,4,16,46,42,1
133,54,12,94,0,33,1,-5,62,59,0
173,133,-9,90,0,34,3,9,59,80,0
260,112,-9,90,2,42,7,7,152,33,1
131,70,8,95,0,36,3,9,61,68,0
69,32,-6,97,0,12,0,6,37,51,0
87,63,-15,88,4,21,7,17,47,57,0
115,27,-6,97,2,23,1,11,102,16,0
42,31,-31,49,20,10,8,30,32,39,1
92,35,-10,93,0,30,3,14,83,31,0
191,143,8,99,1,53,2,4,48,87,0
55,50,12,95,0,19,1,-2,14,98,0
169,142,-14,72,1,24,1,17,27,86,1
131,76,9,99,3,18,3,14,66,70,0
59,25,2,91,0,11,2,-2,38,34,0
71,49,1,92,1,20,1,10,41,84,0
87,34,8,94,0,29,0,-6,48,40,0
186,89,-13,56,4,26,5,13,99,34,1
73,48,4,97,0,9,1,1,36,76,0
108,46,-8,97,1,19,2,5,62,26,0
114,62,-3,85,0,24,2,1,60,43,0
157,116,-16,97,2,23,6,20,73,50,0
124,111,-21,74,8,21,8,30,13,77,1
59,40,-6,92,2,23,5,11,24,77,1
79,34,-13,98,0,28,3,10,62,23,0
130,85,-13,94,2,23,3,4,75,46,0
201,68,-16,85,2,47,5,19,83,20,1
127,78,-20,83,1,17,8,13,36,44,1
106,51,11,80,2,20,0,-10,28,71,0
89,60,0,90,2,20,4,4,35,69,0
192,96,5,96,0,27,0,-3,141,61,0
193,36,-17,98,1,25,4,23,171,5,0
47,25,-26,97,5,10,8,30,42,27,1
61,5,-25,77,7,8,6,24,80,0,1
211,109,6,88,1,54,0,-8,102,67,0
89,37,-12,69,6,18,5,23,59,28,1
98,88,-3,90,1,16,3,8,10,79,0
108,24,-19,92,1,33,4,19,73,7,1
365,134,-3,87,0,73,0,7,180,41,0
117,92,-11,86,5,36,5,15,15,79,1
34,12,3,97,0,11,3,8,28,33,0
122,60,-3,89,2,20,2,7,95,42,0
84,61,-15,92,4,20,7,11,47,61,1
51,30,-20,81,4,15,1,6,24,52,1
105,92,-8,98,0,18,3,14,12,65,1
74,21,-13,98,1,16,6,12,75,22,1
151,37,-1,89,1,43,2,11,146,18,0
173,107,3,95,1,46,1,2,82,56,0
93,70,-7,90,0,25,1,13,24,69,0
284,187,-17,76,4,45,7,21,97,35,0
298,104,-24,91,1,43,8,25,180,12,1
120,106,-24,96,1,25,8,30,14,75,1
198,90,13,96,0,35,1,-10,108,63,0
365,167,4,99,0,80,0,-4,133,35,0
107,33,14,97,0,24,2,-7,85,37,0
71,45,-13,81,3,30,3,8,41,59,1
36,28,-19,71,5,8,7,28,19,58,1
136,94,5,96,0,41,5,9,65,67,0
365,283,4,97,0,100,2,-3,83,97,0
101,24,1,89,1,43,2,5,105,22,0
56,19,-14,71,3,10,1,4,45,30,0
32,8,5,91,1,13,1,4,30,20,0
74,43,-1,84,0,22,1,0,39,57,0
105,49,-20,93,2,13,8,30,78,27,1
175,108,-15,93,1,22,3,19,103,50,1
277,146,-18,40,20,34,3,20,131,41,1
69,38,-14,66,7,21,3,16,35,52,0
199,84,13,98,0,78,2,-5,136,56,0
78,44,-15,96,0,16,4,11,23,37,1
313,233,-11,78,1,46,7,14,142,61,0
98,28,-7,72,2,19,1,10,72,13,1
208,150,-12,97,0,24,5,11,80,59,0
149,112,5,82,2,55,5,8,62,86,0
104,81,-14,88,4,23,3,17,26,71,1
75,46,4,92,2,21,1,5,39,64,0
126,40,-14,98,0,33,2,16,87,25,0
53,16,-18,94,3,28,6,18,54,9,1
247,213,10,98,0,100,2,-2,34,92,0
44,11,-9,89,4,14,5,18,40,11,1
243,197,-21,96,3,38,8,24,81,78,0
143,54,-1,94,2,36,1,9,114,48,0
142,76,-11,86,0,28,5,17,59,27,0
72,25,-6,96,1,10,4,7,56,37,0
83,19,1,96,0,19,1,-2,99,31,0
81,61,3,92,1,23,5,4,35,80,1
126,99,7,94,0,24,1,-10,21,93,0
30,28,-11,99,1,13,2,17,9,82,1
192,118,1,90,1,42,0,-3,61,62,0
124,70,-14,67,3,27,2,-3,67,48,0
65,17,-12,62,5,11,0,-3,52,22,0
214,136,-5,97,0,57,1,2,120,45,0
114,46,-14,89,3,38,8,8,68,23,1
194,26,-5,94,0,25,4,12,168,11,0
218,155,-9,96,1,37,2,16,68,59,0
210,153,-7,58,5,33,1,19,138,59,1
88,25,-11,90,3,36,5,13,80,3,1
155,115,1,94,4,36,1,5,46,74,0
248,113,-30,81,2,43,7,30,175,20,1
164,143,20,95,0,45,0,-10,62,100,0
85,80,-9,78,3,25,4,3,19,81,1
108,35,-26,99,1,32,4,24,76,15,1
107,85,-7,73,4,26,0,10,32,77,0
151,95,-3,87,2,26,0,9,84,60,0
103,44,3,95,0,21,1,2,68,41,0
122,98,-24,94,2,24,6,19,40,52,1
101,36,-4,85,1,19,5,17,51,40,0
217,171,19,99,0,60,0,-10,75,85,0
199,178,-10,96,3,48,7,9,52,79,0
40,12,3,99,0,13,1,7,29,20,1
123,68,-28,40,20,16,4,27,67,21,1
193,46,20,94,0,80,0,-6,132,63,0
170,110,-11,98,1,30,4,17,87,46,1
63,9,-28,92,3,11,8,25,66,0,1
85,30,-12,98,4,33,4,14,66,29,0
125,73,-10,97,1,20,5,13,64,54,0
223,90,-14,99,0,22,2,16,133,22,0
365,138,-4,91,1,37,0,-2,180,33,0
57,44,-22,100,0,16,8,14,13,65,1
136,68,0,90,1,62,4,4,78,53,0
107,33,-1,100,0,16,3,7,79,25,0
87,48,-1,96,2,12,0,8,49,60,0
94,73,-9,98,2,18,5,7,26,81,0
103,26,19,97,1,44,0,-8,84,43,0
73,45,-13,86,1,17,6,19,38,49,1
104,55,0,92,1,27,2,-1,63,61,0
88,69,-2,86,2,18,3,12,24,68,0
55,15,-16,80,2,16,2,17,47,13,0
197,54,-23,66,12,30,8,30,113,0,1
150,79,-2,92,1,25,1,11,71,50,0
128,71,0,92,1,22,2,0,63,62,0
74,38,13,98,0,22,2,-4,24,77,0
196,100,-1,96,1,47,1,-5,116,43,0
203,141,-13,66,6,48,4,12,83,70,0
102,51,-1,92,3,29,1,6,49,48,0
83,58,-11,79,3,29,5,12,25,64,1
106,50,4,80,1,27,0,-3,90,61,0
238,105,-15,97,2,30,4,15,74,28,1
365,92,3,96,0,72,0,-9,180,26,0
208,91,-8,94,1,25,1,10,98,43,0
39,13,-9,99,2,8,2,16,29,22,0
91,65,-8,88,3,24,4,18,26,72,0
219,176,0,90,3,45,2,9,52,80,0
77,42,-9,93,2,21,4,11,65,51,0
81,42,6,100,1,30,0,-1,39,50,0
129,28,6,96,2,40,1,-6,127,18,0
80,47,-13,75,7,16,4,1,25,44,0
66,59,12,89,1,26,0,-8,7,100,0
113,85,8,88,0,28,2,4,59,89,0
97,84,-1,92,1,22,3,13,25,85,0
254,224,-14,79,2,51,4,20,30,81,0
137,91,-8,91,1,19,1,5,59,56,0
87,36,-7,99,1,16,4,12,35,40,1
221,20,-3,98,0,37,2,0,180,14,0
66,28,-10,93,0,20,5,12,50,28,1
139,76,-9,93,1,27,8,15,89,42,0
109,71,-18,88,0,10,4,11,32,54,0
109,54,-16,70,6,23,1,15,67,26,1
129,67,4,93,1,43,1,5,82,57,0
160,91,-10,98,0,23,1,5,95,48,0
133,29,4,97,0,41,0,-6,71,22,0
89,35,-2,97,2,22,0,10,54,32,1
89,65,1,97,0,23,1,-2,37,83,0
60,25,-11,99,0,17,4,6,50,33,0
186,130,-30,87,12,38,8,22,58,30,1
40,19,1,96,0,10,1,9,18,49,0
154,149,-1,94,3,19,3,2,47,93,0
65,23,6,99,0,21,1,7,39,51,0
257,153,-5,97,0,76,3,9,118,54,0
119,85,-8,98,2,21,3,-1,38,76,0
231,142,-8,93,2,44,5,10,76,68,0
157,111,12,98,1,47,0,7,72,73,0
165,45,3,92,0,44,2,1,137,42,0
132,125,-2,99,1,45,2,2,8,82,0
132,75,-8,95,0,29,1,12,65,43,0
44,5,-9,82,6,12,3,20,41,2,1
82,38,10,94,1,54,0,0,36,61,0
119,81,-14,85,5,20,2,5,42,58,0
30,9,10,94,0,19,1,2,23,37,0
82,72,13,98,1,33,1,1,23,100,0
210,118,8,99,0,34,0,-10,88,62,0
102,90,-14,73,5,18,4,3,24,66,1
222,56,19,98,0,100,0,-10,154,42,0
179,114,-26,67,15,56,5,25,45,40,1
65,37,-1,84,1,18,0,-3,25,66,0
52,34,-15,99,1,13,6,12,28,62,0
161,109,6,95,0,36,0,6,68,82,1
99,54,-15,94,1,32,3,11,25,42,0
69,29,8,95,0,46,1,-10,27,50,0
111,57,-6,92,0,36,5,9,72,44,1
69,61,-1,93,0,31,2,16,2,87,0
123,79,-7,90,1,15,3,11,44,58,1
125,78,4,95,1,28,1,-1,35,66,0
48,9,-20,85,1,12,3,24,46,0,1
233,167,-3,94,1,45,0,15,45,68,0
110,66,-8,88,1,31,4,12,80,58,1
116,42,3,97,1,23,1,-5,74,53,0
112,63,8,97,3,41,1,-1,54,61,0
85,44,6,98,0,39,0,7,41,61,0
117,57,0,97,0,35,1,-2,44,53,0
237,109,9,94,1,47,2,-3,123,57,0
105,80,-11,92,1,13,6,22,42,65,1
101,72,-23,81,2,16,7,13,44,54,1
89,41,9,95,0,32,1,4,48,51,0
75,44,8,100,1,17,1,-3,24,65,0
208,57,-10,93,1,36,3,17,160,21,0
288,210,-6,94,0,54,2,7,98,63,0
53,24,0,96,0,27,3,11,28,50,0
184,80,-38,54,20,18,8,30,111,4,1
96,7,-23,70,3,28,4,22,106,0,1
56,37,-7,87,0,12,0,4,28,68,0
73,17,-9,99,0,17,2,-2,73,1,0
140,50,-5,98,2,30,5,9,98,36,1
88,72,-7,81,1,13,1,-3,24,55,0
168,107,-24,90,2,19,7,23,61,37,1
77,31,-20,87,5,20,8,27,45,15,1
166,72,2,99,1,33,1,0,121,48,0
121,109,-17,79,4,41,8,21,47,67,1
112,74,-17,83,3,20,5,20,47,38,1
156,45,-8,95,0,62,2,5,92,12,0
250,238,-13,83,4,30,3,16,30,89,1
127,52,-5,93,2,36,3,8,82,28,1
148,101,-3,93,2,23,4,12,40,62,0
77,63,3,96,2,31,1,7,13,87,0
82,52,-4,90,1,24,3,7,52,60,0
75,51,-2,92,1,22,0,1,19,71,0
313,41,1,99,0,57,1,-5,180,20,0
106,29,11,90,1,41,0,-7,78,30,0
183,114,-15,82,2,21,5,28,80,47,1
92,21,-2,89,0,37,3,19,80,29,0
100,57,-24,92,4,27,8,22,57,31,1
169,34,7,96,0,38,0,-8,131,22,0
51,30,-16,64,5,16,4,19,26,38,1
112,64,4,77,3,22,3,2,88,64,0
156,99,-11,96,0,11,4,12,78,69,1
104,20,-5,90,1,25,6,15,110,9,1
205,176,-25,90,2,57,8,29,70,69,1
161,74,-9,100,4,22,2,13,61,48,0
82,37,18,89,1,31,1,-10,53,72,0
197,136,0,88,2,31,1,8,38,79,0
44,30,-36,45,20,11,8,30,34,39,1
78,29,-21,98,0,10,5,10,58,6,0
290,207,-1,96,0,44,1,-4,163,80,0
74,45,10,99,0,16,1,-6,31,67,0
49,20,-3,99,1,12,1,-2,32,37,0
136,79,-17,81,2,37,6,15,64,29,1
112,68,7,91,1,44,1,-3,60,70,0
127,78,-3,87,1,32,1,7,46,65,0
255,103,-10,100,0,38,3,7,180,16,0
131,106,-10,100,1,22,0,5,23,62,0
218,162,-18,74,3,19,0,12,56,64,1
41,31,-17,98,0,10,4,9,18,60,0
30,17,13,95,2,20,1,-10,10,64,0
105,65,10,96,3,48,0,-5,36,75,0
136,99,-5,100,2,26,3,14,70,78,0
95,50,-1,94,2,24,1,7,52,54,0
83,64,2,89,1,25,1,-10,7,80,0
120,69,-11,92,3,32,2,19,58,37,1
156,86,-13,84,2,19,8,-1,148,34,0
174,125,-6,88,1,54,1,15,71,65,0
177,95,-9,97,1,34,2,7,101,35,0
261,225,-10,91,1,44,3,18,63,71,0
186,144,20,99,0,75,0,-9,42,94,0
175,114,-8,99,0,44,4,21,21,67,1
309,193,-8,78,5,94,4,18,180,54,0
30,8,-20,98,3,8,5,20,35,13,1
30,6,-8,95,5,11,3,9,29,11,1
76,45,2,96,0,11,1,-3,28,64,1
176,61,-4,92,0,51,1,-9,118,44,0
213,192,0,97,0,26,4,5,44,80,0
158,98,-16,91,1,30,6,25,70,46,1
39,23,-8,83,2,9,2,1,18,52,1
55,40,-3,99,0,19,2,-1,36,69,0
89,72,17,88,2,37,2,-1,23,97,0
86,33,15,95,1,32,1,-8,53,56,0
41,12,8,99,1,22,2,-1,41,41,0
176,35,6,99,1,40,0,-8,180,31,0
113,16,6,97,1,27,2,0,106,20,0
99,39,3,79,0,40,2,0,75,39,0
107,84,-6,91,0,20,1,6,23,73,0
88,39,1,95,0,12,0,11,40,35,1
82,54,-11,97,1,15,2,16,16,55,1
159,56,-19,97,1,34,5,24,110,0,1
134,71,-28,69,9,17,8,30,79,25,1
172,137,-12,91,1,33,1,0,101,75,0
59,49,14,88,1,13,1,-6,14,100,0
78,39,-9,96,2,11,2,13,43,47,1
122,108,-23,89,5,28,8,30,42,55,1
118,42,-8,94,2,33,4,9,73,31,0
201,70,-11,92,0,40,1,9,177,34,0
227,57,-24,89,1,27,7,21,154,0,0
365,313,20,94,0,100,0,-4,26,100,0
63,49,-8,89,2,14,3,10,14,65,0
89,42,14,96,0,39,1,-2,37,69,0
226,112,7,94,1,60,1,-5,85,50,0
93,69,-28,90,1,18,8,28,45,48,1
30,24,-18,97,1,10,4,16,14,56,1
32,19,-20,82,0,5,4,20,16,42,1
177,67,4,100,1,25,0,2,130,45,0
87,17,-17,84,5,13,7,23,82,0,1
237,162,-13,90,2,50,3,15,76,47,0
59,51,-11,90,1,14,6,4,21,66,1
134,107,-33,40,20,27,4,30,34,43,1
123,29,-2,95,1,54,1,4,106,35,0
52,10,-1,96,0,12,2,5,48,6,0
73,41,-8,98,1,13,2,13,40,46,1
183,66,-1,95,0,40,3,5,117,39,0
50,8,-5,92,2,21,0,10,45,10,0
57,26,-24,89,2,10,4,15,32,22,1
321,162,-6,85,2,58,1,1,159,37,0
160,142,-10,90,1,22,3,12,18,78,1
65,27,-16,93,3,17,2,16,33,10,1
78,61,15,100,1,30,0,-10,5,96,0
123,62,-7,79,4,20,5,7,66,42,0
169,33,16,96,0,62,0,-9,139,32,0
139,83,-7,82,4,38,3,4,56,63,0
194,64,2,88,3,31,4,5,82,38,0
58,45,-9,93,2,7,2,4,15,73,0
132,79,-7,97,1,30,2,11,26,62,1
193,32,-10,90,1,46,4,13,180,0,1
48,33,4,91,0,19,2,8,19,69,0
69,19,-14,94,1,22,1,1,61,16,1
365,283,5,99,1,100,2,1,100,84,0
240,104,-15,95,1,31,6,18,147,20,0
139,92,9,99,1,18,0,-10,22,80,0
91,38,-4,95,1,31,3,14,61,35,0
109,91,-3,91,0,39,0,2,18,82,0
244,111,-4,64,4,54,1,6,126,41,1
57,22,-12,91,2,14,1,10,51,18,1
63,25,-22,89,2,13,8,16,45,4,1
123,87,-24,95,2,21,3,30,46,34,0
92,34,-11,80,2,24,2,10,78,15,0
129,36,-16,96,2,25,8,26,108,2,1
53,35,-15,88,1,15,2,10,32,51,0
108,16,3,97,1,18,2,8,92,20,1
124,63,-2,98,0,42,1,0,97,50,0
138,50,-12,94,3,56,7,16,88,42,0
64,10,-9,97,1,15,1,12,54,16,1
105,56,-18,96,1,18,4,23,100,31,1
59,23,-5,99,2,14,3,12,51,34,0
63,11,-14,84,0,13,1,16,65,8,0
182,50,-10,93,0,42,5,17,133,19,1
125,114,-2,94,1,30,2,4,7,94,0
176,129,-20,85,4,57,5,18,49,52,0
74,62,-11,83,5,21,8,8,38,78,0
120,43,-14,77,4,21,7,22,99,27,1
77,65,-18,90,4,12,7,14,12,65,1
91,62,-4,97,1,19,0,-2,29,82,0
141,64,-18,99,2,16,2,13,95,26,1
253,104,16,97,0,81,0,-10,180,58,0
131,87,-11,91,2,27,6,14,44,43,0
95,25,6,94,0,50,1,8,88,36,0
84,36,-6,95,0,18,2,8,46,22,0
133,60,-3,97,2,26,5,10,72,44,1
98,62,-12,92,2,24,4,23,37,52,0
44,30,-15,58,9,13,4,16,16,57,0
94,70,10,99,1,29,0,-10,1,96,0
221,123,-3,94,2,61,1,3,92,52,0
96,46,-1,85,2,15,2,3,50,46,0
354,195,15,87,1,65,0,-9,100,68,0
70,23,-4,94,0,20,3,5,49,47,0
73,58,-2,95,2,22,5,11,2,71,1
118,97,19,95,0,46,0,2,26,100,0
106,28,3,98,1,39,2,-3,53,35,0
120,61,-1,91,1,19,1,-3,72,31,0
95,68,-25,71,5,15,8,30,23,43,1
97,41,1,96,1,22,4,15,58,51,0
166,53,-5,97,2,28,2,-3,127,28,0
123,40,10,100,0,27,0,-5,86,41,0
98,67,-2,100,0,38,2,6,47,57,0
63,47,-10,98,1,18,1,5,26,65,0
119,61,-12,68,5,26,1,11,106,46,1
160,97,3,99,1,42,0,-3,61,61,0
184,87,-16,82,1,27,6,25,136,33,1
46,39,-30,46,15,9,8,26,24,48,1
124,105,-4,92,2,31,2,9,32,77,0
173,126,1,87,0,33,2,15,72,74,0
40,20,-12,86,1,18,0,9,31,31,0
86,15,-12,81,3,11,4,17,94,7,1
200,112,5,97,0,38,1,-10,117,67,0
258,57,-7,94,1,36,4,1,180,2,0
116,58,-7,95,0,30,4,11,83,46,0
241,98,-14,90,0,37,2,10,180,30,1
90,34,-17,64,10,26,7,17,79,29,0
68,44,-17,50,15,15,6,26,43,46,1
124,35,-12,61,8,21,5,15,104,26,1
103,19,-15,78,4,15,4,18,91,1,1
145,86,-13,93,3,30,1,8,38,55,1
93,54,-3,97,1,24,0,-10,39,43,0
219,76,-15,96,4,30,2,21,138,7,1
108,20,7,98,0,31,0,1,104,24,0
142,83,2,90,2,18,0,5,62,60,0
130,52,3,88,0,45,1,0,77,43,0
52,28,10,98,0,21,0,-9,23,58,0
103,65,-8,99,1,36,1,9,48,57,0
170,81,14,93,1,57,4,-5,92,57,0
128,65,0,99,1,23,2,-6,76,46,0
155,74,-3,92,3,45,3,8,102,45,0
142,33,-5,69,4,21,2,6,136,19,0
45,17,-2,95,0,16,2,14,28,45,0
160,87,-8,94,0,17,6,11,72,45,0
125,57,20,100,0,30,0,-10,68,62,0
49,19,-9,68,4,13,1,16,41,23,0
135,27,-22,88,4,19,2,18,110,7,0
48,26,19,95,0,21,1,-10,22,68,0
119,69,-15,88,1,22,5,16,60,43,0
145,122,12,94,1,49,0,-10,9,100,0
89,53,-14,84,2,16,3,17,46,35,0
67,36,-24,93,2,15,2,12,33,28,1
115,15,-10,88,5,28,1,9,134,3,0
170,95,-14,80,5,31,2,11,99,42,1
119,82,-5,83,2,46,3,10,39,76,1
84,52,-22,83,4,17,8,26,32,37,1
203,91,-20,80,6,44,8,28,149,36,1
65,34,-13,99,1,11,4,16,35,47,0
69,18,5,97,3,26,1,-5,63,18,0
166,41,-8,96,2,53,3,10,145,10,1
87,15,-6,98,1,14,4,13,72,8,0
150,48,-14,88,1,20,3,21,123,23,0
91,26,12,97,0,20,0,-10,54,49,0
157,99,-2,91,2,34,3,11,58,55,0
89,77,10,99,0,19,0,-3,10,85,0
131,96,-4,99,1,29,4,17,41,71,0
183,43,-9,90,1,34,0,6,142,16,0
33,18,-10,96,0,14,0,9,11,39,0
162,111,-3,97,0,38,3,6,57,56,0
172,62,0,85,1,47,0,7,104,33,0
136,48,8,94,0,58,1,-3,135,38,0
74,35,2,94,0,16,2,7,53,49,0
49,13,-12,87,3,18,2,8,44,18,0
154,88,-7,96,1,29,0,2,40,48,1
186,83,-2,98,0,52,0,-9,56,40,0
226,186,-5,98,1,45,1,7,59,70,0
74,33,-15,90,3,15,0,15,50,48,0
113,92,-19,64,13,20,3,20,53,46,0
121,56,7,98,2,28,0,-3,68,65,0
252,121,-24,77,7,45,8,30,131,22,1
87,32,-9,74,3,28,2,20,71,19,1
169,39,-20,72,2,41,4,23,170,2,1
190,139,-4,93,0,25,2,-7,63,75,0
144,123,-14,69,6,27,4,20,2,83,1
85,34,0,98,1,21,1,7,68,43,0
154,41,-22,93,3,35,2,18,118,10,0
65,55,-6,97,0,13,2,1,24,88,0
133,15,5,97,0,36,1,-9,117,33,0
151,139,-17,81,1,18,1,3,8,80,0
112,35,17,100,0,50,0,-10,105,49,0
181,154,14,90,3,40,0,-6,45,85,0
230,170,15,99,0,46,2,-10,70,89,0
121,74,-24,79,13,25,8,30,51,36,1
237,72,-13,96,2,59,2,10,118,14,0
100,61,-3,96,1,25,4,11,46,46,0
80,60,-4,92,1,20,3,10,21,78,0
53,35,-3,99,1,9,1,-6,16,65,0
123,92,-22,71,5,19,4,10,56,56,1
144,24,5,86,1,36,0,-4,121,26,0
57,17,-8,97,0,11,2,0,45,11,0
137,59,-10,86,3,24,2,14,91,12,0
185,99,-14,88,2,32,2,18,95,38,0
143,68,-9,84,2,18,6,9,91,34,1
187,110,3,95,3,72,3,0,115,57,0
119,54,-23,92,1,9,8,20,79,35,0
132,120,-4,98,0,39,3,6,20,77,0
58,43,-21,60,12,13,5,28,24,57,1
167,13,-11,89,2,25,5,19,178,0,1
145,32,0,98,0,31,1,-3,113,34,0
207,167,4,98,0,29,3,8,90,90,0
55,43,1,98,1,19,1,-7,13,83,0
87,55,-23,97,2,18,7,30,59,38,1
95,50,0,99,0,26,2,-9,65,65,0
187,151,-10,88,1,26,3,1,40,82,0
92,19,-3,97,1,28,0,1,77,21,0
149,64,-2,98,0,26,0,-1,91,53,0
218,135,4,89,4,38,4,4,142,61,0
219,149,-1,95,1,93,1,4,91,60,0
91,21,-7,97,1,17,1,12,75,19,0
108,78,-12,96,0,33,5,13,30,63,0
195,54,16,99,0,49,0,-10,141,38,0
180,119,8,91,1,42,1,-9,52,64,0
105,25,-5,96,1,20,3,6,92,26,0
148,89,-1,89,1,30,1,6,45,69,0
59,38,-9,96,3,19,4,17,13,50,1
356,195,1,93,0,48,1,2,180,36,0
153,133,-13,85,2,27,1,14,7,82,0
161,88,-2,97,1,44,6,7,93,61,0
46,23,-6,81,2,20,2,10,24,51,1
180,31,20,99,0,53,0,-10,141,49,0
54,34,13,95,1,34,0,-5,16,75,0
68,23,5,92,0,20,0,-2,49,42,0
205,112,-22,94,1,29,8,20,95,41,1
114,90,-19,96,1,29,2,27,24,72,1
275,140,-4,94,2,63,0,1,180,57,0
123,53,-8,86,4,27,4,4,90,36,1
169,104,-16,81,2,24,3,2,97,59,0
103,46,-10,99,0,34,7,5,90,35,1
129,114,19,100,0,44,1,-8,10,100,0
74,28,3,95,0,28,0,4,28,27,0
128,87,-23,99,3,29,2,19,41,49,1
168,159,7,96,0,31,0,-3,33,100,0
119,67,-2,88,0,16,0,0,52,52,0
107,57,-19,92,2,21,6,27,62,37,0
95,59,5,89,1,34,1,0,43,61,0
93,54,5,99,1,55,2,-1,63,61,0
83,66,20,99,0,22,1,-10,33,100,0
38,28,-2,94,0,9,2,1,8,79,0
169,48,-8,90,0,35,2,6,136,29,0
190,59,5,94,1,41,2,-6,151,28,0
72,20,-6,99,0,23,1,9,47,15,0
242,41,11,93,0,41,3,-2,180,24,0
216,83,-1,90,0,76,1,13,168,52,0
88,67,-10,93,4,14,8,11,24,80,1
93,43,3,97,0,42,1,-7,74,55,0
125,112,5,86,1,20,3,12,9,100,0
88,43,-4,98,0,12,4,6,68,40,0
124,55,-6,94,1,51,0,11,107,40,0
75,49,0,91,1,17,0,1,7,79,0
99,69,-16,72,6,34,4,23,39,67,1
118,27,16,99,0,28,0,-10,96,37,0
81,32,6,91,0,23,1,0,48,32,0
94,45,-9,80,2,28,4,1,66,43,1
82,45,11,81,0,25,0,-5,43,76,0
84,30,4,97,0,22,2,-1,65,40,0
75,29,-20,82,3,12,4,13,73,1,1
80,68,-17,93,2,14,2,14,24,79,0
134,32,2,100,0,32,2,2,102,19,0
208,133,12,90,0,33,3,11,179,64,0
48,28,-8,87,0,21,1,1,26,58,1
71,30,-1,91,2,17,2,8,41,41,1
176,62,-15,89,1,20,4,8,108,28,1
83,62,-15,92,2,18,5,18,1,62,0
66,39,-1,87,0,20,0,9,27,62,0
56,31,10,99,2,21,2,-7,23,50,0
156,91,-12,92,1,25,1,8,57,36,1
226,164,-9,96,4,45,4,16,84,62,1
101,37,-28,72,6,30,6,29,62,0,1
365,54,-21,90,6,53,8,29,180,9,1
129,52,2,98,1,33,0,0,89,36,0
225,52,3,94,1,44,1,6,180,26,0
145,56,-13,73,5,47,3,17,93,34,0
273,116,0,91,1,62,2,0,160,35,0
231,129,18,96,0,68,0,-10,132,74,0
65,51,-8,89,0,15,2,3,22,66,0
107,87,-7,78,3,17,3,16,12,83,1
111,30,-2,96,0,35,2,2,80,18,0
43,12,13,89,2,20,0,-2,27,41,0
105,10,3,98,1,45,3,9,96,7,0
165,104,-4,93,0,35,1,5,50,61,0
56,29,-6,86,1,18,2,5,38,48,1
71,59,-32,82,8,41,8,30,29,41,1
104,87,-14,98,0,30,5,17,59,79,0
221,174,-7,92,2,28,4,6,92,87,0
86,78,-6,93,0,17,5,15,14,69,0
38,18,-5,91,1,13,2,5,30,42,0
82,9,-13,98,0,14,4,16,94,0,1
156,64,-12,78,2,32,4,6,112,19,0
115,21,13,95,1,29,1,-5,94,18,0
202,146,-3,92,1,40,2,7,126,65,0
81,58,11,93,0,35,0,-2,41,75,0
52,44,-1,86,2,21,2,-1,6,74,1
124,62,-6,95,2,41,3,15,68,45,0
69,56,2,95,1,12,1,3,11,80,0
106,44,15,97,0,32,0,-7,81,61,0
149,76,-15,94,2,26,4,18,106,50,0
137,61,5,79,1,34,0,8,109,46,0
66,35,0,97,0,18,2,-2,59,49,1
139,103,-16,70,4,37,8,16,57,63,1
365,209,-2,94,4,78,4,15,156,58,0
54,31,-15,87,3,10,2,21,34,50,0
104,90,-17,85,1,20,6,24,24,71,1
141,46,-2,95,2,23,0,-2,95,28,0
89,16,-2,96,2,27,2,6,87,14,0
275,88,0,96,1,48,1,17,180,30,0
141,40,16,95,0,48,3,-2,133,46,0
211,112,10,98,0,44,1,1,140,62,0
147,110,-20,95,3,25,8,12,57,55,0
164,94,-9,93,0,42,3,14,84,47,1
140,18,-17,94,2,27,2,17,146,5,0
75,52,-2,98,0,13,6,14,60,64,0
40,30,-10,82,4,12,3,9,12,65,1
100,80,12,98,0,19,0,-4,20,84,0
179,159,18,98,2,96,0,-3,19,95,0
85,55,4,94,1,23,2,2,28,61,0
89,68,15,97,0,24,1,1,33,93,0
100,78,4,100,1,36,1,-5,43,95,0
263,170,1,82,4,65,3,13,93,53,0
81,51,-7,92,2,16,3,15,49,46,1
306,199,-6,89,1,54,6,16,105,64,0
138,102,-2,98,0,23,4,9,67,75,0
166,79,-5,96,0,41,5,4,95,59,0
89,85,-21,73,7,23,8,21,20,92,0
134,75,1,86,1,56,3,0,41,60,0
139,87,5,99,0,73,1,1,61,68,0
95,73,14,96,0,20,1,-10,32,88,0
43,38,-14,92,0,9,5,20,9,73,1
220,91,8,91,2,66,0,-10,122,46,0
156,73,-9,88,3,32,6,4,87,36,0
176,152,-25,86,3,12,8,25,47,59,1
42,23,-7,95,0,8,2,7,27,36,1
96,70,-6,88,2,34,2,4,31,68,0
126,62,3,90,0,26,1,9,66,51,1
99,38,2,99,0,17,2,4,52,28,0
100,36,0,98,2,23,2,7,75,48,0
81,21,12,100,0,32,0,0,40,43,0
58,37,-14,89,1,10,8,19,35,55,1
55,16,8,100,0,20,1,-1,46,40,0
315,129,-4,98,0,42,1,5,180,46,0
85,44,-9,84,3,25,2,15,58,32,1
113,75,-3,97,0,23,1,3,25,65,0
119,38,-31,67,14,15,8,30,102,4,1
45,34,4,98,0,16,2,-1,6,82,1
57,45,-5,96,1,19,6,15,26,70,0
159,54,12,99,0,24,0,-2,91,36,0
120,110,12,99,2,35,2,15,1,98,0
89,80,-21,84,5,20,5,22,38,59,1
258,49,-7,86,3,57,2,3,180,5,1
365,323,8,92,0,80,0,-1,30,93,0
215,39,-13,75,3,34,2,21,137,0,0
90,26,-3,90,0,15,0,2,84,22,1
195,86,8,94,0,49,1,0,136,48,0
189,75,-25,74,7,21,8,30,148,23,1
30,21,-14,87,0,11,6,10,20,65,1
108,67,-12,95,0,18,1,9,36,41,1
87,32,-5,93,1,21,2,9,43,25,0
95,22,-21,89,4,17,6,25,94,10,1
63,44,-14,85,5,19,8,23,46,52,0
48,41,-11,91,2,22,3,17,15,67,1
138,42,11,95,1,34,1,-2,135,24,0
149,105,-10,96,0,29,0,0,63,53,0
98,70,-5,83,3,29,4,8,34,68,0
100,74,8,99,0,13,0,-10,27,83,1
90,15,-15,97,3,23,1,15,77,3,1
181,135,1,98,0,48,1,10,89,69,0
157,35,1,96,2,31,1,5,122,28,0
102,35,-2,96,1,39,4,8,64,37,0
72,20,7,90,0,19,0,2,55,45,0
139,109,-14,84,3,24,6,18,78,76,1
225,119,-33,42,20,21,8,30,107,11,1
200,173,5,97,0,62,3,10,78,98,0
181,95,-4,95,0,43,4,1,81,42,0
326,83,-3,88,2,49,2,7,180,19,0
109,54,3,92,0,38,2,10,66,55,0
154,145,7,87,1,28,2,2,1,93,1
88,58,2,93,1,13,1,2,48,74,1
294,135,-8,82,2,57,3,12,180,37,1
60,25,-14,99,0,16,4,12,50,36,0
39,23,5,99,0,21,1,-8,21,77,0
230,175,-11,91,1,46,1,5,65,52,1
223,81,2,95,2,94,3,8,146,35,0
149,66,6,91,1,28,2,-1,102,58,0
80,54,-5,79,2,23,3,6,36,53,0
271,240,-18,96,1,33,8,21,31,78,1
189,133,7,94,0,32,2,1,95,74,0
147,102,-10,94,1,21,7,1,70,62,1
134,54,-5,94,2,52,1,6,80,42,0
196,109,-15,87,1,35,6,15,75,40,1
133,51,19,95,0,51,0,-4,80,72,0
90,61,2,91,0,24,0,-4,29,62,0
98,56,19,98,0,25,0,-10,43,92,0
59,17,-10,92,2,19,4,4,36,3,0
165,108,-9,93,2,45,3,12,57,61,1
78,20,-16,98,0,21,0,13,58,10,1
120,50,3,63,2,42,0,13,68,36,0
174,81,-14,85,2,61,4,20,98,34,0
199,158,-3,98,1,34,1,14,46,79,0
167,123,1,95,0,56,0,0,79,72,0
70,50,-2,98,2,34,1,-6,17,73,0
107,100,-23,96,0,35,8,17,2,62,1
304,118,-4,83,3,78,2,15,180,22,0
66,33,-12,71,2,26,1,9,30,45,0
50,31,6,98,1,19,1,4,24,80,0
58,15,-17,86,0,7,3,25,39,12,0
112,64,4,97,0,28,1,2,70,64,0
193,76,13,98,1,66,1,0,139,46,0
76,70,13,98,1,41,1,-7,6,100,0
200,136,8,94,1,78,0,-10,43,70,0
53,47,-1,99,0,21,2,3,1,84,0
101,57,-23,94,0,16,8,18,44,23,1
139,41,-1,99,2,28,3,-3,98,31,0
70,42,-4,85,2,13,0,0,26,57,0
118,86,0,83,1,23,4,1,13,72,0
153,109,-1,95,2,43,2,1,88,77,0
157,81,-15,87,1,24,2,4,107,32,0
139,114,-10,81,6,18,7,16,46,72,1
156,33,14,95,0,35,0,5,145,34,0
237,168,11,95,0,42,0,-10,73,89,0
129,60,-5,89,1,23,2,11,70,44,0
156,71,-17,91,2,19,6,20,92,46,1
116,70,-23,93,2,18,8,30,74,37,0
124,98,-3,85,0,33,3,11,36,70,0
99,64,-2,94,3,30,2,0,27,88,0
41,18,-25,80,1,10,3,21,24,12,1
71,48,2,91,1,19,0,8,23,65,0
132,96,-7,89,2,44,3,9,38,65,0
142,86,0,92,0,22,4,1,88,46,0
89,60,-10,90,1,25,6,10,29,74,0
100,56,3,96,0,29,0,2,39,44,0
171,88,2,98,2,22,3,19,83,47,0
190,139,-7,93,1,30,3,5,80,59,0
110,54,5,96,1,42,0,-5,66,52,0
166,145,-1,95,1,41,0,10,1,90,0
148,110,-12,95,0,25,2,9,42,55,0
37,19,-11,96,1,10,4,24,22,47,1
98,64,-25,91,4,37,8,19,59,35,1
175,147,6,94,0,32,3,-9,24,91,0
127,54,7,98,2,26,1,4,65,52,0
54,26,-18,91,3,15,8,21,28,39,1
230,89,2,97,2,47,2,1,110,46,0
159,59,0,97,1,49,1,7,155,47,0
200,128,-15,77,5,38,8,20,59,43,1
94,24,-3,92,0,23,4,9,89,12,0
57,33,-20,70,5,16,4,17,32,43,1
115,67,3,93,1,28,0,5,59,58,0
182,157,3,84,3,50,5,1,18,90,0
119,91,-12,89,2,38,7,1,28,58,0
116,57,-11,81,1,35,3,13,80,26,1
44,35,-12,85,2,12,4,13,17,51,0
121,87,8,82,0,30,0,-10,46,79,0
41,10,-40,73,13,14,8,30,52,0,1
237,90,-1,100,1,59,2,17,117,41,0
81,49,-30,65,10,18,8,30,56,27,1
106,37,-38,43,20,13,8,30,92,0,1
230,75,1,97,0,57,0,8,180,26,0
62,15,-2,99,1,21,3,15,49,9,0
276,131,-22,88,1,29,3,14,138,19,1
61,37,7,91,0,13,1,-1,17,66,1
110,67,3,95,0,26,1,-2,16,51,0
73,9,-6,99,1,15,0,3,75,14,0
152,120,13,93,0,44,1,-10,62,91,0
100,86,-31,73,6,29,8,24,25,53,1
317,201,10,97,0,77,4,2,129,62,0
58,33,-21,95,2,14,4,21,44,38,0
185,171,14,100,0,53,1,-10,42,100,0
193,138,-7,87,2,29,4,6,59,66,1
252,145,-10,77,3,39,3,10,97,51,0
225,100,1,92,2,52,1,3,104,45,0
53,17,6,97,0,23,1,-1,42,34,0
108,49,-7,96,1,22,2,10,44,34,1
116,79,-10,85,1,22,3,17,41,61,1
108,41,-12,95,3,22,4,16,83,16,0
164,26,-6,96,0,26,7,4,135,13,1
38,19,-25,89,2,8,4,12,21,11,1
227,62,7,96,0,54,2,-2,175,22,0
137,31,2,95,1,39,3,6,119,29,0
88,40,-29,82,1,14,8,29,53,17,1
67,44,7,97,0,20,0,3,11,68,0
153,116,17,99,0,32,1,-10,67,90,0
152,66,-6,98,1,47,3,3,117,36,1
186,64,-8,83,1,40,5,16,109,21,1
141,82,-11,97,1,27,4,10,59,42,1
231,40,-1,80,1,39,1,3,180,23,0
142,82,5,93,1,30,2,0,79,55,0
135,96,16,95,0,50,1,-10,34,88,0
156,59,-13,82,5,34,6,22,103,21,0
89,55,9,99,0,30,2,-10,17,70,0
102,30,-12,98,0,29,1,8,76,24,0
277,169,-13,95,1,44,4,11,178,55,0
94,59,-8,83,2,15,8,12,53,62,0
97,49,-6,99,1,31,0,0,42,42,0
157,85,-21,77,6,32,8,19,100,37,1
155,122,2,88,1,34,2,9,32,75,0
36,20,-24,40,20,9,3,17,19,29,1
114,50,-7,89,2,20,3,3,68,32,0
143,79,5,92,0,34,1,-8,108,68,0
75,71,-8,97,0,20,6,18,1,88,1
96,51,1,98,0,17,1,-3,47,61,0
87,16,-11,97,3,14,3,23,94,5,1
119,42,-3,98,0,23,2,4,57,31,1
127,98,7,92,0,34,1,3,65,89,0
48,25,7,99,0,18,0,-1,30,59,0
280,68,9,95,1,55,0,4,180,34,0
56,14,5,87,0,32,2,0,58,29,0
123,93,9,78,1,36,0,0,4,86,0
92,6,-13,88,1,25,0,18,80,9,1
90,58,-3,80,2,16,0,11,49,58,0
41,39,5,92,1,17,3,1,14,100,0
93,57,-13,94,0,24,7,21,46,48,1
35,21,-12,95,0,12,4,9,14,40,1
136,81,-27,72,5,14,8,30,58,28,1
133,76,-2,90,1,33,0,0,45,56,0
142,54,-14,87,1,30,3,17,97,25,0
132,52,-5,98,1,39,2,0,74,29,1
80,14,-8,96,1,20,4,23,76,8,0
83,52,-6,94,1,16,1,6,32,64,0
111,56,-7,98,0,18,1,7,62,30,0
144,129,-5,71,2,31,3,11,41,99,0
112,84,-16,90,1,19,2,14,38,64,1
82,53,-30,49,20,17,8,28,69,44,1
168,55,-5,93,0,47,2,-1,107,25,1
156,97,9,94,1,41,1,-10,20,65,0
30,24,-7,97,1,14,1,11,7,74,1
121,65,-27,57,18,19,8,30,87,45,1
143,38,-4,97,1,48,3,6,85,19,0
57,52,-3,93,1,17,3,11,10,97,0
114,87,3,92,2,21,3,5,42,82,0
91,24,-2,98,0,15,1,4,96,26,0
46,38,1,89,4,21,0,2,12,92,0
70,36,-1,99,2,19,4,-1,38,59,0
160,77,4,95,1,53,1,2,83,45,0
108,92,16,99,0,61,0,-10,21,97,0
44,27,-12,95,0,12,5,19,30,41,1
147,52,-7,85,0,31,1,3,96,29,0
134,84,5,96,1,40,1,3,19,61,0
180,140,-6,78,0,50,3,11,1,72,0
94,85,-12,96,3,22,6,19,13,68,0
211,133,-11,99,0,36,3,15,44,53,0
198,124,0,95,0,33,3,-8,64,63,0
325,63,11,98,1,75,1,-8,180,31,0
171,89,-4,93,1,36,1,6,95,62,0
70,46,-16,76,4,15,6,27,41,46,1
320,79,-14,100,2,55,3,13,180,13,0
42,26,15,99,0,33,0,-10,26,70,0
63,7,-25,40,20,21,6,30,56,0,1
138,78,-13,98,0,25,6,23,50,33,0
74,56,-8,84,1,18,4,16,18,55,1
56,32,-24,55,10,19,8,30,34,39,1
71,39,11,99,1,23,0,-10,35,67,0
103,41,0,93,0,22,4,8,65,31,0
158,94,10,91,1,40,2,10,79,71,0
145,62,-6,92,1,42,1,-1,47,25,0
142,74,7,98,1,38,2,1,47,59,0
75,12,6,94,1,21,2,4,70,18,0
252,157,7,94,1,62,1,2,180,67,0
240,53,-5,95,3,42,1,8,180,20,0
110,71,-5,90,1,20,1,6,42,53,1
125,24,-9,79,6,23,5,17,101,0,1
68,15,13,93,1,26,0,-2,48,32,0
118,59,-19,64,3,14,4,12,72,35,1
167,140,-10,93,2,29,1,18,55,68,0
72,42,-8,96,0,19,5,10,66,62,1
60,47,1,92,1,25,3,13,7,78,0
107,91,13,92,1,36,1,-5,33,85,0
148,35,-6,97,0,40,2,1,153,17,0
199,96,16,93,0,35,0,-10,96,74,0
74,43,6,95,1,21,0,-10,44,68,0
50,31,-4,93,0,23,3,17,19,55,0
238,181,-7,92,3,30,0,3,97,63,0
96,51,-6,96,1,27,2,10,61,45,0
99,53,8,99,0,28,0,-8,53,71,0
79,73,4,97,1,17,2,-8,22,100,0
156,96,1,90,3,42,1,4,50,55,0
53,31,-13,93,0,25,0,12,34,54,0
162,82,-18,81,3,29,8,13,80,41,1
117,38,3,99,0,29,0,0,78,42,0
192,75,1,94,0,34,5,3,138,32,1
166,74,6,99,0,37,0,-3,159,40,0
124,27,-6,96,2,22,3,16,107,9,0
160,131,-1,91,2,30,3,16,42,79,0
212,78,10,93,2,53,1,0,141,42,0
156,107,-12,94,2,43,3,12,38,59,0
43,22,-4,95,2,17,1,5,21,56,0
88,36,9,90,1,31,0,-10,73,53,0
126,30,-13,76,3,22,2,12,87,16,0
150,110,-9,95,0,26,4,16,57,56,1
124,52,12,90,1,29,0,-9,69,62,0
118,95,-9,96,2,26,0,-3,49,76,0
309,141,5,87,2,64,4,-3,180,58,0
117,91,-2,93,4,41,0,4,71,76,0
121,29,7,99,2,17,1,-9,92,28,0
126,70,-20,81,1,17,3,14,74,37,0
170,138,0,84,0,40,1,3,5,81,0
100,59,-8,97,0,20,2,9,47,50,0
115,82,1,95,0,39,2,10,57,71,0
166,108,-10,97,0,35,3,16,68,63,0
157,17,0,79,0,36,1,4,148,8,0
154,69,-1,92,0,30,2,1,102,39,0
90,79,6,98,1,38,2,1,11,88,0
54,48,5,97,0,26,1,-7,1,87,0
72,63,1,92,0,34,2,11,1,84,1
275,251,-1,99,1,57,5,5,121,100,0
244,133,-5,79,2,53,7,15,122,55,1
88,31,-12,96,1,28,5,17,63,8,1
71,59,-19,87,3,11,2,11,26,53,0
112,84,-10,92,1,15,3,1,46,77,1
143,96,4,85,1,34,2,2,63,74,0
58,44,5,96,0,24,1,-6,11,83,0
76,61,-14,98,1,10,4,11,11,64,1
101,20,-12,97,0,39,4,19,99,0,1
149,96,-6,90,0,44,2,0,60,61,0
74,59,0,90,0,35,1,7,26,81,0
136,106,14,94,1,53,2,-5,37,95,0
49,32,-9,96,1,13,2,2,14,42,1
173,38,-20,83,1,22,2,7,136,7,0
162,82,1,90,1,19,2,3,104,60,0
155,111,14,98,1,74,2,-6,45,84,0
59,40,8,96,0,15,1,-9,37,76,0
125,52,12,97,1,35,0,-10,89,59,0
204,92,-30,91,0,34,7,30,133,17,0
216,131,-4,90,0,57,3,14,85,53,0
194,133,5,96,0,28,3,1,69,87,0
317,252,-3,86,0,71,2,13,26,63,0
184,145,-12,91,4,27,2,4,77,60,0
112,34,8,98,0,19,0,-9,61,40,0
77,56,-15,93,0,16,4,9,28,44,0
48,23,5,92,0,19,0,-9,22,50,0
80,52,-2,89,1,26,1,-10,33,76,0
116,108,18,99,0,55,0,-4,1,100,0
128,79,2,90,0,41,0,6,70,67,0
72,29,0,99,1,22,0,-1,46,37,0
365,230,-9,82,0,100,3,3,120,53,0
138,28,6,96,0,24,0,-2,142,24,0
82,48,4,93,0,27,2,-4,34,57,0
255,81,-1,91,0,49,0,4,174,35,0
56,27,-1,94,0,16,1,8,37,43,0
38,5,13,96,0,18,0,-10,38,28,0
68,64,-7,94,1,20,0,6,4,84,0
106,32,-21,86,5,12,8,23,91,9,1
148,73,-19,96,1,16,6,9,91,36,1
318,200,-37,71,16,37,8,30,115,35,1
165,73,7,97,0,53,1,4,138,53,0
78,36,6,97,0,21,1,2,51,59,0
112,73,-10,67,7,29,4,25,47,57,1
82,34,1,91,0,28,0,1,48,36,0
48,40,8,96,0,17,0,-5,9,75,0
125,21,7,94,0,39,1,2,118,11,0
105,18,-9,96,1,33,5,15,108,0,0
57,43,-11,75,8,19,3,21,31,63,1
120,42,-2,89,1,37,0,-4,83,33,0
83,38,-3,92,2,16,1,0,38,36,0
82,39,-21,91,1,15,7,19,43,25,1
50,26,-2,92,5,27,1,8,38,34,0
122,34,-3,88,0,52,0,4,69,24,0
90,21,-2,99,2,26,1,6,75,23,1
186,78,5,93,1,43,1,-1,180,46,0
306,175,20,98,0,51,0,-3,71,80,0
66,47,-12,86,2,11,5,5,24,66,1
77,49,4,97,3,18,1,13,10,61,1
116,68,-8,92,0,20,1,6,35,40,1
144,87,-9,97,2,36,6,14,100,42,1
215,115,-31,49,20,28,8,30,155,28,1
128,121,4,94,0,42,1,4,37,97,0
160,76,6,99,0,42,0,-5,111,46,0
152,137,-15,96,2,16,8,8,15,74,1
100,54,0,95,0,22,1,-8,57,54,0
119,59,3,96,2,19,0,-7,42,56,0
161,48,5,98,0,57,1,1,142,19,0
143,98,-4,100,1,28,4,9,45,59,0
81,30,-10,97,0,17,1,13,62,21,0
136,62,-14,83,5,20,8,22,108,53,1
75,51,5,98,1,25,0,-10,37,74,0
142,95,1,98,1,33,5,11,61,58,0
47,9,-19,86,2,14,2,24,39,0,0
52,22,7,74,1,31,0,5,34,58,0
73,62,3,100,1,21,1,0,11,93,0
46,38,-5,97,0,16,6,20,15,69,1
30,22,-5,97,0,8,3,9,8,74,1
151,99,9,89,1,57,1,5,52,82,0
73,57,12,95,0,21,0,-10,31,85,0
126,24,-2,93,1,33,0,6,90,15,0
142,21,-3,92,1,36,2,4,117,12,0
117,23,-13,89,4,28,0,8,78,8,0
98,79,-15,84,2,11,2,14,19,59,1
120,23,-6,83,3,47,4,8,97,4,1
61,46,-18,89,4,17,5,11,30,47,1
100,35,-4,94,0,19,2,6,64,29,1
87,37,-11,93,1,14,6,25,66,20,1
264,46,-8,88,2,40,0,6,180,6,0
238,127,-36,60,16,33,5,24,131,11,1
226,28,9,98,1,48,0,-7,180,31,0
79,55,-13,96,0,18,2,8,24,56,1
136,128,-15,73,1,19,3,18,16,77,0
127,75,-4,86,2,23,2,13,65,47,0
169,56,-6,95,3,30,1,9,141,24,0
151,104,-19,92,4,49,8,13,50,77,1
174,88,5,90,1,52,3,-5,82,56,0
89,84,-4,90,0,31,1,7,13,84,0
150,137,5,89,0,36,2,-10,16,98,0
61,39,-18,68,8,11,7,21,24,55,1
181,105,3,98,1,43,0,-7,57,55,0
122,38,-8,93,3,23,1,4,62,12,0
158,85,-1,97,1,34,1,-1,73,62,0
36,31,6,100,1,10,0,-6,16,87,0
260,182,-21,81,3,37,8,26,58,31,1
64,47,-19,88,2,16,3,12,17,53,0
234,136,-24,95,1,32,4,16,123,39,1
95,54,-12,72,3,16,5,23,46,56,1
79,50,-9,94,0,16,1,6,29,60,0
134,69,-9,94,3,24,3,20,46,47,0
84,34,1,99,1,26,0,4,33,43,0
100,48,-7,93,2,23,3,5,58,50,1
93,84,-11,87,4,23,3,14,18,77,0
79,51,-18,88,0,12,5,21,28,49,1
278,219,8,85,2,55,4,-2,83,90,0
268,152,3,93,0,43,2,-2,120,52,0
76,29,-5,97,1,23,3,4,45,27,0
32,29,-12,84,3,12,0,15,3,83,1
30,7,-1,98,0,10,4,8,29,16,1
79,14,-4,95,1,32,1,4,45,12,0
109,88,8,97,0,28,0,-7,32,96,0
228,106,-7,91,2,37,2,7,113,45,0
40,23,-11,94,1,21,1,8,16,46,0
120,43,1,96,0,33,0,1,77,40,0
86,43,-11,76,6,12,1,18,49,33,1
52,19,-18,98,2,14,5,29,36,15,0
79,33,7,99,0,22,2,-10,46,49,0
57,40,-22,79,3,8,1,6,17,53,1
35,22,1,91,0,11,0,-4,6,66,0
80,67,-3,89,0,29,4,3,34,84,0
327,254,-2,98,0,68,2,-8,98,82,0
159,76,-2,97,1,52,1,4,65,50,0
71,27,-2,93,1,20,2,25,52,29,1
365,254,0,97,1,69,1,-5,113,56,0
103,78,14,90,0,23,1,-10,40,87,0
74,6,-11,76,7,16,4,26,72,0,1
76,24,-8,98,1,20,7,11,75,27,0
174,152,8,98,0,37,0,-10,25,87,0
119,88,-13,91,0,19,5,14,31,63,1
145,87,20,90,3,28,0,1,69,80,0
53,25,-20,80,5,14,4,17,28,26,1
214,198,3,95,0,74,2,1,1,82,1
199,182,-3,91,0,58,2,10,38,86,0
148,81,15,99,1,49,0,-8,92,85,0
71,49,8,87,1,24,1,-2,43,68,0
99,44,-11,92,1,26,3,11,54,20,1
138,94,-1,88,1,26,1,5,71,61,1
242,172,2,87,1,31,1,3,70,61,0
89,40,11,99,0,21,0,-10,34,55,0
190,29,-11,89,1,42,5,6,180,15,0
60,42,-6,88,2,15,5,10,31,39,0
88,40,-19,90,2,25,0,14,45,28,1
109,37,-14,95,3,22,2,15,102,14,0
94,37,-18,75,3,18,8,20,63,13,1
125,104,-29,68,8,22,8,27,43,63,1
131,34,-16,86,2,24,5,18,114,19,0
174,63,5,100,0,26,1,-8,111,34,0
98,47,4,98,0,15,0,-6,54,52,0
279,74,-9,82,2,40,1,3,180,7,0
46,37,7,99,1,19,1,0,22,87,0
78,15,-14,91,2,17,1,7,79,0,0
124,81,17,91,1,45,0,-5,26,80,0
128,32,-14,90,3,30,3,13,100,0,0
139,100,-10,77,1,26,1,15,21,67,0
148,95,-15,77,0,25,7,8,95,50,1
115,61,-5,89,1,16,1,0,41,64,0
120,110,1,86,0,28,2,-10,1,93,1
81,35,-7,87,1,20,0,3,49,50,0
30,15,-7,87,0,9,5,12,22,36,1
79,56,10,94,1,24,1,-5,28,84,0
133,81,5,97,3,36,3,-7,37,78,0
254,84,-14,90,1,73,5,14,170,12,1
247,212,3,74,6,47,5,12,36,79,0
61,35,15,95,1,30,0,-7,19,65,0
240,69,-14,96,0,40,5,4,180,20,0
277,76,-5,84,1,55,2,9,180,16,0
176,138,-9,94,0,42,5,10,50,72,0
85,54,19,96,0,26,0,-10,30,97,0
77,38,0,84,1,17,3,-1,61,59,0
114,64,-15,98,1,20,7,21,59,43,0
189,158,-21,96,2,20,4,16,63,57,1
155,25,-17,73,2,22,4,21,164,1,1
246,104,-5,76,2,61,1,13,122,37,0
124,101,-27,88,7,18,8,30,56,50,0
137,85,-1,85,3,28,4,8,52,54,0
61,36,9,96,0,17,0,-8,40,62,0
306,47,-7,92,1,71,1,-3,180,18,0
62,26,-21,83,1,13,8,25,55,25,1
56,24,-6,95,0,12,1,10,37,28,0
365,227,-11,72,2,80,1,4,177,58,0
50,8,-2,96,0,17,2,14,41,18,0
50,41,2,96,1,30,2,0,9,86,0
132,96,-12,96,1,21,2,14,36,62,0
171,93,2,100,0,23,0,-6,110,55,0
56,46,7,92,2,23,1,-2,5,78,0
30,23,-3,93,2,14,3,7,10,67,1
96,75,-23,78,4,33,8,30,43,59,1
111,52,-4,99,0,15,2,1,79,51,0
126,82,-18,83,2,21,2,17,53,45,1
91,65,-3,86,2,17,6,6,26,60,0
65,27,-20,94,2,14,7,24,46,12,1
117,48,7,93,0,31,0,-8,70,48,0
150,121,-14,84,2,27,8,22,47,66,1
306,137,-5,75,1,41,0,12,180,41,0
103,22,-4,80,3,22,4,-4,99,16,0
215,100,3,99,0,49,0,-8,149,51,0
205,122,-10,84,0,27,2,-3,75,52,0
365,290,1,97,0,100,2,3,93,84,0
169,78,-19,72,8,26,6,16,172,30,1
248,164,-6,92,0,26,1,-2,87,49,0
257,79,-2,92,0,39,2,4,180,38,0
99,80,9,96,1,45,3,13,25,88,0
179,41,-1,95,2,28,4,14,139,22,0
365,247,4,94,0,81,0,10,146,81,0
76,36,8,98,0,21,0,-8,38,51,0
90,29,6,87,1,31,0,-5,50,46,0
209,192,4,90,3,50,2,2,29,100,0
99,42,-5,85,2,27,6,15,76,35,1
365,235,9,96,0,67,0,-10,130,77,0
81,32,-17,98,1,17,3,12,64,12,0
99,28,-7,72,2,20,3,11,57,17,1
84,24,3,95,1,15,2,4,58,44,0
224,157,-13,63,3,56,1,17,75,55,1
222,100,-8,97,5,58,5,16,174,37,0
135,80,3,91,0,25,1,9,64,56,0
89,23,-11,91,1,17,1,-2,103,31,0
154,35,-6,81,1,27,1,-1,146,11,0
83,74,2,97,1,28,1,-2,1,97,0
31,20,20,100,0,15,2,-10,11,78,0
130,76,-37,47,20,20,8,30,70,29,1
214,80,2,93,1,44,0,-9,128,50,1
98,28,12,99,0,25,2,-9,94,45,0
180,142,-15,94,0,34,6,16,41,68,0
80,56,1,98,1,24,3,-1,38,74,0
232,59,-5,95,1,52,3,7,180,19,0
111,38,-2,89,5,34,1,11,71,37,0
207,16,14,95,0,71,1,0,180,23,0
88,56,-4,95,0,17,3,-2,36,63,0
168,128,-4,94,2,26,3,-3,45,71,0
109,52,-5,98,1,43,7,14,62,38,0
224,58,-1,92,3,82,2,13,180,24,0
98,15,-12,74,8,12,4,19,100,0,1
155,29,9,96,1,36,1,0,118,22,0
244,24,-6,98,1,67,0,4,180,6,0
171,127,20,99,0,54,0,3,43,87,0
173,126,0,81,1,43,6,6,132,77,0
50,38,-9,97,4,11,6,8,15,72,0
192,111,-27,67,13,31,8,27,46,27,1
162,128,-22,92,4,23,8,26,48,53,1
113,83,-1,97,0,24,2,-2,30,76,0
198,158,-11,99,2,35,8,13,92,56,1
30,13,-23,75,5,8,4,22,22,25,1
181,158,-6,96,0,27,0,5,64,87,0
162,110,12,98,0,19,0,-6,41,83,0
74,53,-8,97,1,19,6,9,18,56,0
63,28,-3,85,2,27,2,7,35,49,0
53,15,-5,91,2,20,3,6,38,19,0
145,75,-16,86,1,18,1,6,70,33,0
163,61,-22,89,1,68,2,18,109,25,0
205,81,-10,94,1,50,5,18,156,13,0
236,55,-23,82,1,42,1,15,152,7,1
30,14,10,93,1,14,3,-1,22,58,0
167,67,9,96,2,28,0,-6,121,68,0
37,27,-10,96,0,12,5,7,21,53,0
79,28,-16,98,1,14,3,20,51,22,1
95,75,2,97,0,28,1,1,22,77,0
68,53,-15,97,2,18,2,7,4,48,1
30,10,-1,84,5,17,3,10,24,38,0
47,41,-7,86,0,11,5,14,19,98,1
35,25,6,94,1,16,3,-2,15,75,1
139,111,-16,82,5,26,7,6,48,53,1
74,60,-2,86,3,31,0,14,1,74,0
213,144,-1,94,2,36,1,4,60,64,0
39,31,-1,93,1,25,2,7,8,74,0
110,64,-32,59,14,16,8,27,74,22,1
250,170,-10,95,0,38,7,12,41,48,1
71,43,7,98,0,31,3,-10,43,68,0
288,158,-40,52,20,24,8,30,175,30,1
117,69,-20,75,4,11,5,13,46,55,0
244,170,-1,96,2,90,5,10,79,70,0
109,80,-4,90,3,29,1,9,29,58,0
54,40,-8,90,2,16,3,6,10,72,0
131,112,-6,68,1,20,1,10,1,81,0
309,139,1,88,0,50,1,0,180,36,0
50,29,-9,79,3,9,4,9,21,45,1
44,11,-5,99,1,20,3,9,40,21,0
156,132,-4,94,1,43,2,7,31,81,0
104,78,3,96,0,32,1,5,45,85,0
157,94,-20,77,4,25,4,24,64,39,0
167,114,-22,50,8,23,3,13,95,47,0
346,213,14,99,0,63,0,1,180,82,0
126,66,-9,97,1,40,2,14,68,36,1
138,95,-3,95,0,57,1,7,37,66,0
30,20,-11,94,4,17,4,20,11,56,1
192,151,6,96,1,100,2,-6,29,97,0
58,29,-5,100,2,25,7,12,58,40,1
97,82,-8,95,0,51,6,9,17,80,0
134,114,0,93,0,24,1,0,6,91,0
131,82,8,91,1,32,0,-10,27,75,0
112,33,-5,68,2,30,0,2,81,24,0
159,65,-4,90,1,37,3,12,117,26,0
90,46,-10,96,0,16,2,5,38,50,0
71,35,0,84,0,25,2,4,41,47,1
109,87,-1,75,2,31,2,6,32,85,0
109,74,-5,89,1,27,4,4,31,59,0
62,34,9,98,0,25,1,-7,36,73,0
98,70,3,97,1,30,2,11,49,75,1
109,65,11,98,1,29,0,-6,17,65,0
107,72,-21,92,3,17,7,27,29,49,1
36,10,-3,74,4,12,1,10,26,18,1
38,28,-5,84,2,14,1,8,22,74,1
221,74,11,95,1,72,0,-5,180,46,0
82,71,5,86,1,31,2,1,4,94,0
79,45,4,99,3,20,1,1,57,48,0
80,42,-19,98,1,18,1,11,29,21,1
61,41,-14,73,7,26,3,13,17,53,1
168,56,11,98,0,40,0,-5,116,37,0
134,96,-16,99,1,21,5,24,33,45,0
79,45,0,87,2,19,1,1,36,60,0
87,37,-24,79,4,24,6,30,81,14,1
105,53,-6,85,1,24,7,22,77,45,0
105,81,-9,91,1,17,8,15,24,73,1
147,91,-11,95,0,33,2,14,86,52,1
62,42,-3,85,4,18,3,6,20,64,0
94,79,-5,92,1,27,2,10,5,87,1
54,43,-1,87,3,18,3,5,25,68,0
164,57,-30,50,16,20,6,24,66,9,1
112,70,-24,96,1,29,8,20,74,34,1
75,23,0,87,2,29,0,4,60,25,0
266,234,-18,99,5,55,7,19,32,77,1
143,107,-3,93,0,69,4,9,73,81,0
116,40,-21,82,3,20,8,24,121,7,1
78,74,17,99,1,21,0,-2,24,100,0
236,177,-16,89,3,31,6,24,93,69,1
96,85,5,93,3,23,1,-10,28,96,0
161,53,4,97,1,44,4,-9,89,33,0
94,38,-14,83,2,19,2,9,45,28,1
56,37,-19,86,2,10,8,22,33,48,1
156,96,8,94,0,66,0,-10,60,67,0
104,46,5,86,1,37,0,8,68,53,0
156,141,-20,92,1,16,8,16,15,76,1
133,74,-7,99,0,27,2,1,42,51,0
236,190,0,92,1,45,2,7,46,75,0
135,70,-18,78,5,21,8,22,83,40,1
123,113,-5,95,0,27,3,2,18,90,0
96,57,-13,78,3,20,7,25,75,49,1
274,189,11,94,1,71,1,-8,144,100,0
145,65,-14,86,3,21,4,16,83,35,0
169,101,-4,95,2,34,2,1,42,63,0
195,146,-26,78,5,23,8,17,45,45,1
139,85,-2,92,0,33,5,8,45,67,0
50,37,-3,97,1,22,1,7,16,59,0
120,80,-21,89,3,19,5,21,58,55,1
87,72,-2,87,4,23,8,16,15,92,0
168,64,-12,65,9,29,0,17,88,38,1
215,142,-2,91,1,33,4,12,113,70,0
141,55,-10,95,0,28,0,11,112,27,0
111,45,10,96,0,33,1,-4,73,58,0
35,11,-13,96,2,13,7,15,42,16,1
143,54,-17,78,5,14,2,20,86,26,1
59,46,4,72,5,27,0,6,1,73,0
102,95,5,96,0,23,0,-7,11,100,0
190,120,1,87,1,39,1,3,105,65,0
99,61,-6,98,0,24,3,4,41,58,0
203,159,-8,94,2,29,4,11,68,66,0
75,38,-16,59,14,20,6,24,46,38,1
140,100,-8,90,1,29,2,14,57,72,0
117,36,-9,86,1,15,5,13,99,29,1
262,241,-15,88,3,30,7,22,69,77,1
113,10,20,97,0,63,0,-10,82,31,0
102,89,-8,95,0,14,1,10,13,77,0
40,12,9,88,1,38,0,-1,33,31,0
91,83,0,84,2,22,3,7,11,93,0
105,32,-26,40,20,18,3,25,68,0,1
107,44,-10,92,3,28,6,10,83,13,0
124,42,-13,94,1,23,0,18,102,29,0
161,31,-8,86,1,36,7,19,135,13,1
210,54,1,82,1,36,3,13,156,32,0
101,54,5,87,0,38,1,-5,34,66,0
251,204,4,93,1,46,2,-10,3,89,0
39,36,6,93,1,29,2,3,10,99,0
146,62,3,97,0,22,0,-5,60,47,0
100,69,-17,83,0,24,5,11,50,46,1
100,74,-11,85,2,19,4,11,26,69,0
44,14,20,100,0,16,0,-10,24,43,0
69,27,-25,90,4,15,3,25,54,26,0
100,86,-8,100,0,22,2,10,19,81,1
59,24,-7,99,0,18,4,8,44,36,1
84,47,-8,91,0,15,1,-1,44,60,0
55,23,13,93,1,12,0,-6,32,50,0
45,20,6,87,6,11,3,6,17,56,0
78,53,-12,94,3,11,6,20,42,59,0
67,25,-16,97,1,14,4,11,63,14,1
103,53,-18,90,3,31,8,23,52,35,1
69,27,-15,78,3,13,4,10,57,12,1
107,32,16,97,1,57,2,-2,90,47,0
83,27,-17,76,1,11,2,12,52,0,0
164,140,-10,84,2,42,2,14,33,90,0
69,33,-4,99,1,19,3,15,50,47,0
273,128,-4,91,1,73,3,14,180,49,0
110,95,-14,97,0,27,5,15,46,68,0
43,21,-20,77,10,16,5,23,25,18,1
365,164,11,94,1,100,3,-4,180,68,0
136,115,-15,86,2,21,5,10,44,74,0
71,15,-15,85,3,18,6,23,76,10,1
279,66,15,98,0,96,2,-1,180,47,0
54,38,7,93,3,20,0,-7,28,78,0
148,82,-20,62,3,32,4,18,66,43,1
81,59,-2,100,0,12,1,-1,26,74,0
258,59,3,90,0,48,2,-1,180,47,0
108,48,-2,96,0,17,4,4,71,39,0
98,86,-7,98,0,38,6,18,37,82,0
40,21,-10,76,4,13,2,19,16,45,0
109,51,-14,86,0,27,1,13,82,33,0
97,82,4,95,0,35,2,-3,46,100,0
74,36,-1,100,1,27,1,2,28,60,0
167,52,4,96,0,75,0,-7,111,30,0
99,21,-7,90,2,21,0,4,84,15,0
94,68,-14,93,3,13,2,8,26,57,0
127,42,-7,93,3,22,3,1,94,31,0
43,26,-7,95,0,8,1,14,26,49,1
110,87,-7,91,1,18,1,18,46,63,0
148,88,-1,97,0,50,0,7,68,55,0
273,80,-6,100,0,38,1,2,180,15,0
144,109,-1,96,0,40,4,1,67,75,0
184,150,2,94,0,60,1,-1,65,76,0
240,114,-13,99,0,29,1,9,175,39,0
300,162,16,97,0,64,1,-10,180,61,0
128,57,-14,96,2,24,5,19,59,24,1
200,130,-6,95,1,32,2,15,76,56,0
57,17,7,90,0,18,1,-4,40,33,0
30,17,-5,87,0,7,3,5,13,56,0
365,235,6,99,1,74,0,-2,148,65,0
182,52,4,95,0,34,0,3,102,28,0
169,58,-10,98,1,33,2,3,125,22,0
86,80,-3,97,2,42,1,9,1,87,1
141,109,-18,78,6,44,6,16,49,57,1
87,72,-12,85,3,17,6,23,45,69,1
166,73,-29,81,3,24,8,30,93,13,1
134,32,-24,85,1,18,7,29,140,0,0
66,35,-14,83,0,8,8,19,34,50,1
141,123,-4,88,2,36,2,5,24,91,0
47,27,-7,85,4,21,1,6,20,57,0
75,12,1,91,1,15,1,8,76,16,0
98,52,2,96,1,25,1,-1,57,62,0
183,77,7,100,1,44,1,-9,95,48,0
115,77,-30,76,10,23,8,27,37,36,1
323,238,-8,98,1,60,1,5,109,60,0
87,69,6,97,0,28,2,-6,18,73,0
92,33,-14,83,3,15,3,18,65,17,1
201,68,-8,88,1,46,4,7,136,26,0
347,275,1,96,1,100,0,0,69,87,0
77,44,-40,40,20,10,8,30,38,21,1
78,52,-6,96,0,19,0,4,44,72,1
82,32,11,95,0,22,1,-10,70,47,0
175,119,-16,91,3,25,7,24,99,62,1
48,19,10,95,1,20,0,-2,33,48,0
88,11,-11,64,0,15,0,11,73,0,1
136,69,-22,86,2,38,5,19,87,27,1
68,61,-1,98,0,22,2,17,21,92,0
89,54,1,97,1,16,2,4,38,57,0
287,136,-3,94,1,44,4,0,180,47,0
128,82,-19,92,2,30,8,28,58,41,1
65,18,-10,96,1,21,8,17,80,1,0
114,61,-4,86,2,32,3,-1,58,49,0
85,63,9,91,0,38,1,-2,28,84,0
30,7,-22,84,0,11,5,14,34,0,0
110,27,-7,92,0,20,4,1,83,16,0
165,81,-21,95,0,26,3,3,150,21,0
151,134,-3,97,0,27,3,8,18,74,1
189,61,-5,98,0,27,2,5,121,12,1
169,79,7,96,1,33,0,-6,84,42,0
77,47,2,97,1,17,1,12,35,75,0
96,72,-11,94,3,20,6,10,35,74,1
124,80,11,99,1,50,0,-3,13,74,0
118,37,-15,92,2,17,4,15,112,9,0
155,86,-6,97,1,37,1,5,73,52,0
242,72,-8,97,2,24,2,14,160,20,1
112,58,2,86,0,39,3,12,26,55,0
50,36,-1,99,2,16,5,13,24,76,0
73,38,-18,77,6,25,7,25,36,29,1
126,107,13,97,0,31,1,3,18,96,0
71,33,-10,78,1,14,3,15,66,37,1
120,64,-8,93,1,32,5,13,70,44,0
109,34,-28,99,3,9,4,25,78,14,1
96,28,-2,93,2,22,4,0,79,30,0
160,50,13,93,0,43,0,-9,111,33,0
146,116,0,92,1,46,0,1,47,86,0
120,52,8,75,1,47,0,3,47,30,0
75,43,-14,66,10,27,3,12,33,50,0
64,16,20,95,0,23,0,-10,40,41,0
52,12,-2,91,1,37,1,4,59,8,0
185,169,5,97,0,20,1,-7,8,92,0
365,73,14,90,0,77,1,-5,180,24,0
114,52,-2,89,5,43,5,16,57,39,0
30,26,1,98,0,16,0,2,1,94,0
134,81,11,87,0,39,1,-1,92,71,0
207,118,-17,91,2,35,8,18,106,30,0
139,118,9,90,0,40,1,-4,47,97,0
152,76,-14,92,3,22,4,9,114,50,0
73,55,12,100,0,24,1,-7,29,94,0
55,13,-24,96,4,12,8,30,57,0,1
91,71,6,95,0,30,3,-6,37,89,0
146,138,-18,92,4,25,8,25,44,73,1
142,90,1,98,1,48,2,8,67,80,0
192,116,-24,40,20,48,5,19,69,32,1
107,93,-25,93,3,17,8,29,23,58,1
114,74,-10,82,4,24,1,5,84,57,0
131,48,-5,97,0,22,0,-5,78,36,0
31,10,7,95,0,11,0,2,23,40,0
143,96,-14,79,2,31,8,13,74,44,1
120,72,-12,92,1,27,5,13,48,47,0
124,49,-17,91,2,18,2,15,87,23,1
159,69,-25,98,1,19,8,21,90,0,1
99,18,1,97,0,26,0,-4,70,18,0
78,43,-15,80,4,21,4,21,58,31,1
59,31,-6,89,1,12,3,9,26,53,0
62,20,-16,66,7,18,4,13,45,7,1
57,40,0,83,2,16,4,14,18,65,0
70,46,-8,98,1,14,3,14,6,44,1
144,114,-4,95,2,40,3,10,29,65,0
304,162,-6,78,7,46,8,17,159,40,0
244,147,-4,87,1,54,2,-1,97,57,0
101,29,-6,88,3,18,2,9,65,23,0
157,85,5,100,1,27,1,-5,115,49,0
43,31,-4,87,0,27,5,7,11,71,1
144,127,-12,81,2,35,8,23,4,82,1
274,189,-6,99,0,45,0,5,16,71,0
69,34,-1,98,0,19,1,-2,48,41,0
132,35,-21,89,0,21,2,13,133,0,1
133,110,3,92,0,29,3,6,1,88,0
143,123,-14,88,1,18,6,18,13,64,1
98,66,-12,87,3,25,2,15,32,70,0
193,124,-6,85,0,28,2,4,78,62,0
40,7,-9,42,17,13,3,17,39,2,1
199,36,-2,98,2,72,1,3,168,23,0
130,72,-12,88,1,23,2,22,52,43,1
107,65,-14,78,2,26,5,11,39,46,0
89,79,-5,88,2,32,1,3,16,77,0
67,36,-6,67,6,14,1,15,29,43,0
52,19,9,97,1,24,4,6,44,44,0
113,53,-16,69,3,24,6,10,52,26,1
33,19,-14,96,0,10,3,13,14,49,0
132,93,-3,98,0,39,2,11,39,75,0
54,40,0,82,4,20,3,-2,21,60,0
51,32,-8,96,2,16,3,2,26,59,1
201,127,0,95,0,45,1,-1,74,71,0
46,29,-24,77,11,17,8,30,30,46,1
72,68,-6,94,3,18,3,4,21,78,1
365,217,-37,48,20,58,8,30,109,32,1
50,39,-17,79,9,15,8,29,11,66,1
120,92,-11,94,1,23,3,14,53,72,0
181,25,6,89,0,53,1,-2,156,15,0
54,29,-11,99,3,12,5,14,34,40,0
133,115,-7,89,4,36,2,8,56,94,0
100,42,20,94,0,25,0,-10,54,59,0
49,29,-19,84,4,8,4,20,30,29,1
57,22,-14,89,2,12,7,23,43,26,1
88,82,-10,96,0,42,2,10,4,98,0
66,33,5,98,0,28,0,-10,35,53,0
178,25,-8,95,3,31,5,15,179,12,1
87,26,-5,92,0,25,3,14,72,12,0
57,49,10,98,0,22,2,-7,12,97,0
100,82,-4,81,0,27,2,-3,38,80,0
147,46,9,97,0,40,0,-9,117,31,0
69,23,-5,94,2,20,2,3,54,33,0
230,163,4,99,0,60,1,4,48,70,1
64,53,-24,81,6,16,8,16,20,57,1
239,194,-15,92,0,52,1,14,73,76,1
102,87,-3,81,1,30,4,9,28,83,0
69,18,-15,79,1,17,4,15,51,16,1
90,70,-16,98,0,12,3,16,17,53,0
255,157,3,94,0,47,1,-10,135,75,0
102,94,-4,98,0,18,2,1,28,93,0
245,104,-27,72,10,33,8,29,147,17,1
134,109,8,93,0,23,0,-7,87,84,0
153,137,-2,96,0,53,1,6,11,97,0
44,30,-10,97,1,18,2,5,14,60,1
186,47,-16,100,0,27,5,21,153,16,0
186,45,-1,98,0,41,0,0,168,26,0
125,64,-6,85,1,39,0,6,54,43,1
114,71,-8,97,0,28,3,2,50,41,0
87,64,-2,91,1,29,2,16,33,68,0
107,81,1,93,0,49,3,11,38,81,0
78,27,6,99,0,38,0,2,51,54,0
87,65,-25,63,4,18,8,25,26,43,1
158,52,-7,93,1,47,3,9,127,14,0
113,85,5,92,1,31,2,-7,46,77,0
91,51,-12,97,0,20,5,12,56,52,1
149,94,-8,98,1,41,2,9,91,51,0
173,70,-9,67,3,27,2,10,127,32,0
114,29,-15,95,2,26,3,24,99,0,1
85,13,6,99,2,31,1,-4,51,17,0
65,42,-25,94,1,16,2,15,23,49,1
187,74,-12,90,0,41,3,9,134,19,1
44,26,-23,58,4,17,8,18,34,49,1
201,70,-14,94,3,39,5,18,135,16,0
83,39,-11,77,0,16,1,18,52,31,0
134,89,2,98,0,26,0,0,45,80,0
185,56,-15,97,1,58,8,20,180,6,1
107,63,-15,72,3,26,8,19,69,49,0
124,71,-8,96,2,62,2,10,79,62,0
79,16,-14,97,1,22,3,8,60,0,0
124,21,-2,99,1,18,1,-8,108,9,0
227,138,-4,99,0,31,3,5,78,51,1
216,98,3,99,1,38,0,7,90,51,0
63,21,-14,94,4,12,4,19,45,30,1
142,101,-9,95,2,26,2,11,48,62,0
36,8,7,99,0,13,0,-10,25,27,0
209,140,-2,81,0,40,2,0,71,55,0
55,25,-8,94,1,14,2,15,18,24,1
112,59,-20,88,1,18,5,19,98,29,1
78,67,-27,56,18,18,4,29,20,56,1
83,68,-3,96,0,23,1,-5,20,86,0
243,159,-13,81,1,39,8,28,100,49,1
97,46,-7,92,1,20,3,6,52,47,1
95,57,4,99,0,29,0,-8,27,72,0
300,105,-19,92,3,33,4,16,180,14,1
75,42,-22,95,3,14,7,30,29,30,1
100,30,-2,82,2,15,3,4,65,31,1
224,152,-27,87,6,39,8,30,107,59,1
186,157,-5,92,0,50,1,10,34,89,0
90,20,-13,88,2,30,3,13,70,0,1
100,79,3,93,0,21,2,1,21,79,0
93,28,6,84,2,52,2,-3,78,31,0
260,218,1,98,0,71,1,4,104,84,0
59,27,-18,89,2,14,3,16,32,9,1
49,43,-5,93,1,22,2,-1,21,87,0
141,78,6,98,2,33,0,-2,43,59,0
203,74,-10,91,0,26,4,16,85,30,0
148,50,11,95,1,36,0,-5,116,37,0
83,32,-17,98,1,15,6,14,50,19,1
278,162,-16,94,5,34,4,26,119,53,0
137,106,-3,98,1,26,5,9,41,86,0
176,75,9,91,2,62,2,2,115,49,0
166,21,0,93,2,18,0,9,145,24,0
117,19,-1,94,1,26,2,3,133,25,0
52,19,-24,83,2,11,1,15,42,10,1
180,112,-12,92,2,43,2,6,137,63,0
105,36,8,94,3,22,2,-5,56,30,0
179,157,16,95,0,48,0,-8,54,100,0
70,52,6,96,0,21,0,2,13,80,0
183,72,0,89,0,31,1,-1,129,42,0
122,38,-7,89,0,20,3,11,74,20,0
92,58,-10,97,3,17,3,6,34,50,1
75,13,-17,95,3,18,6,23,83,2,1
159,112,-4,98,0,18,5,0,44,62,0
56,34,-23,75,2,12,5,22,38,34,1
59,21,12,99,0,35,2,-7,23,56,0
132,62,20,99,0,36,0,-10,70,55,0
51,36,-12,89,1,12,2,10,15,68,1
57,27,13,99,1,12,0,-3,35,70,0
89,77,-6,93,0,21,0,2,1,67,0
72,66,-13,99,0,14,0,21,9,90,0
104,77,-12,75,4,23,3,0,24,60,1
85,45,-19,55,15,19,6,23,33,45,1
115,45,3,96,0,20,4,2,94,33,0
55,28,-14,90,6,15,7,22,24,30,1
85,25,8,97,1,30,1,2,65,33,0
162,117,-40,40,20,22,8,30,45,45,1
171,88,0,88,0,36,2,16,140,56,0
178,124,13,95,2,83,0,-6,10,89,0
92,48,7,97,1,21,1,2,32,59,0
144,50,0,91,0,29,2,9,110,34,0
151,38,5,93,1,52,2,-4,113,36,0
117,66,-5,96,0,41,1,0,53,44,0
74,17,-11,94,1,15,1,6,47,0,0
88,46,7,96,1,29,0,-3,35,70,0
193,151,15,97,0,68,0,-10,39,100,0
132,107,4,95,0,23,1,-1,55,85,0
103,21,15,94,0,25,0,-9,105,45,0
279,168,13,97,0,95,0,-10,86,54,0
70,27,-12,88,2,27,6,20,54,27,0
213,151,-2,86,0,48,4,13,93,85,0
312,95,2,98,1,55,0,-6,166,35,0
84,58,3,94,1,20,2,-3,41,82,0
158,48,4,95,0,40,3,-4,109,33,0
40,21,11,88,1,17,0,-10,29,57,0
126,51,-2,88,0,62,2,5,61,26,0
174,111,-13,83,2,46,3,7,92,46,1
97,48,7,98,0,36,2,0,64,53,1
365,133,-11,95,1,75,3,10,180,35,0
86,72,-22,79,2,20,4,23,31,65,1
47,34,-12,98,0,20,3,7,24,62,0
131,102,8,99,2,44,1,-1,36,85,0
73,58,-13,95,1,18,4,3,46,72,0
272,137,4,97,1,37,1,-8,148,57,0
138,76,11,97,0,50,0,-10,53,69,0
312,228,-1,97,3,62,1,7,110,68,0
198,157,-4,86,0,34,3,11,71,70,0
74,68,-7,98,0,20,2,8,6,80,0
47,11,-9,60,2,19,4,11,36,22,1
169,121,10,94,2,79,0,-7,52,73,0
38,30,-27,91,0,9,8,26,21,49,1
66,27,7,93,0,18,0,-2,39,55,0
91,46,9,93,2,23,1,-10,62,57,0
49,36,6,83,2,20,2,-10,6,72,0
273,137,-3,98,1,95,5,8,180,44,0
118,86,-8,98,0,21,6,11,34,69,0
130,27,2,94,0,39,3,3,114,19,0
100,45,-7,94,2,25,1,3,55,40,0
118,85,6,97,1,20,0,-9,15,88,0
56,13,-5,95,2,16,1,10,33,10,0
76,11,-12,64,6,23,4,16,76,0,1
194,85,-14,93,4,51,4,18,109,29,0
120,83,-6,96,3,30,5,12,64,65,0
97,35,-26,99,1,11,6,25,82,12,1
201,95,6,99,0,23,1,3,113,45,0
123,75,-10,95,1,20,3,5,62,57,0
49,37,-2,99,0,20,4,6,9,72,0
94,28,4,94,0,21,1,-8,79,37,1
138,30,-14,84,2,26,2,13,136,5,0
107,33,-7,96,0,29,1,7,74,26,0
169,138,14,97,0,66,0,-7,4,100,0
108,30,-14,85,2,20,2,12,96,8,0
84,42,-3,97,1,39,2,-1,61,52,0
336,250,-6,95,0,43,5,12,109,53,0
126,14,-5,96,1,19,1,9,116,24,0
95,67,2,98,1,36,1,5,46,77,0
101,59,11,97,0,26,1,0,63,72,0
165,144,11,96,2,31,0,-4,21,100,0
138,111,-5,99,1,19,3,12,59,63,0
84,32,8,98,0,39,1,4,58,47,0
88,45,-3,90,1,19,2,5,43,46,0
167,57,3,87,1,32,1,3,130,46,0
88,47,-13,87,2,20,1,10,30,31,0
45,33,-2,91,0,14,2,3,18,64,0
68,53,-16,96,2,17,1,9,15,70,0
151,81,-9,89,3,60,6,13,86,23,0
128,75,-15,96,2,22,3,8,74,41,0
162,66,-25,64,8,26,3,21,101,17,1
125,82,-2,95,0,22,0,4,50,73,0
66,20,-10,87,0,18,1,-2,41,21,0
91,31,6,93,1,24,1,1,73,47,0
151,79,-9,98,1,33,4,20,94,47,0
84,69,-18,83,3,20,8,20,1,55,1
50,36,-9,93,1,12,3,5,14,57,0
97,39,11,92,1,24,0,1,59,48,0
239,177,-7,89,0,61,3,7,53,66,0
158,29,3,95,1,40,2,0,157,31,0
213,189,-25,94,4,22,5,21,83,57,1
252,177,-5,95,2,36,4,14,155,44,0
49,35,-2,84,5,18,1,4,25,78,0
90,44,-13,62,14,18,5,15,46,40,1
91,33,-22,84,5,25,7,22,55,8,1
320,247,-10,88,0,68,1,9,179,63,0
317,113,-24,82,5,51,2,22,180,8,1
129,66,13,94,0,42,1,-4,78,64,0
75,64,-21,48,15,11,6,30,11,58,1
73,44,-19,88,4,25,8,27,61,46,1
75,35,-7,96,2,19,2,16,54,35,0
53,35,-7,90,2,28,8,16,19,61,0
91,47,-22,98,2,24,5,19,66,26,1
60,26,-26,98,3,11,8,26,47,20,1
71,51,-11,92,1,39,7,18,18,61,1
164,60,-20,83,3,25,8,17,83,10,1
133,94,-29,58,20,36,8,30,91,35,1
339,206,3,95,0,96,2,-8,102,64,0
77,63,-28,96,3,15,8,16,21,67,1
94,69,-13,91,2,12,2,11,48,54,1
63,33,-9,96,1,13,2,13,32,49,0
83,48,-2,96,1,15,1,-6,47,56,0
63,46,15,94,0,22,2,-10,27,87,0
135,91,0,90,0,42,2,12,44,71,1
144,57,-13,84,0,27,3,14,96,32,0
52,22,-16,95,0,9,4,25,50,33,1
84,21,5,81,0,30,0,-9,72,22,1
164,112,-13,91,0,13,4,9,52,57,0
199,54,11,94,0,74,0,-7,95,36,0
96,52,15,98,2,31,0,0,55,53,0
170,115,2,99,1,36,1,3,56,67,0
94,27,-10,82,2,14,0,4,70,11,0
54,49,-35,95,2,12,8,30,12,65,1
217,168,11,86,1,36,1,-4,49,100,0
279,170,3,94,1,63,3,6,89,60,1
68,19,-5,92,2,25,1,9,56,16,0
234,208,7,97,1,55,3,-6,30,95,0
75,32,-5,89,3,13,0,12,55,32,0
69,37,6,98,0,21,1,-4,28,64,0
335,262,0,92,0,44,4,8,26,75,0
56,53,9,98,1,32,0,-3,7,84,0
264,236,-12,93,2,43,2,5,23,65,1
53,23,-19,78,3,12,7,24,43,19,1
229,88,7,98,0,84,0,-4,151,52,0
159,51,-3,99,1,40,4,11,114,22,0
101,90,-8,80,2,23,8,15,13,73,1
169,145,-18,85,0,29,2,6,41,77,0
106,60,5,92,2,35,0,7,68,64,0
114,83,-9,68,5,29,6,16,30,69,1
66,35,-17,84,2,9,4,23,24,35,1
93,37,-14,70,1,17,5,18,49,22,1
138,64,2,95,1,37,3,3,55,57,0
117,20,-12,95,1,27,1,15,110,0,1
278,182,1,99,1,78,6,8,44,72,0
105,43,-14,85,1,19,4,9,72,15,1
72,24,8,98,0,18,1,1,54,49,0
88,75,-13,89,1,18,4,15,48,76,0
80,58,3,97,1,21,1,-3,29,69,0
80,35,7,98,0,15,0,-4,39,54,0
158,60,9,85,0,45,4,4,85,36,0
92,26,-6,97,0,33,1,7,65,22,1
105,57,1,89,2,31,2,2,48,47,0
83,53,-13,98,1,27,4,13,42,46,0
75,18,-9,89,0,20,2,3,59,16,1
113,80,13,98,0,34,0,-7,50,91,0
51,19,-4,98,1,14,1,-1,41,29,0
145,115,-1,88,1,36,4,-1,33,80,0
139,58,3,96,3,55,0,5,81,31,0
84,55,5,95,0,14,0,3,12,72,0
78,41,3,98,1,26,0,0,39,51,0
80,67,-7,73,1,26,5,11,23,72,1
92,41,-10,93,1,16,1,13,63,28,0
215,122,-8,96,2,55,1,16,93,42,0
101,55,-14,98,0,19,0,0,39,37,0
166,69,-9,91,1,31,1,12,100,31,1
161,90,9,95,0,33,0,-9,71,56,0
180,118,-2,94,0,38,6,13,67,65,0
171,51,-2,96,1,49,1,3,97,34,0
147,63,-15,96,1,24,4,14,101,30,1
101,82,-2,98,0,19,0,7,24,75,0
75,54,-16,82,2,15,4,20,11,63,0
62,45,-10,95,1,11,3,18,14,68,0
158,100,-14,76,10,34,8,28,58,56,1
94,72,-22,87,1,15,7,29,35,61,0
70,40,-14,89,2,11,4,18,30,46,1
30,23,-7,97,2,10,7,14,22,83,0
81,56,6,92,0,31,0,-6,26,67,0
144,17,8,98,0,28,2,0,135,10,0
129,53,1,95,4,48,1,2,75,53,0
131,111,5,88,2,46,2,6,20,96,0
365,243,-6,78,3,71,3,17,136,59,0
119,84,-12,98,0,19,0,24,39,61,0
126,15,12,94,0,46,0,-10,111,20,0
113,45,-11,78,7,28,1,10,99,32,1
68,50,-17,80,1,16,8,19,18,57,1
195,176,-11,91,3,28,4,14,65,82,1
132,86,0,98,0,29,2,1,48,71,0
186,143,-14,93,1,54,4,20,50,67,1
262,84,-8,100,2,73,2,5,180,26,0
212,21,-18,78,7,58,4,25,180,0,0
179,154,-19,60,10,30,5,12,67,66,1
71,38,-20,69,5,6,5,14,25,39,0
96,70,5,87,0,41,5,6,26,78,0
135,39,4,89,1,46,1,-10,114,30,0
85,72,-2,86,1,15,3,7,26,83,1
156,135,-2,83,1,31,6,6,21,90,0
173,127,-20,98,5,19,4,17,42,53,1
91,81,10,97,1,38,1,-6,13,100,0
71,47,-2,93,1,26,3,1,29,58,0
174,81,-9,93,3,53,4,14,80,34,0
86,41,-21,44,20,18,4,29,44,18,1
74,38,-5,98,2,15,2,4,38,25,0
116,57,0,99,1,36,4,-1,91,51,0
110,87,-4,96,4,33,1,7,33,74,0
116,32,13,95,0,43,1,-10,82,34,0
96,37,-17,78,9,18,3,17,82,15,1
63,11,-20,76,3,25,4,17,63,7,1
139,75,-16,88,2,25,4,12,29,26,1
86,6,-1,99,0,34,1,2,97,11,1
349,273,-6,97,2,59,2,6,97,65,0
144,74,-17,52,17,25,7,30,76,35,1
68,50,-13,84,0,19,4,13,20,63,0
87,69,-11,94,0,18,4,9,48,76,0
172,32,-13,93,1,28,7,19,137,10,1
128,46,2,95,0,34,1,-1,100,37,0
73,66,-1,94,0,17,3,-6,20,85,0
108,50,-17,76,5,18,4,14,81,41,0
200,130,-33,44,20,44,5,30,70,35,1
140,27,4,96,2,34,2,-1,94,18,0
365,135,16,98,0,57,0,-10,180,58,0
112,81,-11,82,5,18,8,18,49,59,1
114,61,3,97,1,23,0,0,38,59,0
164,114,-24,71,3,41,2,19,47,43,1
105,52,-34,77,7,21,8,30,66,10,1
194,75,-5,88,2,60,2,15,120,41,1
43,38,-8,99,1,13,2,11,2,83,1
56,36,-5,86,2,13,2,14,36,52,0
44,33,-16,90,1,7,4,18,11,57,1
92,44,-9,95,0,14,3,10,48,41,0
56,42,-5,83,2,19,6,14,25,82,0
80,29,6,91,0,15,0,-10,34,45,1
75,9,1,95,1,37,1,7,71,18,0
89,54,-3,95,1,30,3,10,44,53,0
179,19,8,98,0,30,0,-8,180,16,0
136,57,12,99,1,55,1,2,80,56,0
216,175,-15,99,2,28,2,2,54,80,0
194,167,-19,69,8,43,8,25,63,65,1
113,38,4,98,0,23,1,-2,82,46,0
138,66,4,98,0,21,1,-7,106,68,0
56,43,-14,75,7,24,8,22,15,51,1
140,114,-15,83,10,20,6,28,34,65,1
266,156,1,86,0,94,0,-1,115,65,0
94,48,-11,81,1,14,0,-2,66,41,0
102,25,-16,83,2,28,3,16,69,18,0
157,36,4,95,0,70,2,4,134,24,0
249,213,-6,89,1,84,1,3,47,81,0
172,64,5,96,0,81,0,-10,121,23,0
98,67,-6,94,2,22,3,14,43,70,0
120,98,-14,82,5,36,7,18,70,68,1
99,92,-13,99,2,32,4,10,2,64,1
88,42,-23,98,1,14,3,26,45,27,1
50,44,-8,90,2,27,7,5,27,73,1
138,125,-8,83,1,44,2,-9,17,82,0
62,32,-2,92,2,24,2,10,29,51,0
131,77,1,91,0,47,0,-5,72,60,0
55,39,-10,97,1,21,1,6,12,51,0
71,47,17,98,0,33,0,-10,16,82,0
119,74,-40,66,10,9,8,30,47,16,1
175,41,-11,88,2,37,2,12,129,18,1
245,112,0,89,1,62,0,5,179,47,0
365,289,11,99,0,69,0,-3,104,100,0
111,72,8,90,0,15,1,-4,35,81,0
73,50,3,99,0,26,4,-1,23,69,0
295,223,-7,94,1,39,1,8,138,67,0
100,49,-5,98,1,22,3,5,55,45,0
82,29,2,97,0,36,1,-1,60,39,0
84,47,18,98,0,28,0,-10,40,72,0
98,78,-8,83,3,24,4,16,31,69,0
33,19,-15,94,2,6,2,15,21,48,0
72,65,6,98,1,37,1,0,19,95,0
149,96,-15,85,5,33,8,25,85,43,1
98,70,2,90,1,20,0,-2,43,68,0
88,40,10,98,1,34,2,1,70,56,0
30,23,3,82,0,18,3,3,14,87,1
96,35,11,97,1,21,0,2,41,41,0
170,130,8,91,1,56,2,1,44,75,0
118,109,-5,90,3,24,4,3,1,76,1
131,122,9,97,1,40,2,-5,9,100,0
175,88,-21,74,3,18,5,14,87,28,1
90,28,-19,88,2,13,7,15,92,4,0
62,58,6,98,0,16,0,1,13,88,0
115,100,-16,79,4,25,8,28,5,64,1
45,36,2,98,1,18,1,9,10,86,0
139,124,-18,99,0,18,3,14,44,70,0
142,80,-14,83,6,34,3,14,60,36,1
91,51,-10,90,5,12,2,12,59,45,0
58,35,-4,96,0,13,1,-4,22,60,0
237,172,-8,91,1,38,1,-2,41,59,1
84,51,-10,86,2,22,4,10,33,45,1
171,50,10,99,1,36,1,-4,133,40,0
83,17,-7,98,0,20,0,8,55,25,0
150,43,0,96,1,26,1,-5,95,34,0
93,73,-2,100,2,30,3,-1,21,76,0
96,44,3,93,0,28,1,-2,58,39,0
158,66,-9,98,1,26,2,-1,103,29,0
141,93,3,92,1,32,1,2,34,72,0
52,22,-12,95,2,14,2,24,31,44,1
75,24,9,96,0,39,0,10,60,45,0
37,21,-6,95,0,13,3,9,24,62,0
55,28,-17,98,1,8,7,11,35,35,0
42,28,-2,84,3,18,2,-4,26,70,0
149,116,-22,72,4,31,8,20,19,47,1
232,178,-4,98,2,42,4,1,106,73,0
164,30,0,97,0,27,0,-8,113,16,0
179,156,-8,76,1,25,4,8,16,80,1
296,49,-6,87,0,52,4,3,180,21,0
42,16,-13,94,2,11,5,29,47,29,1
277,232,-3,96,2,69,6,7,61,67,0
95,73,-4,91,0,32,3,11,33,70,0
150,129,9,89,0,44,0,-5,15,93,0
71,31,-17,96,4,17,3,17,41,37,1
163,93,-18,99,3,24,6,16,85,51,1
140,33,6,92,2,27,2,-6,107,38,0
100,25,-4,90,0,34,3,14,78,23,0
81,30,-6,91,1,27,1,7,53,28,1
220,206,-16,99,0,25,8,20,115,79,1
87,35,10,99,2,41,1,0,30,38,0
40,28,-17,94,1,5,1,15,12,51,1
54,34,-23,77,9,14,8,22,42,51,1
64,53,-13,89,2,17,4,2,18,71,0
61,48,1,95,1,21,1,-3,15,87,0
207,122,-5,83,2,46,2,7,55,67,1
283,84,5,97,0,38,0,4,139,30,0
179,46,-7,80,3,38,2,13,144,32,0
44,8,0,95,0,12,0,4,46,29,0
81,48,-12,93,0,22,5,24,26,59,0
365,66,-2,97,3,50,1,-1,180,16,0
75,39,-12,91,0,24,2,15,23,42,0
136,49,4,97,1,22,0,-9,102,45,0
111,56,-10,85,1,22,4,9,63,35,0
83,26,4,97,1,18,0,5,65,44,0
102,61,0,95,0,20,0,-8,43,65,0
40,18,-9,99,2,18,2,16,25,60,0
46,11,-18,82,3,7,3,24,45,0,1
30,17,13,99,0,25,2,-9,20,62,0
106,81,-19,84,3,18,2,22,22,57,1
128,55,-7,80,1,28,1,15,92,42,0
65,26,-9,96,1,12,0,4,29,44,0
166,58,-22,95,0,47,8,28,150,25,1
47,31,10,97,1,48,1,3,20,73,0
51,13,-4,94,1,19,0,3,41,34,0
126,85,-27,44,20,16,5,30,90,46,1
145,86,2,86,3,33,0,-5,70,62,0
164,102,-8,79,2,50,5,16,66,46,1
143,71,-6,89,0,30,2,2,77,65,0
365,92,-4,95,1,70,6,13,180,25,0
118,62,-16,49,7,31,1,18,59,22,1
254,145,-10,48,12,40,3,16,67,41,1
147,36,-26,93,3,29,3,29,142,0,0
107,27,-3,95,0,23,0,6,94,17,0
136,111,-21,71,1,15,4,9,28,70,1
212,50,-5,87,1,43,5,13,180,32,0
160,89,-22,80,4,9,7,28,88,43,1
85,40,-12,93,3,25,3,7,65,36,0
79,39,-10,63,5,20,3,5,38,42,0
76,70,-20,93,2,20,4,12,23,82,0
346,128,-16,68,10,100,5,20,180,24,1
83,41,-17,98,3,17,3,19,54,38,1
162,105,-7,97,1,42,8,13,57,55,0
129,80,-5,94,2,32,0,4,52,54,0
48,21,-19,88,4,23,3,20,41,22,1
80,66,-14,93,2,22,0,9,9,62,1
203,160,-17,90,2,40,3,13,43,55,1
117,33,-14,84,1,28,5,15,107,9,1
167,91,-21,86,3,29,4,28,111,19,0
169,103,-12,97,0,24,2,6,94,46,0
87,54,-4,98,4,35,1,16,44,63,0
76,61,-3,96,0,19,2,10,15,73,0
111,51,12,99,0,34,1,-9,51,61,0
89,74,-7,78,3,15,1,10,1,70,1
48,33,1,97,0,17,1,-8,23,77,0
171,77,0,91,0,50,0,4,93,51,0
62,54,0,94,0,30,1,0,13,95,0
88,76,-23,90,5,16,8,30,17,63,1
105,29,1,95,0,40,1,-10,76,23,0
69,53,3,100,0,19,1,-1,27,86,0
127,17,-13,94,3,21,2,7,103,0,0
162,59,12,97,0,38,1,-9,99,47,0
170,27,-1,93,1,29,2,2,143,21,0
189,54,0,96,0,36,2,1,180,31,0
118,102,10,93,1,33,1,-4,17,90,0
96,46,0,77,2,20,4,18,67,53,0
77,62,-1,89,0,20,3,10,15,97,0
92,44,-9,100,0,26,7,13,88,31,1
144,82,-11,76,6,25,3,6,70,54,0
75,37,-11,94,0,14,4,14,39,37,1
95,72,6,88,1,38,3,-1,18,72,0
90,31,-10,85,2,24,7,16,77,35,1
92,37,-10,84,2,25,3,16,67,43,0
91,36,-7,98,1,21,1,12,53,27,1
149,128,-7,82,0,20,4,23,24,80,0
193,131,-12,98,2,29,1,4,113,52,0
208,62,-13,81,3,32,0,14,146,5,0
67,51,-5,94,1,14,3,17,27,83,0
105,83,-10,87,3,28,6,13,32,54,0
53,28,-13,86,4,13,5,22,22,52,0
119,25,-20,54,11,27,4,29,113,16,0
108,83,-10,100,0,25,3,9,24,77,0
92,59,-1,91,1,26,2,9,48,68,0
125,77,8,96,1,26,0,1,48,78,0
106,79,-21,92,2,22,8,21,27,61,1
107,20,-21,84,5,23,8,27,131,0,1
365,276,-24,40,19,60,4,19,156,50,1
109,76,3,98,2,40,1,-1,45,64,0
55,23,-12,95,2,27,2,18,52,28,1
67,52,-12,99,0,15,3,12,40,65,0
186,113,0,74,4,37,2,11,43,68,0
150,64,-15,83,1,25,3,13,60,21,1
40,16,-10,89,0,14,7,16,33,36,1
60,36,-2,99,1,20,1,7,25,53,0
204,69,8,95,1,40,0,-2,180,46,0
195,103,-2,90,0,41,1,5,57,57,0
88,50,13,99,0,20,0,-3,38,61,0
146,76,18,99,1,27,0,-10,78,79,0
83,55,-23,88,2,29,8,27,42,48,1
90,51,-25,88,3,15,8,30,72,37,1
80,74,-2,98,0,14,2,3,6,74,0
240,85,1,89,0,58,1,3,145,29,0
60,52,-10,80,1,23,5,5,8,70,1
42,35,-1,93,1,20,3,-7,15,75,0
148,84,-4,94,0,31,1,5,64,47,0
44,32,-6,96,0,9,2,11,14,60,0
290,107,-24,60,7,42,4,19,162,22,0
206,164,9,98,0,58,0,-5,85,74,0
163,74,-4,94,0,27,0,8,102,50,0
103,82,-14,92,2,22,6,12,60,69,1
168,117,-10,94,2,38,2,11,38,61,1
98,81,-14,53,7,22,2,13,30,75,1
53,43,-19,86,5,21,5,22,15,63,1
109,23,-1,83,0,30,5,5,89,22,0
67,61,1,96,1,17,1,-10,4,87,0
64,39,-12,89,8,21,4,24,33,64,1
112,87,-9,80,2,24,4,14,21,71,0
226,188,-19,98,1,40,2,19,39,59,0
218,138,-22,90,4,26,3,20,65,34,1
93,75,16,95,1,42,1,-6,37,100,0
123,84,-11,87,3,29,6,13,73,61,0
146,69,-14,78,3,30,3,11,106,30,1
68,21,-7,98,0,12,1,11,60,15,1
171,36,-5,91,1,34,2,4,180,26,0
235,97,-4,86,4,46,4,11,144,44,0
142,110,-5,80,5,60,6,10,38,72,0
169,87,7,98,1,22,2,1,74,57,1
50,44,-16,92,1,12,8,24,23,72,1
133,55,-17,82,2,32,7,16,78,26,1
74,35,10,97,1,39,2,-3,43,68,0
173,115,-7,90,3,45,6,17,76,53,0
251,201,-15,88,3,31,3,21,1,77,1
188,60,-21,80,5,18,3,18,114,9,1
122,54,-10,89,1,29,4,12,43,29,0
78,33,0,96,0,23,0,-4,63,45,0
80,63,5,99,0,26,1,-10,7,75,0
196,175,-25,66,8,28,6,18,9,59,1
171,147,-9,99,0,44,3,-10,1,72,0
237,76,-4,96,2,90,2,9,180,36,0
59,44,10,98,0,21,1,-10,19,89,0
111,60,-7,74,2,32,5,15,68,42,0
132,88,-20,88,1,15,8,27,86,42,1
173,130,-7,95,3,35,3,4,49,66,0
337,180,0,96,1,71,0,-10,157,51,0
162,80,-9,95,1,32,2,11,66,42,0
172,113,6,96,0,41,1,-6,59,68,0
76,40,-2,94,1,10,1,5,48,54,0
182,79,-13,95,2,28,4,13,145,29,0
99,79,2,83,4,25,4,11,26,75,0
69,39,8,94,0,25,2,-3,52,64,0
107,47,-5,84,1,22,2,5,88,39,0
30,14,-19,74,8,9,4,13,30,37,1
113,43,3,100,1,50,2,12,70,43,0
93,63,2,85,1,30,2,2,30,55,0
88,75,-10,91,2,13,5,15,13,72,1
123,111,3,90,0,31,1,-3,1,88,0
182,129,-4,98,0,44,0,6,95,77,0
56,51,1,90,4,19,1,-4,4,100,0
343,244,6,90,1,81,1,-7,162,82,0
121,46,9,98,0,35,1,-2,106,54,0
248,186,-6,96,0,35,5,2,62,64,0
225,165,13,97,0,71,0,-10,75,90,0
91,9,-13,97,0,29,5,20,92,0,0
59,26,-2,95,0,18,0,11,37,48,1
145,60,1,98,0,23,1,-10,91,50,0
126,90,14,99,0,29,1,-10,53,87,0
138,74,20,97,0,56,0,-10,83,83,0
55,21,13,98,2,20,0,-3,39,52,0
130,30,-11,73,3,47,4,16,153,10,0
130,50,12,93,0,68,0,5,70,57,0
39,32,6,99,0,17,2,-3,11,82,0
161,80,-17,53,10,39,2,13,76,53,1
59,9,-4,84,1,14,1,1,57,14,0
101,20,5,88,0,20,1,-9,81,30,0
101,19,-6,96,2,38,4,7,98,20,0
126,112,-7,97,1,17,1,1,1,64,0
52,23,4,98,5,27,5,3,36,31,0
47,43,0,86,1,31,0,2,7,83,0
283,143,11,96,2,73,1,-8,113,66,0
92,20,0,89,1,28,0,-5,80,28,0
127,46,7,85,0,57,0,-10,81,54,0
73,61,-14,80,3,14,8,21,39,76,0
152,25,7,92,1,52,2,-10,108,18,0
70,35,-10,83,3,16,4,3,26,42,1
167,92,6,95,1,39,3,3,64,67,1
88,58,9,94,0,32,1,1,8,75,0
86,28,-1,98,0,20,3,-4,69,34,1
208,97,-9,97,3,89,4,13,167,28,0
31,23,-6,96,1,19,6,11,8,63,0
212,142,0,92,1,72,2,1,74,57,0
186,73,3,95,1,96,3,2,113,52,0
171,26,5,81,1,42,1,-5,180,21,0
257,82,-8,94,0,34,1,9,180,33,0
85,56,1,95,0,16,1,-3,8,73,1
188,90,-1,77,2,49,3,13,89,53,0
70,61,16,95,0,18,0,-10,1,100,0
90,26,0,90,3,23,1,9,60,45,0
82,36,-2,97,2,26,5,13,49,29,1
138,65,2,96,1,32,2,4,87,47,0
168,30,-1,92,1,34,2,4,169,6,0
225,127,-19,85,2,42,3,9,154,48,0
137,66,-6,93,1,27,4,22,83,30,1
176,60,-4,97,3,35,2,10,82,32,0
121,81,-19,70,4,24,8,23,51,46,1
51,17,2,91,1,13,1,0,34,30,0
52,19,-19,81,0,15,3,19,40,8,1
57,29,-4,95,4,28,3,15,46,36,1
130,26,-25,41,20,20,4,16,117,0,1
71,51,6,99,0,29,0,3,20,75,0
110,78,2,92,1,25,1,-1,35,70,0
85,35,3,100,0,18,2,-1,43,34,0
172,30,-2,91,1,54,3,-2,173,10,0
121,30,-10,97,2,32,0,-2,90,27,0
146,70,-26,98,3,17,7,30,91,37,1
172,88,-9,85,2,77,4,17,115,30,0
62,20,-14,84,4,15,1,20,42,30,1
98,66,-1,95,0,17,4,6,32,54,0
101,76,0,89,0,22,2,8,24,84,0
128,90,-20,83,1,38,8,16,38,47,1
162,75,16,97,1,42,0,-10,104,51,0
134,82,2,89,2,30,2,-2,88,63,0
89,66,-33,97,6,14,8,30,26,37,1
88,52,1,98,1,32,4,1,70,57,1
140,44,-6,96,2,32,3,9,96,24,1
143,94,-10,82,3,30,2,15,37,59,1
93,69,1,98,0,43,4,5,24,76,0
153,96,-24,63,12,15,8,29,87,45,1
77,12,-9,91,1,21,2,12,65,9,0
113,55,-3,91,0,20,0,10,67,43,0
153,98,10,97,1,30,2,1,101,72,0
120,43,-5,90,2,23,1,11,77,36,0
190,138,6,94,0,32,1,6,52,81,0
53,38,-2,96,2,13,1,2,23,64,0
51,24,-10,91,0,13,4,20,34,36,0
232,130,-9,86,1,42,1,17,147,39,0
165,105,7,95,0,31,0,-3,86,77,0
182,56,10,93,0,45,1,-6,106,40,0
93,16,7,98,0,31,1,-8,104,17,0
101,49,8,99,0,55,2,-4,60,55,0
55,17,-27,66,13,11,8,30,48,8,1
82,20,-5,86,2,41,3,4,60,25,1
60,38,5,98,0,13,1,-4,30,63,0
109,34,9,99,0,48,1,-10,61,30,0
36,20,-23,85,9,17,5,11,19,38,1
242,65,-22,89,1,26,6,13,180,0,0
122,84,1,94,0,22,0,7,63,67,0
251,157,-11,95,1,30,3,-2,118,61,0
131,45,-12,97,2,39,4,16,78,18,1
76,40,-1,100,0,11,5,7,52,55,0
116,21,-6,68,5,51,3,18,121,14,0
177,88,-2,97,1,31,3,13,83,46,1
30,14,-2,95,0,12,4,9,16,33,1
144,116,2,95,0,31,1,-2,10,83,0
100,31,4,99,0,38,2,-10,78,26,0
46,16,16,97,1,19,1,-5,31,46,0
324,65,7,91,4,48,1,-3,180,30,0
51,43,-2,92,0,14,0,3,8,80,0
239,49,7,92,1,93,1,2,167,44,0
35,29,13,91,0,19,1,-4,15,90,0
96,68,-3,95,1,24,5,12,18,61,0
114,49,-12,90,0,14,4,8,64,26,0
283,149,-10,76,5,100,7,16,170,41,1
168,121,-10,92,1,24,0,9,47,55,0
96,29,5,92,0,23,1,0,86,44,0
57,25,10,98,0,35,0,-8,30,49,0
358,179,9,92,0,76,0,-10,180,57,0
129,37,-1,92,0,19,2,4,92,31,0
87,72,-4,91,1,15,1,11,1,88,0
89,47,-34,40,20,13,8,30,54,8,1
127,62,-1,89,0,48,0,-1,85,55,0
69,41,-12,90,4,41,5,13,27,40,0
78,47,-24,94,3,16,4,24,45,49,1
92,50,-22,84,3,25,7,28,75,19,1
69,19,11,99,0,32,0,2,50,40,0
188,144,-2,91,0,50,2,0,1,74,1
103,79,8,98,0,18,1,-10,30,84,0
91,64,9,95,1,43,2,6,64,76,0
130,76,-7,89,1,24,4,14,38,55,1
130,55,-11,92,1,33,3,6,75,15,0
79,73,-7,97,1,14,3,9,8,89,0
141,85,-20,61,10,44,4,19,70,34,1
66,45,-16,78,5,22,8,22,46,41,1
37,31,6,93,2,22,1,1,2,94,0
360,200,15,96,0,76,0,-6,154,78,0
289,125,-13,97,2,53,2,17,130,35,1
206,55,-2,99,0,33,1,0,151,27,0
134,11,-19,91,0,17,6,25,123,0,0
67,43,-12,97,0,17,6,4,35,58,0
92,60,-12,75,2,25,5,16,60,58,1
172,110,6,96,3,62,0,-4,99,82,0
222,210,12,99,0,73,1,2,22,100,0
198,96,2,94,2,77,2,1,73,64,0
61,46,-7,92,1,20,2,15,18,68,0
103,55,-12,86,1,17,8,24,62,38,1
138,126,12,95,0,57,2,-6,1,100,0
73,28,1,95,0,19,4,11,51,19,1
123,83,6,91,1,34,1,-8,33,63,0
195,93,-19,95,2,20,8,19,147,35,0
285,97,20,97,0,87,0,-10,180,59,0
305,234,-4,86,3,58,3,8,161,72,0
71,55,-40,54,20,10,8,30,1,37,1
134,87,-13,76,2,21,3,16,73,62,0
59,29,1,76,6,29,3,0,37,53,0
185,140,3,97,0,42,2,-6,117,83,0
92,66,3,96,1,35,2,-1,33,65,0
156,62,0,98,1,25,0,1,102,38,0
73,14,-1,91,2,17,1,4,69,23,1
98,32,6,97,1,36,3,-1,98,38,0
86,53,2,94,0,24,2,4,33,76,0
96,22,19,99,1,24,0,-10,64,39,0
73,61,-9,96,1,22,2,3,21,74,0
64,18,-14,92,1,13,1,12,53,14,0
93,71,-13,92,2,25,4,17,12,57,1
322,264,-24,43,20,68,8,22,67,64,1
209,131,-22,58,20,38,8,27,122,40,1
123,92,-4,97,1,43,1,5,45,86,0
224,146,2,97,0,23,4,3,102,62,0
144,114,-4,89,0,36,1,7,37,82,0
116,69,-23,65,8,16,2,18,39,33,1
72,40,-13,69,5,13,5,7,40,39,1
203,64,4,94,1,82,3,8,174,34,0
348,286,-14,82,1,90,6,22,78,69,0
102,85,1,97,5,27,3,12,29,76,0
142,72,-5,90,0,21,3,6,70,41,1
111,91,-2,98,0,20,2,3,6,90,0
44,38,6,93,0,15,1,4,10,92,0
86,53,0,86,2,23,0,8,35,56,1
56,38,0,97,2,20,2,1,18,69,1
167,85,11,95,1,33,2,1,60,53,0
103,94,-3,78,1,16,1,7,25,93,0
43,20,4,100,0,12,1,2,26,50,0
111,44,14,95,1,40,0,-6,62,55,0
172,125,1,99,1,35,1,0,31,71,0
120,100,-5,81,1,25,7,11,10,80,1
39,21,-5,91,2,8,1,5,18,58,0
187,119,-22,84,7,30,8,26,64,51,1
79,69,-17,71,4,35,1,19,8,71,1
175,82,5,91,0,49,0,-7,108,47,0
128,114,5,94,0,42,2,1,14,100,0
320,27,1,98,2,58,0,-2,180,11,0
132,55,-10,80,1,28,4,17,100,37,1
78,57,-9,80,3,11,1,10,43,67,0
83,37,-19,90,2,16,7,20,46,16,1
160,25,-17,90,4,19,1,19,159,0,1
76,60,-13,80,1,17,1,9,6,83,0
251,135,-3,93,2,60,3,13,138,40,0
75,44,-1,97,2,15,1,9,36,50,0
74,60,-12,90,0,13,1,6,20,65,0
67,50,-7,98,0,18,5,21,21,70,0
101,59,11,95,0,15,0,-10,51,60,0
116,38,-3,56,6,39,2,10,87,32,0
365,239,9,98,1,56,0,-8,180,67,0
149,50,0,92,0,34,3,7,114,30,0
112,86,-31,62,10,24,8,30,35,48,1
161,78,-22,82,6,40,5,20,84,31,1
54,25,0,89,0,18,0,-2,43,48,0
149,38,-1,95,0,27,1,3,135,26,0
187,148,-18,92,1,41,8,20,20,54,0
121,35,-12,78,1,18,1,1,68,22,0
94,52,-19,94,2,34,3,5,51,41,0
113,70,2,97,1,56,0,-6,40,64,0
127,38,-11,92,1,33,3,1,105,23,0
137,38,-16,77,7,26,6,17,82,0,1
174,128,-18,99,1,20,7,21,46,59,1
157,108,-4,81,2,41,3,15,35,63,0
107,54,19,97,0,33,0,-10,47,73,0
192,28,5,94,1,29,1,2,133,33,0
99,38,-9,96,2,21,8,22,61,28,0
76,57,-1,94,1,20,2,0,28,73,0
169,116,-9,97,2,33,6,11,68,54,1
54,15,-5,93,0,20,3,5,54,10,0
149,98,-1,96,1,41,2,9,96,64,0
41,34,-14,70,1,16,5,20,16,67,0
290,209,-9,98,0,47,1,3,73,69,0
123,90,-18,94,1,32,7,22,63,46,1
151,80,-27,88,6,24,2,22,92,13,0
365,331,-20,40,20,100,8,30,1,74,1
92,12,7,96,0,21,0,-5,110,22,0
40,33,8,98,1,15,1,-8,23,98,0
127,49,11,98,1,18,1,-10,109,42,0
158,53,-13,95,0,14,5,18,106,14,1
131,55,5,100,0,55,1,-6,81,54,0
76,30,-13,96,2,17,1,15,64,33,1
126,65,13,96,2,61,1,-3,53,75,0
145,112,-8,86,1,35,4,14,86,70,0
62,35,-8,80,2,18,3,13,38,38,1
158,59,-13,84,2,19,2,10,104,24,0
90,46,0,97,1,27,1,9,43,53,0
160,119,-3,99,1,35,4,17,88,88,0
64,33,-13,73,2,13,1,10,30,46,0
365,326,-2,86,1,100,4,8,54,86,0
102,93,1,90,1,20,0,4,11,76,0
196,19,-17,96,3,19,2,20,180,0,1
48,25,7,97,1,12,1,-3,25,72,0
42,20,7,92,1,17,1,2,14,65,0
114,68,-7,87,4,18,6,8,40,73,0
59,41,-22,95,4,12,8,25,15,60,1
106,81,-10,87,2,16,3,16,25,70,1
165,50,-3,88,0,55,0,6,125,43,0
114,90,6,90,0,32,1,12,12,91,0
139,31,-7,93,1,28,4,4,111,23,0
64,28,-5,97,4,17,3,10,38,36,0
110,82,7,96,1,33,1,1,28,89,0
113,81,6,99,0,50,0,0,27,89,0
251,134,-11,85,1,52,4,12,105,38,0
64,41,-3,94,1,22,4,9,20,71,0
97,27,4,81,2,23,0,-2,71,28,0
63,33,-22,98,0,20,5,24,34,38,1
50,17,3,98,1,20,2,-4,37,44,1
124,21,0,99,0,37,0,3,90,26,0
164,140,-9,82,2,44,4,9,6,78,0
73,54,-9,92,1,31,3,13,34,76,0
136,78,16,96,0,40,0,-9,55,74,0
64,42,-8,83,3,21,5,18,22,58,1
85,16,-11,96,2,20,2,14,81,14,0
200,147,-14,84,1,32,7,10,53,55,1
240,115,12,95,0,68,1,-4,136,55,0
70,18,-12,90,0,21,2,21,46,18,0
105,62,-8,88,3,34,3,5,40,59,0
167,89,-4,93,0,33,2,12,102,43,0
147,74,11,95,2,52,1,-5,73,51,0
53,19,-20,91,0,16,3,13,33,15,1
102,81,6,98,1,19,5,-5,26,88,0
281,205,-18,89,1,34,2,14,75,57,1
137,111,-19,64,9,23,3,26,33,71,0
71,50,13,97,0,21,2,-1,38,79,1
223,114,20,96,0,78,1,-10,119,84,0
54,50,-4,72,4,12,1,10,11,80,0
202,84,0,98,2,38,1,-2,118,35,0
114,85,-7,95,0,25,2,8,48,77,0
109,61,13,96,0,26,2,-10,68,79,0
141,39,7,91,0,38,1,-3,98,18,0
155,57,-10,78,3,33,3,4,88,21,1
175,118,-5,97,1,45,0,4,76,83,0
44,22,-16,89,0,13,3,3,34,23,1
208,32,14,100,0,56,0,-4,142,37,0
91,33,-12,70,4,22,4,13,58,21,1
56,32,10,98,0,17,0,-2,12,72,0
63,17,-4,96,1,20,1,-2,45,35,0
66,25,-1,86,3,30,2,10,41,39,0
147,58,-8,91,5,45,3,11,103,32,1
73,25,4,94,2,23,4,6,71,49,0
75,48,-3,83,0,11,2,1,27,49,0
101,53,-9,78,1,15,3,1,41,38,1
195,144,-12,66,2,52,5,9,74,57,1
115,53,-4,96,0,32,1,-5,33,44,0
110,44,-22,88,0,20,8,20,91,22,1
156,82,-10,91,3,31,0,15,76,43,0
69,16,4,99,1,17,0,-10,63,22,0
205,85,-2,97,0,35,1,6,101,38,0
100,38,-16,92,1,17,3,11,89,13,1
134,63,-40,40,20,10,8,30,104,6,1
129,78,0,95,2,25,3,18,51,65,0
40,25,-6,85,1,13,2,15,23,53,0
98,42,0,92,2,34,2,-3,65,40,0
365,208,3,98,1,100,0,-4,178,68,0
86,71,-3,98,0,20,1,0,58,82,0
121,67,-5,92,1,26,2,9,61,44,1
55,37,0,98,2,22,0,0,29,70,0
122,70,18,99,0,41,1,-2,47,66,0
131,101,-11,86,1,24,5,11,16,72,0
106,80,20,98,0,32,0,-10,1,100,0
239,178,3,98,0,39,2,-3,154,83,0
127,79,-13,93,2,27,2,4,48,48,1
189,20,1,94,0,15,1,-8,168,22,0
125,95,-3,80,2,34,3,-2,56,73,0
42,40,-6,86,1,32,8,16,10,91,1
100,69,-9,84,1,22,6,4,30,57,1
270,113,11,96,0,69,0,-6,180,47,0
109,71,-7,88,0,20,2,14,18,62,1
87,62,-2,92,0,23,2,6,36,60,0
214,136,-6,98,1,45,5,7,64,57,1
106,29,-5,96,0,28,2,10,96,17,1
247,229,5,94,0,73,1,-5,21,100,0
69,35,-6,96,0,15,2,7,21,41,1
67,34,-28,95,4,23,5,20,37,13,1
90,50,-7,87,1,20,3,3,68,51,1
289,231,3,95,0,88,1,3,65,95,0
76,41,9,95,1,13,1,-9,58,58,0
117,88,-1,99,0,30,3,0,29,75,1
261,193,9,97,1,51,2,5,80,73,0
137,122,-12,89,3,24,0,8,12,72,1
89,16,-6,90,3,19,2,5,65,18,0
201,135,11,98,0,60,0,-9,29,72,0
136,22,-5,84,1,36,2,8,140,16,0
65,39,-2,92,1,19,3,4,42,65,0
183,84,-10,93,1,43,0,12,125,49,0
58,16,-11,88,2,26,3,9,44,21,1
139,127,-3,90,1,26,4,3,1,96,0
125,49,-4,70,3,23,3,5,66,44,0
70,42,-14,97,0,20,1,15,22,41,0
113,73,-24,92,2,12,8,29,89,41,1
198,40,-1,99,0,51,0,5,168,25,0
88,35,-1,94,1,23,1,2,77,46,0
339,123,-8,99,3,28,3,13,180,18,0
103,10,4,85,1,21,0,4,125,13,0
64,25,-10,98,1,16,3,16,39,22,0
30,26,-3,92,1,13,2,8,5,75,0
166,99,1,93,0,20,2,0,82,66,0
191,73,0,83,2,72,2,10,137,42,0
225,96,-23,93,2,23,7,13,159,13,1
96,8,-5,74,4,16,1,7,86,12,0
325,79,13,94,0,98,3,-1,180,41,0
120,78,-6,97,1,21,0,-4,66,70,0
142,32,-22,44,15,32,7,23,110,3,1
107,43,-17,77,3,14,5,7,87,33,1
175,78,-17,87,1,39,4,9,93,14,0
58,19,8,98,0,22,0,-9,50,46,0
154,137,-27,91,3,29,4,20,51,44,0
149,80,3,88,2,48,0,16,68,55,0
117,38,-8,100,1,16,2,9,79,35,0
69,55,-15,69,8,15,3,11,30,63,1
105,74,-6,96,1,19,2,10,31,63,1
99,41,20,94,0,45,0,-10,73,62,0
79,14,-3,78,4,19,5,9,77,17,0
135,105,-7,87,0,23,1,6,27,65,0
37,14,-9,76,2,9,0,16,16,31,1
150,48,-22,82,1,23,4,23,132,6,1
76,51,-10,95,1,12,5,9,46,64,1
48,17,-11,88,2,11,5,10,50,32,1
139,47,4,96,1,28,0,-8,92,36,0
131,56,-19,96,2,18,4,11,96,6,1
168,77,-5,97,4,40,3,8,122,43,0
52,29,3,92,0,23,1,-1,41,65,0
75,38,-16,90,0,26,8,16,53,32,1
157,103,-22,97,5,14,5,26,54,46,0
71,55,1,98,0,20,2,-1,35,78,0
168,138,-29,85,4,27,7,26,11,53,1
178,77,6,90,2,35,1,-9,123,53,0
154,53,-21,87,6,13,4,22,136,29,1
127,108,-5,92,0,49,5,6,54,88,0
90,50,3,96,0,23,0,-7,47,85,0
68,34,-10,95,1,18,0,0,55,44,0
154,39,-5,92,2,34,3,10,115,34,0
83,71,10,93,0,32,1,-1,16,80,0
288,70,-10,95,2,43,3,18,180,7,0
109,99,-18,77,3,21,5,17,30,65,1
145,127,-5,97,2,28,2,6,33,83,0
178,54,-7,86,2,21,1,12,124,23,0
63,48,1,97,1,15,1,5,25,71,0
201,136,7,97,0,56,2,-8,103,82,0
46,36,-6,84,0,10,2,15,23,78,1
276,153,0,98,2,54,2,-6,54,57,0
128,76,-12,97,2,15,2,11,52,48,1
199,72,-2,99,0,60,1,1,113,36,0
93,47,-18,97,3,20,5,20,54,15,1
192,54,17,94,1,51,0,-10,138,32,0
45,32,3,85,2,29,3,6,18,63,0
79,36,-7,93,1,20,1,14,29,28,0
72,56,-23,59,5,13,4,25,5,58,1
74,20,-16,85,2,18,8,20,79,7,1
196,151,7,89,0,53,1,3,33,80,0
111,47,-11,94,3,30,2,15,57,32,1
99,87,1,96,1,25,1,-8,37,100,0
139,51,-6,88,1,33,6,12,91,24,1
95,79,-21,89,3,25,6,24,1,53,1
140,84,10,96,1,28,1,0,85,73,0
121,73,-8,94,0,18,1,5,33,61,1
138,77,-3,93,1,69,4,9,89,41,0
116,55,-30,60,12,13,8,30,72,16,1
140,78,10,97,2,39,1,-9,62,74,0
61,28,5,94,0,23,1,3,28,53,0
97,36,-1,93,2,20,2,15,101,33,0
60,25,-15,85,3,20,5,22,35,22,1
222,102,-10,86,1,36,4,15,120,27,1
47,20,0,94,0,18,5,9,30,38,0
121,47,-16,88,0,26,5,11,95,21,1
123,70,-3,94,1,19,2,8,53,63,1
365,289,-28,89,5,58,8,30,101,60,1
115,36,8,94,0,30,0,-4,81,50,0
97,42,-7,90,0,31,5,15,73,46,1
79,12,0,97,0,29,5,2,76,24,1
121,39,0,98,0,23,0,6,81,27,0
132,78,-20,71,1,17,4,16,62,41,1
298,192,-15,77,4,38,5,10,121,47,1
168,94,-26,91,5,50,6,19,108,36,0
341,214,6,94,3,68,0,-6,180,66,0
251,167,-8,87,2,27,4,12,89,64,1
99,48,-4,96,2,47,7,9,78,38,0
217,60,-13,83,1,50,5,17,180,18,0
130,73,14,96,0,33,0,-10,61,71,0
169,109,20,99,0,41,0,-10,62,70,0
75,43,17,99,0,30,1,-8,30,69,0
35,13,-2,91,2,16,5,12,32,35,1
228,215,-24,56,5,40,5,22,18,77,1
104,38,-3,94,0,21,3,5,82,25,0
108,91,-6,98,0,31,0,6,11,66,0
121,90,-12,91,2,34,3,13,19,58,0
365,103,7,94,1,73,1,4,180,32,0
123,71,10,97,0,38,0,-10,39,60,0
85,19,3,89,1,19,0,0,64,30,0
52,34,-19,94,4,8,4,24,22,37,1
158,126,11,99,0,49,0,-10,60,89,0
132,123,10,99,0,66,1,-9,9,100,0
243,98,-7,83,1,34,2,4,153,31,0
156,52,6,98,2,38,1,-5,96,34,0
82,75,0,98,2,23,5,14,8,89,0
59,31,-10,96,0,20,1,10,41,38,0
89,48,-6,94,0,22,4,9,53,45,0
32,18,-1,97,1,17,0,2,12,51,0
53,14,-8,99,1,17,2,10,44,32,0
105,17,1,98,1,38,0,-6,108,13,0
227,108,-4,95,0,76,0,2,180,41,0
115,100,-1,96,1,33,3,5,17,80,0
50,32,-1,94,1,21,0,4,12,65,0
87,77,-2,99,0,29,1,-6,17,93,0
145,67,-4,100,0,30,1,0,101,33,0
68,44,-25,87,2,10,8,29,43,38,1
42,19,-14,88,2,12,7,26,28,36,1
188,171,17,87,0,42,0,-10,17,100,0
68,24,3,96,1,21,3,6,46,37,0
225,136,-16,87,0,36,2,13,35,49,0
102,73,16,96,0,39,1,-5,35,85,0
60,38,7,93,2,12,0,-6,18,68,0
126,54,-1,79,2,30,0,11,54,49,0
83,54,-5,95,0,15,1,15,36,53,0
143,69,6,82,4,37,0,3,91,47,0
78,37,4,85,0,22,1,7,41,53,0
200,135,-13,86,3,53,5,22,92,45,0
118,81,-2,92,1,19,5,9,85,61,1
98,45,-5,99,0,26,0,7,48,47,0
90,82,-8,79,2,20,2,14,5,83,0
66,11,-16,93,0,12,8,27,77,0,1
129,67,-17,86,0,18,2,14,88,15,0
137,104,2,87,3,32,1,-2,50,96,0
95,66,-14,95,0,18,3,12,29,48,1
141,58,-29,81,3,19,8,30,116,10,1
196,102,13,96,1,48,0,-10,83,59,0
60,48,-10,77,3,12,6,13,20,83,0
128,109,-1,92,0,30,0,3,7,93,0
136,113,-21,97,4,46,8,30,11,52,1
103,84,5,91,0,37,4,4,20,87,0
103,33,11,93,0,25,0,0,90,42,0
139,75,-18,94,3,20,2,26,56,40,0
187,170,-6,95,0,48,6,14,30,81,0
63,22,-3,87,0,10,5,3,52,38,1
99,62,19,91,1,19,0,-10,52,89,0
96,44,-11,98,3,14,4,22,59,45,0
124,86,-25,99,2,21,6,30,76,38,1
30,12,-13,91,2,11,2,26,25,23,1
109,94,-5,91,1,27,7,15,3,79,1
152,90,4,92,1,30,1,2,85,59,0
173,110,-5,97,0,35,2,-2,29,64,0
257,117,-19,69,4,37,6,14,164,38,1
105,85,-18,83,1,16,4,20,20,60,1
140,91,-1,97,1,45,4,2,44,62,0
104,54,9,100,0,29,1,-8,46,76,0
283,184,-10,82,3,51,5,11,99,57,0
161,100,7,96,1,41,1,0,49,57,0
163,151,-3,97,0,38,3,-2,12,96,0
167,54,-1,97,0,43,0,-1,113,37,0
131,59,-4,91,1,13,0,1,93,39,0
125,39,-18,68,2,19,2,18,77,8,1
65,52,16,96,1,20,0,-10,15,99,0
116,94,-12,99,0,34,2,15,22,83,0
65,36,4,96,0,28,1,-6,29,63,0
203,141,-17,88,3,44,8,25,120,65,1
76,51,-27,98,3,13,7,22,30,41,1
187,106,-2,95,1,45,0,7,56,57,0
132,109,1,99,1,26,1,-1,9,67,0
93,62,-2,93,1,17,1,4,49,67,1
308,69,-9,99,0,65,3,22,180,29,1
30,7,4,95,1,12,3,2,23,28,1
121,104,0,92,0,33,1,4,1,90,0
56,19,-25,84,2,11,5,21,45,7,1
93,41,-11,91,1,14,0,6,35,15,0
115,44,-10,88,0,25,1,10,54,30,0
45,25,6,93,1,17,0,-7,18,46,0
149,34,-6,96,1,32,3,10,88,15,1
77,49,-1,98,1,22,5,6,28,56,0
127,16,1,100,2,23,3,5,122,24,0
78,58,3,93,1,20,2,-4,23,73,0
125,60,10,88,1,69,0,-10,64,57,0
84,34,-17,89,0,11,3,8,65,21,1
101,26,-19,78,3,19,8,23,100,0,1
89,26,20,97,0,43,0,-10,51,61,0
54,35,1,74,1,23,0,-4,13,64,0
79,50,-2,96,2,23,2,10,26,56,1
77,47,-14,77,1,21,5,7,43,47,1
65,37,-8,98,1,14,8,16,48,40,1
224,138,-1,87,0,62,1,0,85,63,0
122,37,-27,92,7,23,3,30,95,0,1
86,33,5,91,0,24,1,-3,60,44,0
57,24,-20,80,3,16,5,16,33,31,1
118,28,6,99,1,35,3,-6,114,23,0
230,137,-13,96,1,51,3,10,172,38,0
96,72,-15,96,0,18,6,9,36,57,1
118,101,3,99,0,33,4,8,56,100,0
154,116,-5,91,0,26,3,9,48,63,0
131,97,-5,94,1,42,2,5,26,74,0
144,69,-2,95,1,57,1,2,78,34,0
48,44,-13,92,1,9,6,16,20,85,0
156,105,-11,81,3,33,3,13,89,60,0
158,87,-7,95,0,21,1,0,86,54,0
297,251,-6,97,0,55,4,9,66,80,1
199,65,-26,69,11,31,8,30,158,0,1
193,51,-8,96,2,30,2,21,151,22,0
114,33,5,90,0,43,1,3,80,30,0
96,78,0,97,1,19,1,-3,11,67,0
71,6,-9,89,0,25,3,6,68,9,1
51,35,3,98,1,10,0,-4,16,79,0
59,26,15,98,1,25,2,-5,18,68,0
154,140,0,95,2,30,1,-2,31,89,0
68,40,2,97,0,28,1,-5,20,64,0
66,63,-18,76,6,11,5,19,25,71,0
118,81,-6,97,2,27,1,6,49,68,0
65,19,-5,95,1,21,1,-4,45,18,0
72,50,-6,99,1,33,1,7,4,73,0
148,103,17,96,2,42,0,-8,17,71,1
86,60,-4,79,1,17,1,8,26,63,0
49,44,-14,60,9,13,8,20,27,75,1
68,58,10,90,0,19,0,-6,3,97,0
155,59,0,88,1,31,3,10,82,39,1
189,70,-9,93,1,29,3,6,126,41,1
82,40,-9,98,0,13,3,7,53,44,0
51,43,5,80,0,14,2,3,13,95,0
70,27,3,99,0,16,1,6,42,44,0
154,45,-19,93,3,23,8,12,130,14,1
59,48,-6,89,1,19,2,-1,21,77,0
258,186,3,96,2,43,0,-3,72,64,0
184,93,-8,85,1,41,1,5,122,37,0
55,15,-17,90,1,9,2,18,48,12,1
30,26,-19,87,4,12,7,18,19,71,1
93,70,0,93,1,29,2,3,37,93,1
101,59,-15,81,3,14,1,0,42,44,0
134,68,-3,97,2,27,4,5,66,52,0
108,66,9,91,0,31,0,-10,63,65,0
95,65,2,96,1,21,0,-4,37,69,0
117,45,-9,94,2,19,4,7,90,20,0
176,25,20,95,0,55,0,-10,119,29,0
102,79,7,94,2,27,0,-7,4,81,0
55,30,16,93,0,38,2,-2,45,70,0
63,11,-1,97,0,22,2,0,58,12,0
174,51,5,88,0,53,1,0,110,36,0
250,138,3,99,0,60,2,4,150,73,0
88,46,-9,88,3,15,2,12,32,58,0
124,68,7,88,3,36,2,4,68,66,0
136,68,-1,98,2,25,4,7,84,46,0
70,25,-11,93,0,19,2,18,52,21,1
167,89,-7,96,0,38,7,18,116,44,1
154,137,3,95,2,50,4,6,22,82,0
70,63,14,94,0,15,2,-4,13,88,0
215,155,20,97,0,44,0,-10,64,90,0
120,66,-2,94,0,25,0,-1,59,40,0
63,15,-5,96,0,23,3,14,57,21,1
173,124,-4,95,0,31,1,11,49,73,0
166,74,-1,96,1,43,2,5,104,46,0
56,36,6,99,0,20,0,6,20,82,0
90,28,2,98,1,28,1,2,55,32,0
139,61,-11,92,1,30,7,16,92,33,0
54,12,-6,92,2,16,2,1,56,19,1
161,96,-7,96,1,21,1,1,72,64,0
172,29,12,91,0,66,0,-3,171,25,0
153,111,3,96,1,46,1,-2,44,68,0
242,185,5,90,2,37,2,6,66,80,0
177,150,-4,96,2,32,8,19,49,87,0
68,21,-14,92,1,15,6,8,56,13,1
169,155,-14,89,2,34,5,13,19,76,0
117,52,-16,95,3,31,3,19,68,17,0
61,47,1,90,0,22,1,2,22,88,0
52,34,-17,91,3,12,7,14,28,47,0
180,25,6,98,0,27,0,-10,180,8,0
152,73,-12,92,4,19,4,7,57,33,0
82,42,7,88,0,12,0,-6,40,55,0
146,82,-15,90,6,47,3,12,53,59,0
254,177,-6,96,2,54,5,17,59,59,0
112,20,-10,98,1,19,4,14,71,8,0
153,95,5,89,0,32,1,-10,31,75,0
76,50,-3,87,3,27,2,2,57,64,0
231,85,-7,91,1,32,2,3,164,28,0
194,162,6,96,1,38,3,5,42,97,0
64,44,-9,92,0,22,6,19,24,66,0
78,68,-17,67,8,10,8,26,23,69,1
145,140,-2,99,0,27,1,-2,19,88,0
39,25,-15,92,1,8,8,16,14,49,1
109,65,-6,96,0,28,2,4,39,37,0
148,72,8,89,0,25,1,0,80,71,0
117,42,2,98,0,26,1,6,88,29,0
138,68,-13,87,3,24,2,10,68,45,0
33,9,-12,93,1,12,1,8,23,18,1
53,14,-12,81,4,11,4,20,52,25,1
186,41,-13,97,1,30,5,14,180,5,0
131,68,5,97,0,20,1,-5,50,54,0
147,22,-35,54,20,13,6,30,170,0,1
139,48,2,97,0,30,1,5,91,33,0
99,47,-12,83,5,22,3,16,78,38,1
95,64,-7,86,0,29,2,8,44,66,0
183,110,-11,93,1,36,2,4,27,45,0
151,93,5,98,1,40,0,1,57,63,0
50,22,3,95,0,19,4,-9,29,36,0
38,13,-14,98,1,15,7,13,25,25,1
190,56,-20,93,4,39,5,20,153,14,1
137,92,0,98,2,40,1,1,31,74,0
108,64,2,78,2,42,2,3,44,53,0
73,21,-27,57,14,14,5,30,47,0,1
166,35,-23,88,4,35,8,19,128,0,1
70,17,0,100,0,22,0,0,53,11,0
150,27,-8,98,0,35,1,17,127,2,1
40,26,-29,73,5,9,8,24,32,41,1
353,200,-14,74,1,49,5,9,153,39,0
77,23,-9,97,2,20,4,4,53,26,0
30,14,0,99,2,16,0,0,13,49,0
182,96,2,96,0,23,2,3,88,70,0
72,29,-23,54,14,14,8,29,59,14,1
100,26,-12,80,6,25,4,13,74,25,1
143,68,15,99,0,36,0,-8,72,59,0
122,49,-17,91,1,18,2,12,87,27,1
170,108,-2,97,1,26,1,-5,70,53,0
53,32,7,95,1,19,1,-4,34,60,0
135,98,-6,76,2,22,1,11,71,62,0
139,45,-19,81,7,17,5,16,104,20,1
191,127,-34,71,10,24,8,30,70,25,1
229,108,-6,95,2,33,2,7,79,33,0
244,121,-16,81,3,29,0,3,118,33,1
134,23,-7,92,2,18,2,11,143,12,0
365,141,17,91,0,100,0,-10,180,52,0
199,139,-2,89,0,35,0,5,40,63,0
91,28,4,97,0,23,1,-1,65,48,0
221,135,-23,90,3,26,8,15,133,33,1
54,39,4,89,1,19,1,2,25,71,0
89,33,-4,96,0,24,2,8,71,32,1
136,74,-6,97,0,24,2,9,51,54,0
87,45,-19,94,2,29,8,24,67,22,1
42,6,-4,95,1,17,4,4,39,0,1
57,38,-3,96,2,22,3,11,27,51,1
75,52,-11,97,1,24,3,10,46,45,0
106,45,-2,89,4,34,0,7,38,50,0
50,29,-30,92,4,9,8,25,46,20,1
142,104,-8,96,3,28,2,-1,41,49,0
90,74,-27,80,5,12,6,17,47,56,1
79,31,-13,95,1,18,5,4,68,38,0
361,186,-17,86,2,48,2,16,180,35,0
361,298,-10,93,1,83,2,4,63,78,0
221,59,4,98,0,56,0,-5,173,37,0
168,106,-20,62,7,22,4,22,34,30,1
66,54,4,99,0,24,1,1,32,97,0
106,58,8,95,0,25,1,-10,60,64,0
136,93,13,89,0,43,5,7,33,90,0
114,61,-5,100,0,18,2,6,80,34,0
70,59,-6,91,0,17,0,-5,8,77,0
165,126,-9,92,1,32,2,4,39,80,0
147,63,-4,75,2,40,0,-3,69,54,0
31,27,1,95,0,14,1,-2,7,88,0
177,99,-15,94,1,41,5,14,88,34,0
110,95,-6,92,1,33,7,14,15,85,0
104,51,3,94,0,35,2,6,59,51,0
79,61,-7,95,4,28,4,13,37,69,1
204,88,-22,65,6,33,3,17,89,18,1
75,12,-6,95,0,22,2,9,77,0,0
32,28,3,99,1,12,3,-1,11,93,0
222,177,-10,91,1,55,6,7,63,56,0
96,40,-1,98,0,28,3,7,55,40,0
63,55,-26,84,3,10,8,26,37,65,1
45,31,7,97,2,25,1,0,24,74,0
56,35,-4,97,2,13,3,8,25,53,0
48,25,4,93,1,29,2,3,30,61,0
95,77,-4,96,0,16,4,3,18,78,0
108,32,-13,78,0,20,8,11,75,9,1
117,30,5,91,1,28,2,-2,60,31,0
49,24,-14,84,3,9,5,10,38,23,1
202,141,-1,95,0,18,2,3,61,75,0
72,46,-5,91,1,18,1,2,26,68,1
128,27,0,99,1,23,0,-8,106,21,0
43,29,-7,66,8,14,3,7,21,55,1
100,30,-21,81,2,21,2,17,70,2,1
60,13,8,96,0,28,2,-7,48,28,0
93,80,-10,76,4,18,3,14,22,81,1
147,40,-6,99,1,25,2,12,113,6,0
90,25,-2,83,3,19,1,6,71,36,0
102,23,-9,90,6,13,2,17,86,29,0
141,112,3,94,1,33,1,-3,33,95,0
242,33,6,96,1,36,1,7,180,29,0
57,30,7,93,0,32,1,1,16,49,0
76,67,6,79,2,36,2,4,24,96,0
66,29,-7,87,2,17,2,13,40,32,1
128,105,15,95,0,45,0,-9,33,100,0
113,100,20,99,0,51,0,-10,36,100,0
207,128,-4,84,1,54,3,0,101,43,0
65,27,-5,100,1,27,0,10,39,39,1
114,79,4,97,1,26,0,0,35,63,0
55,17,4,86,1,28,0,1,41,39,0
124,112,-19,85,4,27,8,28,64,62,1
111,62,-13,86,3,18,3,25,42,42,1
80,26,-5,90,0,20,2,9,54,20,0
313,173,18,92,0,70,1,-10,113,78,0
73,16,7,99,0,21,3,3,54,40,0
73,49,6,94,2,29,1,9,34,69,0
105,54,-14,82,5,33,2,11,54,44,1
209,92,-5,97,0,43,1,3,123,29,0
96,85,8,98,0,22,1,-2,21,100,0
147,85,-6,75,4,35,0,-2,69,69,0
93,41,-7,97,1,10,1,13,47,40,0
274,170,-3,88,2,57,3,3,96,61,0
103,69,-13,93,4,26,3,5,40,47,1
82,43,7,96,0,31,0,-10,42,64,0
92,62,15,96,1,24,0,-10,8,82,0
176,115,-14,96,1,26,2,10,93,46,0
64,54,-3,92,2,14,3,-1,4,97,0
74,45,3,96,0,28,1,2,31,67,0
49,25,-15,89,6,12,3,29,31,38,1
81,43,-11,92,3,13,2,4,36,46,0
93,26,-7,97,2,16,2,13,67,24,0
101,37,-10,91,1,13,4,10,71,28,1
90,62,2,91,2,44,8,2,49,70,0
79,31,-21,84,2,14,8,18,69,29,1
48,41,-2,99,0,14,2,1,14,93,0
89,47,-4,98,1,13,3,4,67,58,0
90,60,4,91,4,33,7,12,55,85,0
62,49,-9,94,1,25,1,0,13,69,0
158,37,-6,96,0,26,0,15,121,22,0
62,13,15,98,0,27,0,-8,55,36,0
54,27,-8,92,1,12,0,6,34,45,0
188,92,-16,93,0,28,7,13,49,45,0
210,71,-12,81,2,35,3,6,180,15,1
59,21,4,93,0,44,2,2,26,43,0
154,101,-3,94,0,28,1,-4,53,59,0
93,19,-5,100,1,19,3,11,68,14,1
85,49,-4,98,0,26,0,1,35,53,0
100,58,11,90,1,27,0,-10,43,69,0
135,37,-14,86,3,24,3,19,87,15,1
58,46,15,97,0,11,0,-10,15,97,0
55,51,-29,59,11,14,6,26,8,68,1
110,80,5,91,0,37,2,6,36,80,0
155,121,2,91,0,43,1,5,16,74,0
30,14,13,92,0,19,0,-10,17,52,0
66,13,0,83,2,22,2,7,59,18,1
39,29,-25,95,2,8,8,23,20,41,1
56,20,8,97,0,21,1,-7,33,34,0
34,14,-8,92,1,24,7,13,37,41,1
227,89,-8,98,0,28,1,-1,138,27,0
98,49,8,98,1,45,2,2,59,49,0
78,10,-14,87,0,14,2,17,50,7,0
193,99,11,96,0,49,1,-8,100,59,0
101,80,-1,94,2,37,5,11,44,86,0
85,65,-10,89,1,19,3,15,30,64,0
77,58,-3,92,0,25,2,-2,24,66,0
185,45,5,83,1,46,1,2,133,32,0
162,69,-5,97,0,29,1,-2,115,34,0
90,52,-1,93,1,26,1,3,70,51,0
121,66,-11,99,2,23,6,22,54,46,0
74,24,-2,94,1,19,1,1,43,22,0
63,27,-6,95,0,14,2,3,36,39,0
38,16,-10,81,1,18,2,22,23,16,1
109,78,-16,97,1,26,8,20,49,56,0
118,83,-15,87,2,17,5,21,56,48,0
83,14,13,96,0,23,1,-5,69,27,0
37,29,-11,93,1,17,4,11,15,54,1
82,63,1,79,1,28,5,11,50,80,0
107,25,9,96,1,29,0,-10,83,43,0
71,26,-26,78,0,15,7,16,55,18,1
198,66,-14,92,2,34,4,9,132,22,0
73,66,2,77,2,24,2,5,6,100,0
100,76,-7,91,0,13,6,11,28,60,1
68,12,11,93,2,37,0,0,58,27,0
131,104,15,98,0,29,1,-10,28,100,0
61,24,0,94,2,20,2,-1,48,38,0
131,96,-2,98,0,18,3,10,54,74,0
255,193,13,99,0,49,3,-10,1,88,0
103,59,7,88,2,39,3,9,68,66,0
236,22,-11,93,1,65,2,14,180,0,0
172,92,-10,100,0,15,1,8,73,44,0
124,62,-5,96,3,29,4,15,44,42,0
80,31,-4,99,2,20,3,7,60,29,0
96,49,3,97,0,34,2,-4,51,48,0
102,44,20,98,0,26,0,-7,75,58,0
163,140,2,92,2,49,5,1,57,79,0
191,167,-25,94,2,31,6,30,33,69,1
49,23,4,97,1,14,2,10,15,43,0
177,103,5,96,0,56,6,0,115,74,0
54,35,14,94,1,23,0,0,17,79,0
77,54,1,88,0,21,2,-1,43,72,0
253,32,-2,65,4,53,6,14,180,0,0
352,135,-10,94,1,66,1,13,180,27,0
209,91,-3,92,1,68,1,6,81,36,0
176,46,8,97,2,59,1,3,127,34,0
138,57,-6,94,0,36,1,3,102,30,1
81,56,0,98,0,18,0,1,7,87,0
107,59,-5,93,0,23,2,7,44,54,1
34,20,-4,87,0,17,6,6,27,54,0
217,113,17,100,0,63,1,-10,78,80,0
98,84,-17,61,8,15,3,15,19,75,1
35,10,4,97,0,17,0,-3,24,39,0
39,20,-26,50,15,20,2,21,22,30,1
125,16,-8,89,0,18,4,10,101,2,0
78,48,-9,98,1,18,3,8,32,54,1
91,78,7,95,0,27,1,-9,9,90,0
146,87,-3,84,2,33,0,10,52,66,0
91,45,-17,81,2,20,3,18,76,44,1
175,91,-31,89,4,8,5,30,90,24,1
77,54,13,98,1,21,0,-8,23,89,0
131,117,-4,76,2,34,2,7,43,84,0
175,66,-18,84,1,26,8,27,117,34,1
106,63,-17,94,0,18,5,13,43,44,1
187,53,1,96,2,34,3,9,90,38,0
274,122,-6,88,3,73,6,16,178,39,0
200,153,-20,72,6,43,5,16,65,66,1
102,72,-17,97,2,23,4,14,43,62,0
294,201,-19,92,1,57,8,24,141,50,1
66,28,5,100,0,24,0,1,47,40,0
37,15,-11,90,0,21,2,15,19,36,1
65,9,-2,88,0,18,1,12,57,32,1
84,42,3,98,0,27,1,-4,54,47,0
55,35,-14,85,1,14,2,9,25,59,0
70,38,-16,96,0,14,6,15,57,36,1
279,169,-22,98,1,43,4,24,153,28,1
32,11,-9,89,3,12,2,13,23,29,1
94,48,-9,98,1,17,1,14,48,31,0
52,36,5,90,2,18,2,2,36,77,0
43,30,7,95,2,13,0,-6,8,75,0
61,50,12,98,1,27,1,-6,7,100,0
200,83,-4,93,0,40,1,-2,109,44,0
359,162,0,92,1,81,0,-3,180,60,0
111,52,-4,96,0,22,0,0,58,42,0
44,34,-7,93,1,20,0,9,10,72,0
166,144,4,96,1,41,7,10,58,96,0
127,119,1,96,1,20,4,2,56,96,0
74,60,-12,79,2,36,3,20,19,86,0
48,27,13,95,1,11,0,-10,17,69,0
86,55,3,99,1,32,1,7,49,67,0
200,147,10,75,1,55,1,-3,13,78,0
224,104,1,97,2,55,2,4,141,58,0
180,154,-4,92,1,46,1,-3,27,92,0
34,19,-28,94,0,11,6,30,15,15,1
325,181,-4,97,1,46,2,1,141,48,0
253,133,5,89,1,31,1,-2,174,59,0
154,126,9,98,0,28,0,-5,40,95,0
128,37,0,99,0,38,0,3,102,29,0
61,8,-13,99,1,11,2,21,45,0,1
136,14,-6,96,0,27,2,-2,141,6,0
34,5,8,97,3,25,0,3,29,15,0
281,150,-17,83,4,36,4,20,154,39,0
45,22,2,96,1,18,1,4,25,57,0
82,14,-11,81,1,12,2,1,75,15,1
47,9,-6,77,2,22,1,2,36,26,0
101,75,-15,95,0,30,4,7,40,64,0
95,73,0,100,1,22,4,1,36,90,0
52,40,-10,96,0,17,0,8,1,79,0
114,17,-25,92,0,12,3,16,116,0,1
36,24,-14,79,4,12,4,10,20,54,1
153,118,7,98,1,50,1,4,29,94,0
56,22,-8,92,0,16,1,11,41,36,0
267,227,0,98,4,43,3,13,25,96,0
62,12,-14,97,2,13,3,10,63,6,1
85,54,1,92,2,23,2,7,38,57,0
133,90,-6,94,0,36,3,11,60,67,0
36,29,9,94,0,30,1,-10,6,85,0
54,38,-10,100,1,16,5,13,20,59,0
39,24,-6,96,0,9,2,8,22,56,0
77,38,-4,98,1,22,1,10,53,34,0
191,98,-10,91,2,33,2,0,101,42,0
36,25,-12,78,3,8,3,10,23,54,0
151,123,-7,93,2,38,2,2,25,72,0
240,120,20,99,1,100,0,-1,150,56,0
36,21,1,97,0,12,1,-3,15,67,0
204,172,13,99,1,30,2,0,31,100,0
135,28,-20,82,2,18,2,11,99,5,1
67,53,-6,64,2,34,4,5,14,74,0
84,44,-7,97,0,27,6,17,44,56,0
164,15,-22,78,8,29,4,29,147,1,1
83,28,-2,92,0,17,1,11,60,31,0
66,39,-7,86,0,16,5,16,42,58,0
57,40,-10,94,1,7,8,16,34,57,1
164,60,-24,84,3,29,8,28,150,13,1
145,100,7,95,1,49,2,10,45,83,0
171,47,-33,40,20,28,8,30,140,2,1
74,47,-11,78,2,21,2,18,15,49,0
187,65,-15,72,4,22,5,20,157,18,0
164,72,-16,87,1,34,3,14,118,22,0
343,270,-19,89,2,46,5,23,87,57,0
60,22,-4,96,1,35,6,16,63,34,0
37,18,6,92,1,13,2,7,19,60,0
30,12,16,88,2,23,1,-5,23,59,0
144,73,-4,98,1,28,1,10,70,45,0
173,37,-20,95,2,20,1,18,93,4,0
137,77,-3,86,2,36,1,0,73,51,0
100,62,5,95,0,28,2,1,55,73,0
45,12,-7,96,0,24,0,5,34,15,0
151,47,-1,93,1,55,0,3,105,25,0
56,27,-2,94,1,13,3,5,21,37,0
337,91,-13,75,13,65,7,20,180,13,0
30,22,-9,97,2,10,8,23,17,79,0
227,62,-1,98,1,30,2,-2,165,28,0
129,112,-15,85,4,37,6,23,48,65,1
52,26,6,89,1,25,2,2,26,60,0
248,61,-2,98,2,46,2,14,180,13,0
71,29,-6,88,2,23,1,-7,26,35,1
74,30,-15,72,2,15,6,12,63,17,1
30,21,-17,92,4,15,8,27,23,48,0
49,5,-3,97,1,24,0,-8,40,3,0
89,31,1,95,0,20,1,2,78,32,0
35,21,8,89,1,15,0,-4,12,76,0
78,45,-2,95,1,19,2,10,43,60,0
52,20,6,96,0,21,1,-7,34,51,0
64,38,-16,86,3,14,8,20,40,49,1
108,58,-10,90,1,22,2,15,66,34,0
365,217,-20,78,5,35,1,17,142,19,1
139,66,-22,75,6,17,4,19,57,17,1
150,93,-13,90,3,29,4,25,83,50,0
86,69,-4,92,3,25,2,9,17,86,0
192,133,-11,98,2,32,2,9,104,60,1
144,123,13,92,2,34,1,5,18,96,0
95,21,9,98,3,40,1,-10,63,50,0
160,96,7,89,0,40,2,8,97,59,0
159,135,8,95,1,33,0,-7,24,93,0
169,141,-1,96,0,65,0,-1,29,68,0
118,52,-16,81,3,29,4,13,76,23,1
153,72,14,98,1,74,1,-9,80,78,0
207,168,-5,93,2,25,7,11,33,82,0
188,126,-16,97,1,27,2,3,62,56,0
365,101,-18,72,8,41,6,17,180,11,1
99,47,20,97,2,46,0,-10,27,76,0
65,17,-4,99,0,11,1,2,48,35,0
129,43,15,98,0,26,1,-10,82,49,0
52,48,9,96,1,30,0,-3,4,100,0
119,80,5,95,1,24,0,11,9,64,0
73,22,-15,83,2,19,3,16,71,11,1
224,179,-8,94,1,38,3,18,48,68,0
117,53,-10,95,1,32,4,8,51,30,1
65,24,-6,97,0,16,3,1,51,34,0
112,103,18,96,0,62,0,-4,13,100,0
118,38,-18,44,20,18,2,18,84,17,1
95,78,-6,90,1,34,2,10,25,81,0
90,65,7,93,0,21,1,-7,44,90,0
78,37,-6,100,0,18,2,14,37,41,0
153,111,-26,100,3,17,6,21,57,46,1
149,113,-17,82,4,27,4,23,20,57,1
97,66,-5,97,2,27,1,14,30,62,0
102,48,20,96,0,50,2,-10,55,70,0
98,74,12,98,1,32,2,2,30,87,0
145,130,2,94,0,40,0,-1,1,93,0
135,80,-3,88,1,18,0,4,34,64,1
72,48,-4,91,2,22,0,9,18,55,0
123,43,-10,96,4,22,4,9,105,26,0
130,106,-5,75,4,45,2,4,30,74,1
90,47,-6,93,2,23,4,12,38,47,1
138,61,13,89,1,41,3,-10,60,64,0
67,62,-13,83,3,19,4,13,6,74,0
210,127,5,93,1,48,3,-2,72,59,0
75,49,-9,61,4,19,1,14,12,63,1
231,138,2,97,0,62,3,7,93,65,0
65,24,8,90,1,24,2,-8,47,44,0
47,23,-1,96,2,17,3,3,23,41,1
165,107,13,98,0,66,1,-9,84,80,0
73,21,-16,73,4,13,5,12,52,4,1
87,43,-20,78,10,21,7,30,49,36,1
30,27,-4,97,0,22,6,18,17,85,1
155,41,-14,91,1,42,3,21,146,13,0
131,88,0,89,1,25,2,11,54,62,0
122,86,12,97,0,22,0,-9,45,87,0
218,183,-21,58,15,49,8,30,58,56,1
116,74,-2,96,1,31,3,7,49,61,0
365,53,-12,96,0,100,3,16,180,0,0
38,26,-2,97,0,16,3,-1,23,73,0
36,22,-26,98,3,8,8,30,29,50,1
200,48,-10,95,2,69,7,14,174,9,1
164,39,12,99,0,62,1,-7,125,42,0
178,124,-10,76,2,38,7,18,76,55,0
345,185,-8,77,1,64,1,4,180,43,0
148,123,8,92,1,30,1,1,18,74,0
30,23,-10,96,1,8,1,8,9,67,0
216,184,6,93,0,50,3,-4,27,77,0
88,29,-7,78,3,20,2,7,81,32,0
48,18,1,100,1,16,1,7,28,47,0
146,32,-13,94,2,33,0,14,114,2,1
106,68,-10,92,1,15,4,10,45,42,1
119,41,-21,75,5,24,5,28,71,18,0
139,65,-28,77,9,20,7,21,92,24,1
30,19,-5,93,1,14,3,6,15,66,0
72,55,1,98,0,29,0,-5,17,71,0
107,87,-17,83,1,29,6,17,24,63,1
55,22,5,85,1,30,1,2,35,37,0
143,90,-3,93,2,28,2,-5,40,56,0
100,95,17,99,1,25,4,-5,27,100,0
71,51,3,97,0,22,2,-5,44,73,0
365,91,-8,92,0,66,3,7,180,11,0
74,47,-15,99,2,17,8,19,36,53,1
132,43,-25,94,2,17,7,30,90,9,1
91,14,-13,75,5,26,7,19,84,11,1
150,80,0,84,2,31,4,4,85,59,0
113,80,-14,96,3,14,8,19,45,72,1
58,53,-11,90,4,24,4,5,6,70,1
117,99,10,93,0,26,1,-2,31,96,0
180,58,-4,96,0,34,5,18,122,29,0
96,43,-11,78,5,24,4,17,53,40,0
58,16,-2,94,1,28,1,-3,53,22,0
50,13,-25,94,4,12,7,30,36,3,1
45,40,-1,94,0,14,3,0,10,92,0
102,66,15,94,1,26,0,-5,46,81,0
108,54,-17,70,2,17,1,13,55,28,1
117,35,-9,96,2,30,0,10,79,28,0
82,39,-15,88,5,15,8,17,38,42,1
133,104,-15,95,0,25,2,15,61,55,0
95,35,5,97,1,23,0,-1,60,35,0
121,14,2,96,1,29,1,-1,154,25,0
74,61,11,98,1,47,1,3,13,93,0
153,53,-3,89,1,25,1,5,137,29,0
365,202,-18,99,1,57,5,17,88,33,0
75,59,-19,61,5,11,6,22,34,64,1
126,70,-1,81,1,15,3,-3,65,63,0
72,23,-16,92,0,17,0,4,61,19,1
131,98,-4,99,2,34,1,1,62,85,0
160,130,10,99,1,36,1,-7,67,100,0
60,23,-7,95,0,17,6,16,41,14,1
86,64,-5,99,1,23,5,14,35,66,0
101,15,6,96,1,26,1,-10,88,14,0
88,34,-13,75,4,34,6,24,78,13,1
60,33,-26,77,3,7,6,25,42,23,1
97,28,20,98,0,31,0,-6,76,63,0
137,67,-9,96,1,37,0,19,47,37,0
49,18,2,92,1,15,0,3,49,44,0
34,18,-7,89,1,13,6,16,29,42,0
117,93,6,97,2,54,2,3,45,86,0
52,36,3,89,0,15,2,-6,25,89,0
110,29,-3,85,1,20,1,5,82,48,0
271,228,14,97,0,100,1,-6,59,100,0
48,33,-11,78,3,17,6,15,29,58,1
99,52,-30,93,6,13,6,22,40,28,1
64,57,-6,94,0,33,2,-4,5,80,0
83,67,5,96,0,41,2,8,30,75,0
108,66,5,94,0,24,0,4,59,56,0
111,72,1,97,0,26,4,-2,82,71,0
142,57,5,98,2,54,1,6,67,55,0
102,16,7,83,0,24,1,-7,89,24,0
77,65,3,83,0,21,3,2,11,77,0
79,44,-27,54,20,30,8,30,35,36,1
140,60,-15,84,2,40,8,30,76,29,1
124,65,-3,94,1,28,2,2,68,53,0
145,119,3,98,2,33,3,16,15,74,0
184,86,4,83,1,51,2,3,115,53,0
202,158,-33,69,13,44,8,30,63,40,1
146,82,-12,92,2,19,0,10,76,31,0
63,52,-4,88,2,20,5,12,19,86,0
195,72,0,95,1,38,0,-2,117,35,0
76,51,15,97,1,27,1,-10,39,80,0
81,29,-6,97,0,17,1,8,56,24,1
59,29,-15,79,3,13,3,18,46,44,1
91,56,7,99,0,38,0,-10,57,71,0
168,100,-3,99,1,23,6,2,128,63,0
69,53,-17,87,1,15,8,20,22,51,1
80,44,3,84,2,60,1,2,30,67,0
230,168,-12,95,0,54,6,7,26,55,1
187,157,-21,90,2,18,8,25,30,62,1
100,75,-2,75,1,36,2,9,28,76,0
116,63,3,97,1,22,0,2,45,65,0
55,40,-20,95,2,16,8,27,20,69,1
30,16,-4,97,4,19,2,5,14,51,0
92,69,-4,91,2,19,2,-5,45,80,0
130,77,7,98,1,68,0,-10,49,67,0
154,140,-1,86,2,56,3,2,12,100,0
260,35,-7,88,3,39,3,7,180,15,0
299,105,2,90,0,55,0,-2,180,34,0
61,34,-3,87,3,15,1,5,36,53,0
208,153,13,98,0,30,0,-10,33,100,0
113,81,-7,88,2,31,3,4,40,58,0
179,122,-26,86,3,18,7,30,61,41,1
72,43,-18,95,0,7,7,14,41,52,1
122,27,-3,97,0,42,0,15,72,12,1
42,31,3,98,1,11,0,4,7,72,0
86,61,1,84,1,25,0,-2,47,69,0
88,41,-7,90,1,24,2,-1,48,48,1
41,13,-3,96,0,23,1,0,28,20,0
106,63,-12,74,4,25,6,17,74,56,0
229,102,-10,88,3,81,8,19,140,38,0
153,134,6,98,0,49,2,11,41,93,0
188,61,9,88,1,42,0,-5,148,42,0
132,80,-11,88,1,33,1,5,67,56,1
167,116,13,95,1,50,2,2,55,80,0
169,82,-29,50,20,48,7,30,125,19,1
92,54,-3,90,2,19,3,1,44,60,0
112,86,5,94,0,24,0,-6,39,77,0
73,61,-5,93,2,30,4,11,14,79,0
101,40,4,94,4,26,2,7,61,51,0
82,65,3,97,0,24,1,-5,43,71,0
150,53,-8,92,0,21,0,2,124,39,1
45,29,-22,98,2,11,8,24,22,29,1
94,33,-20,93,2,16,4,24,60,15,1
94,40,0,98,1,28,3,8,63,45,0
87,57,-16,87,0,15,4,9,48,51,1
70,20,-4,95,0,28,0,-2,58,18,0
73,23,1,78,1,19,0,-3,60,36,0
143,22,17,85,1,47,1,-3,104,40,0
191,86,-15,96,2,52,1,11,132,31,1
219,161,9,90,1,38,1,-5,137,81,0
156,28,-7,80,3,31,2,11,123,8,0
109,62,-13,84,5,26,7,29,102,25,0
49,28,-11,96,0,11,2,8,22,42,1
198,162,-1,99,0,39,3,5,82,71,0
153,65,-6,96,0,27,2,8,88,34,0
79,36,-1,96,0,21,1,9,46,39,0
39,28,10,96,0,16,2,-10,16,77,0
162,133,-16,82,2,27,5,16,38,65,1
130,108,-20,95,3,24,6,18,22,45,1
82,62,18,91,0,40,1,-10,30,88,0
105,74,6,80,3,24,2,3,13,78,1
47,37,-7,98,0,12,1,5,14,72,1
77,63,-12,94,0,12,8,16,24,78,1
131,92,-17,85,4,27,8,28,63,57,1
139,89,-10,85,5,23,3,3,70,54,0
83,38,19,93,0,25,0,-10,55,69,0
152,85,-32,40,20,38,8,30,67,21,1
46,10,-2,84,2,24,1,6,43,8,1
188,111,7,90,0,52,3,-7,82,63,0
78,55,0,91,1,29,2,2,31,62,0
202,156,-2,99,0,53,4,4,39,81,0
193,80,11,99,0,60,0,-10,144,61,0
170,23,-5,97,0,34,0,7,125,9,1
80,22,-6,94,1,19,3,8,75,30,0
79,36,-9,94,1,13,4,17,46,47,0
196,30,-17,97,0,23,4,12,164,5,0
45,37,-28,64,11,9,5,25,15,50,1
101,45,5,93,2,18,0,-4,76,47,0
107,96,-2,88,1,20,3,-1,1,71,0
44,22,-13,96,1,12,2,20,11,29,1
74,46,-20,86,2,19,4,18,38,45,1
73,59,2,91,2,16,0,5,14,73,0
69,48,0,89,0,42,6,9,24,69,1
207,39,9,99,1,45,2,0,139,22,0
132,67,-14,87,1,18,2,7,65,39,0
182,46,-1,98,0,82,2,6,90,32,0
124,49,-4,88,1,27,1,1,64,39,0
58,29,-5,98,2,16,3,10,51,32,0
192,152,-9,79,0,42,3,10,33,93,1
120,91,-16,95,4,27,5,22,42,61,1
192,149,-2,96,1,34,3,9,58,88,0
117,67,-12,92,2,17,5,15,74,48,0
247,173,-2,92,0,63,1,6,107,51,0
189,129,-12,77,4,54,4,13,130,46,0
155,77,-36,73,11,35,8,30,81,19,1
132,56,-7,79,3,37,4,14,82,12,1
90,67,2,92,0,25,4,13,9,80,0
53,37,0,94,0,14,1,-9,28,64,1
144,121,-6,78,1,39,3,17,46,81,0
119,84,-11,98,3,39,7,17,34,62,1
269,187,-20,91,4,37,3,22,150,59,1
92,70,10,96,0,25,0,0,23,82,0
323,42,-18,57,7,64,3,18,180,0,0
114,84,-1,84,0,28,0,-10,35,86,0
256,187,6,97,0,60,1,-8,39,80,0
365,108,-14,91,2,76,3,6,180,9,1
202,156,-14,47,13,58,5,23,36,81,0
112,44,-10,92,0,23,3,21,81,30,0
104,37,-17,96,2,15,7,17,67,22,1
196,104,-9,99,0,36,3,8,89,43,0
162,77,-13,99,2,21,1,4,85,32,0
67,9,-18,87,5,13,2,15,63,2,1
116,63,0,85,4,32,2,-4,61,69,0
147,117,-10,93,0,27,1,14,20,80,0
30,22,-17,97,3,13,8,21,17,54,1
47,21,-2,94,2,11,5,19,32,42,1
95,16,14,97,0,39,0,-4,57,32,0
128,35,-10,93,1,33,0,16,99,15,0
63,16,-9,99,0,15,0,1,47,23,1
121,53,-26,89,4,20,8,30,118,21,1
91,74,5,96,1,18,0,1,13,96,0
93,73,-7,87,4,18,5,12,18,68,1
144,65,1,97,0,16,0,0,56,47,1
60,16,14,99,0,21,0,-10,45,50,0
68,47,-17,81,3,14,5,19,37,35,1
98,46,-16,87,6,20,7,17,71,32,1
126,89,-8,92,3,39,7,22,49,45,1
102,60,-10,89,1,23,1,12,22,42,0
125,99,-3,96,0,16,3,7,26,75,0
52,29,-6,85,2,16,8,23,44,49,1
158,83,-16,81,3,40,8,22,88,36,0
55,28,-4,85,4,20,5,10,44,35,0
138,112,-31,52,14,22,7,30,23,54,1
99,63,-6,98,1,32,3,13,67,73,0
304,144,-4,94,1,63,2,12,139,49,0
263,189,-4,96,1,88,6,13,74,67,0
85,71,-13,84,2,19,1,6,25,72,0
123,53,-10,94,2,36,7,23,89,32,1
58,38,9,90,2,15,1,8,21,72,0
243,202,-23,87,5,42,7,30,105,66,1
46,33,-13,86,4,19,8,25,28,64,0
44,23,1,97,0,14,1,-1,12,48,0
135,60,-8,90,0,13,1,7,76,38,0
179,142,-11,93,2,22,8,21,43,69,1
57,27,-4,97,2,17,1,0,34,48,0
81,21,7,91,2,26,1,1,58,29,0
174,120,-16,88,1,31,3,15,53,48,1
325,141,20,100,0,100,0,-10,180,65,0
113,90,0,94,1,26,1,12,32,88,0
326,95,-9,82,3,43,2,16,180,26,0
206,115,-23,83,2,40,8,29,95,24,1
240,69,-21,91,1,35,7,26,180,4,1
125,104,-9,99,4,36,4,16,30,67,0
218,136,18,100,0,76,0,-10,92,81,0
99,35,-9,98,1,29,4,9,89,31,0
113,31,-8,87,0,16,4,13,112,24,0
117,82,-15,83,3,21,3,8,43,62,1
306,145,-2,99,0,42,2,0,169,47,0
158,103,-18,93,4,19,2,21,61,52,0
64,41,-19,90,0,10,5,15,25,49,1
328,78,-3,91,0,41,4,7,180,27,0
73,61,3,83,2,17,0,1,18,88,0
70,63,-14,87,2,20,4,17,1,69,1
116,37,-33,40,20,15,5,30,80,0,1
262,72,-4,89,3,58,5,23,180,28,0
266,91,12,96,0,43,2,-9,133,57,0
89,41,-5,83,4,17,2,11,32,36,0
77,42,-3,98,1,29,1,-2,35,43,0
90,37,-22,96,3,20,8,21,56,16,0
107,41,-40,50,20,16,8,30,70,0,1
195,127,5,95,3,19,2,-2,59,74,0
61,36,-5,86,3,10,2,11,48,41,1
69,61,5,95,1,28,2,-3,18,93,0
191,66,-5,97,2,29,4,0,153,27,0
135,77,11,96,1,58,0,-7,53,62,0
60,42,-8,96,0,13,2,14,23,73,0
118,43,3,97,0,40,2,7,67,42,0
129,70,-11,92,1,35,5,6,97,33,0
112,51,0,91,2,24,4,2,79,51,0
138,91,-18,83,0,34,4,16,62,42,0
280,153,-2,87,0,51,3,11,106,54,0
140,85,10,92,0,41,3,-2,84,67,0
150,88,-9,95,1,27,0,2,99,55,0
117,76,-11,98,1,25,3,2,48,50,1
142,104,-27,76,5,37,8,22,36,55,1
191,82,-11,97,1,53,2,8,102,39,1
131,118,4,95,0,55,1,3,1,100,0
155,80,-13,87,3,24,1,15,52,39,1
65,50,-21,86,4,15,8,26,16,61,1
30,16,-5,97,0,19,3,2,24,38,0
152,132,-22,79,6,29,8,28,4,59,1
74,22,7,90,0,20,0,-8,46,40,0
162,130,2,95,0,28,2,0,32,84,0
134,57,10,97,0,30,0,-5,96,50,0
81,37,-5,99,0,13,3,6,32,37,0
71,45,-10,94,3,16,1,10,32,39,1
190,98,-1,96,1,40,0,3,102,53,0
150,138,-1,97,4,44,2,12,7,96,0
204,145,-6,88,1,46,0,2,73,60,0
58,25,-15,98,2,13,1,15,42,26,0
75,50,1,96,0,22,3,6,35,63,0
55,9,14,97,0,29,0,-6,46,24,0
91,18,3,94,0,19,0,-9,81,18,0
169,89,2,99,1,49,1,16,83,49,0
80,67,-1,99,1,21,3,12,48,76,0
120,86,9,90,0,29,0,5,34,97,0
80,33,-11,95,1,19,1,6,51,36,1
120,98,-11,87,5,26,1,17,27,80,0
109,54,-17,98,1,19,2,14,40,32,0
32,22,6,92,1,19,0,-10,14,70,0
206,178,-3,98,0,33,3,10,31,88,0
105,85,-4,98,3,23,6,14,25,60,0
224,39,3,92,1,40,2,-5,168,22,0
95,43,9,93,0,22,2,-7,48,61,0
179,51,1,91,1,21,3,4,152,38,0
146,56,-4,91,2,48,1,15,83,28,0
198,88,1,94,1,68,1,6,155,54,0
51,19,-14,72,2,13,1,10,24,27,1
142,111,-23,76,3,15,6,21,54,50,0
70,64,-16,99,1,10,4,8,16,66,0
120,115,3,87,0,29,2,12,1,92,1
72,40,-14,100,2,14,0,21,32,43,1
88,36,-9,66,5,20,5,21,68,27,1
72,42,4,98,0,24,2,2,39,48,0
246,215,-11,82,2,43,5,21,66,74,0
111,27,-2,91,5,28,1,-1,71,27,0
208,64,-10,93,2,32,1,2,172,26,0
89,30,-9,97,1,19,1,20,59,25,1
113,80,3,99,0,38,3,-3,6,84,0
102,76,-36,67,9,18,8,30,49,31,1
52,11,-13,92,1,16,4,13,44,17,1
337,147,-9,90,2,55,7,11,180,40,1
266,152,-6,90,1,37,1,-1,150,64,0
123,52,-5,71,6,42,2,8,76,32,0
127,43,11,91,0,45,1,-10,52,41,0
138,55,-6,91,2,23,4,11,93,28,1
31,17,-25,88,1,9,8,28,26,35,1
46,31,-12,95,2,10,5,19,24,56,1
169,57,12,98,0,48,1,-3,115,46,0
122,68,-11,87,3,35,4,13,74,37,0
117,85,-25,71,5,24,8,20,53,45,1
141,34,-6,94,0,32,8,3,143,26,0
153,28,-15,97,3,30,1,23,129,16,0
71,34,1,97,0,28,0,4,55,47,0
104,73,-17,87,4,16,6,21,61,66,1
313,93,-8,88,2,43,0,-4,147,21,1
112,15,-19,82,3,22,1,23,80,0,1
121,102,-25,90,2,12,8,29,46,59,1
65,57,-18,70,6,15,7,28,13,64,1
128,26,-9,89,3,28,6,10,102,12,1
150,64,16,98,0,41,0,-10,88,67,0
99,82,-18,69,6,15,8,22,52,71,1
69,37,-13,81,1,15,3,13,32,52,1
74,9,6,99,0,31,1,-4,74,21,0
82,30,-14,100,0,14,0,10,46,20,1
151,95,-6,96,0,37,5,9,82,75,0
68,41,-4,97,0,18,1,13,49,68,0
112,92,6,91,2,77,6,5,34,98,0
110,91,2,98,2,21,3,11,19,76,0
119,96,1,88,1,27,3,-4,18,76,0
165,130,5,95,1,35,1,2,32,94,0
83,17,-7,89,1,24,3,15,72,18,1
148,98,-32,91,4,34,8,30,50,36,1
181,107,15,98,0,94,1,-2,114,73,0
147,89,-7,78,2,19,1,2,57,59,0
186,72,20,97,0,80,0,-10,169,40,0
96,38,-4,92,0,26,2,2,52,28,0
65,49,14,85,0,26,0,-5,17,73,0
112,76,-8,88,0,26,3,5,29,61,1
60,52,-13,80,1,19,6,12,3,80,1
43,32,-2,97,0,15,3,-7,15,72,0
90,47,1,88,1,34,2,-2,51,47,0
84,40,12,98,0,27,0,-10,54,55,0
365,269,-10,95,1,48,1,18,114,62,0
141,47,-9,99,3,27,0,11,115,16,0
265,152,0,97,0,67,3,-1,76,51,0
80,24,9,93,0,18,1,-10,56,40,0
82,74,0,96,0,15,0,-1,10,94,0
77,10,-4,92,0,39,2,9,83,0,0
365,266,-19,76,5,34,3,26,8,58,1
132,87,-3,88,0,35,4,6,53,70,0
132,46,-13,86,2,23,2,17,91,36,0
30,26,-16,65,2,19,4,17,19,73,1
135,36,10,93,1,26,2,-10,92,26,0
127,62,6,98,0,48,1,0,65,51,0
101,70,-22,88,1,21,7,17,43,45,1
118,57,-4,92,3,30,8,20,69,29,1
86,13,-19,78,9,20,3,22,102,2,0
121,72,-5,93,2,32,1,4,40,60,1
227,107,-9,96,2,35,4,10,103,51,0
88,41,12,96,0,33,0,0,47,53,0
162,124,-9,95,1,24,2,14,38,50,0
220,98,-7,92,1,46,2,3,99,39,0
85,59,-16,90,0,17,8,21,47,48,1
126,43,-4,91,0,46,2,7,79,26,0
53,37,8,93,1,31,3,-6,16,63,0
67,14,-8,82,1,12,2,8,59,18,0
94,12,-9,97,0,41,5,17,116,11,0
50,46,13,90,0,18,1,-5,11,100,0
118,71,-9,98,0,35,1,6,53,41,0
207,124,-2,99,2,61,0,0,115,56,0
240,140,-13,71,3,58,8,10,135,45,1
30,13,-3,91,2,18,3,0,19,53,0
89,68,-15,92,1,25,8,17,55,76,0
60,52,-3,79,1,11,1,-1,7,89,0
154,55,2,92,0,50,0,0,120,37,0
124,40,-3,94,1,28,1,2,78,23,0
95,51,5,96,1,18,3,0,35,61,0
292,44,-4,93,2,77,3,12,180,13,0
143,76,-8,88,1,28,3,16,80,47,0
158,65,-19,84,4,20,4,28,70,25,0
46,26,-21,89,3,10,2,20,24,24,1
180,111,0,95,1,32,2,-3,61,60,0
33,16,2,92,0,20,4,14,24,48,0
365,53,11,92,0,65,0,-7,180,31,0
228,144,5,98,0,39,3,8,112,66,0
99,74,10,98,0,46,0,-3,19,90,0
96,54,-18,84,0,13,1,6,35,32,1
71,33,-7,88,1,20,3,13,56,47,0
145,52,0,97,0,30,1,-2,113,35,0
56,41,15,100,1,30,0,-10,9,86,0
84,51,9,95,0,22,2,-3,24,65,0
80,32,0,90,0,21,4,1,70,38,0
104,12,6,96,0,33,1,-3,66,18,0
153,49,1,94,0,38,2,8,137,33,0
83,69,-16,96,1,18,8,29,27,56,1
195,100,14,96,0,48,0,-10,81,61,0
40,25,-7,87,3,11,1,9,19,58,0
85,55,-20,87,5,19,1,8,37,37,1
162,140,-7,96,0,35,5,4,103,91,0
207,195,8,99,0,52,1,-2,1,100,0
79,69,-20,78,5,23,8,26,10,61,1
116,73,1,99,1,40,1,13,37,69,0
185,111,0,99,0,63,2,4,78,57,0
170,143,-1,96,1,36,3,0,42,95,0
90,47,6,99,2,18,1,-7,66,61,0
176,42,-15,69,6,53,0,14,126,7,0
223,154,-8,88,0,41,4,21,66,49,1
139,48,-23,68,5,24,5,30,110,17,1
159,142,-10,62,10,31,3,20,16,72,0
43,28,8,95,0,14,2,0,17,81,0
155,110,5,90,0,38,1,-1,56,69,0
105,49,-4,89,4,22,1,12,47,32,0
72,22,-3,85,6,15,1,-1,50,42,0
102,51,-24,60,5,23,8,22,61,23,1
365,194,-4,89,2,40,0,0,130,59,0
278,175,-15,63,2,76,8,7,114,45,1
50,36,5,99,0,18,2,-2,26,73,0
250,166,-1,95,1,74,2,2,67,64,0
37,26,6,95,0,25,2,9,11,71,0
92,54,4,97,1,21,0,-5,36,62,0
121,35,-14,88,0,19,1,11,94,11,1
223,65,-16,98,0,55,6,19,133,16,1
128,37,14,91,1,48,0,-9,99,48,0
76,33,-14,79,1,10,3,10,61,43,0
132,65,-5,94,0,18,1,6,89,50,0
140,28,-15,83,1,35,3,17,102,12,0
101,78,-7,93,3,9,5,10,66,72,0
110,46,4,90,1,31,1,-5,63,46,0
180,46,-5,92,1,25,0,5,128,30,0
139,68,-10,94,1,25,7,17,93,27,1
58,31,-12,75,6,12,2,9,27,56,1
118,51,-18,87,2,15,2,11,67,28,1
73,36,-6,94,0,19,5,7,46,50,0
120,63,-14,87,2,22,1,23,27,43,0
144,69,-12,91,1,20,6,19,108,41,1
217,106,-16,87,1,55,5,12,104,25,1
95,37,-12,89,1,16,1,12,50,23,1
102,69,5,93,0,21,1,7,44,79,0
166,120,-20,95,3,31,2,25,19,57,1
170,111,-2,92,2,35,1,3,42,47,0
97,79,-22,62,20,31,8,30,21,76,1
125,82,-4,72,2,32,3,6,50,53,1
140,79,20,99,0,39,0,-10,45,84,0
55,48,8,95,1,20,0,-3,8,98,0
51,30,7,98,1,20,0,-10,27,76,0
45,34,-15,98,3,13,2,13,18,58,1
37,5,-3,92,0,9,0,3,32,15,0
263,114,-8,92,1,60,3,1,156,45,0
79,30,-2,98,0,17,1,-2,49,41,0
91,49,13,91,2,41,0,3,61,66,0
92,62,-16,96,1,18,0,14,28,55,0
54,38,-12,94,1,16,1,2,11,45,0
94,32,-12,86,3,24,3,4,62,15,1
146,25,-25,65,10,36,8,24,100,0,1
30,27,-13,88,3,17,1,9,3,86,1
66,20,-1,84,1,20,2,1,52,18,0
111,86,5,94,1,32,2,7,24,83,0
365,192,-9,97,1,45,3,11,173,47,0
124,72,-5,90,2,30,1,-3,61,48,0
128,54,1,94,0,27,1,14,70,42,0
65,21,3,96,0,20,0,-2,50,28,0
140,96,2,92,0,24,2,-10,44,64,0
106,43,19,93,1,41,1,-10,62,58,0
48,40,-33,69,14,8,8,28,20,48,1
189,38,-11,89,1,45,3,20,180,22,0
221,116,-10,99,1,36,1,18,143,50,0
187,117,12,97,2,72,2,-3,60,72,0
106,86,0,94,1,19,1,3,23,100,0
198,90,-1,91,0,29,0,1,87,44,0
209,86,-18,97,2,31,8,28,139,9,1
221,140,17,99,0,100,1,3,90,85,0
104,70,-8,99,0,20,4,6,44,68,1
173,67,5,94,1,45,1,-2,138,47,0
114,86,-11,85,3,40,4,9,32,67,0
127,116,-15,89,5,26,6,15,30,74,0
215,65,5,99,1,44,0,3,159,31,0
67,45,-6,88,1,22,3,8,36,55,0
185,45,-1,96,0,45,1,2,108,18,0
106,58,-18,78,4,18,1,20,47,39,0
72,54,7,89,1,35,0,3,15,83,0
310,147,-11,61,8,47,7,29,180,39,0
179,96,-2,88,1,36,1,-2,84,51,0
37,25,-26,89,2,9,8,21,28,56,1
60,18,-2,97,0,32,1,-5,50,28,0
160,42,6,97,0,36,1,3,100,41,0
188,148,6,100,0,57,2,-6,1,88,0
68,65,-6,100,1,21,3,11,13,89,0
88,21,-2,88,2,26,1,3,63,12,1
93,84,-18,91,3,16,2,17,3,89,1
48,27,-10,97,0,20,4,19,27,47,1
68,44,2,98,0,36,2,-4,36,67,0
148,89,-5,90,0,28,4,15,37,47,0
116,22,-21,93,4,15,2,20,81,0,1
107,47,-5,83,1,28,1,6,67,40,0
85,33,-9,94,2,26,1,9,58,43,0
88,51,-18,93,0,14,1,13,47,48,0
92,37,-7,100,1,24,2,8,63,29,0
246,93,-20,91,1,20,8,20,163,12,1
140,103,-5,77,1,32,2,4,57,63,1
139,67,-24,90,4,25,2,16,83,23,1
77,43,-8,89,1,21,3,12,34,44,0
93,55,-12,84,2,16,5,15,54,44,0
73,11,-8,94,0,16,0,1,58,5,0
103,57,-10,100,0,23,5,9,46,53,1
174,97,2,91,1,43,2,1,64,52,0
65,42,-3,88,6,14,1,1,18,79,0
265,220,-9,91,1,43,2,7,85,64,0
45,22,-14,97,2,13,8,19,37,39,1
163,28,-2,96,1,38,3,2,162,6,0
81,70,-8,98,0,21,5,9,26,82,0
198,37,-4,78,4,51,1,-5,159,23,0
30,10,-7,93,3,12,0,-2,16,35,0
68,30,-5,90,1,12,1,6,50,37,0
179,115,-2,97,0,37,0,-6,69,59,0
37,33,-18,69,4,21,6,13,19,79,1
40,35,-18,50,9,21,3,16,4,73,1
158,51,3,84,0,65,0,2,107,28,0
156,63,-3,92,1,50,2,10,103,34,0
134,59,2,91,0,28,1,2,53,47,0
198,149,-9,98,3,59,5,12,77,68,0
349,129,-22,71,8,81,8,30,180,19,1
152,96,7,97,0,50,0,3,50,62,0
120,73,3,97,1,42,1,1,65,57,0
42,18,-17,96,1,13,3,10,27,25,1
90,79,8,96,1,17,1,-10,34,95,0
73,47,-2,93,1,29,3,9,35,64,0
123,52,-16,97,2,24,4,29,94,17,0
111,69,-22,93,1,22,8,22,46,38,1
184,86,-16,91,1,34,2,16,129,26,0
142,19,9,94,0,26,0,-10,134,15,0
86,57,18,96,0,32,0,-10,47,100,0
114,40,-3,92,1,30,2,8,104,28,0
87,60,-10,96,0,25,4,10,36,57,0
61,22,11,96,0,16,1,-10,43,43,0
195,148,-18,68,5,44,5,17,85,63,1
143,78,-7,99,3,30,4,13,90,49,0
90,29,-16,92,6,17,5,16,77,11,1
166,44,-23,74,6,34,6,18,80,0,1
87,51,-19,100,3,22,6,22,43,41,1
76,71,-2,79,4,25,3,19,23,80,0
112,63,-18,94,3,24,8,11,70,20,1
116,43,-3,91,1,31,0,8,48,36,0
196,131,-11,74,3,37,2,22,52,53,1
360,106,-6,92,2,67,1,1,180,35,0
190,33,-12,90,1,26,8,23,180,14,1
136,85,-14,86,5,20,8,30,51,35,1
81,31,-8,95,0,20,6,16,62,40,0
73,21,1,99,0,21,0,-5,65,41,0
63,19,-1,89,0,7,0,4,49,27,1
162,70,11,90,0,52,0,4,97,68,0
205,150,-2,94,0,55,2,4,46,73,0
147,65,-4,98,0,28,5,10,92,49,0
104,64,-3,79,1,36,1,9,58,73,0
94,74,-12,88,0,18,1,14,36,83,0
110,42,-11,88,1,23,2,6,79,32,1
163,32,20,100,0,52,0,-9,135,39,0
62,35,11,84,2,19,0,-6,31,78,0
99,72,20,98,0,43,1,-10,58,100,0
136,111,4,96,0,27,1,1,15,76,1
124,45,0,98,0,40,1,5,81,36,0
75,40,17,96,0,23,0,-7,38,60,0
344,265,6,94,1,97,2,0,146,89,0
36,26,-15,94,2,9,4,12,24,66,0
41,25,16,99,2,17,1,1,16,68,0
65,45,-12,92,0,24,7,9,47,50,1
200,118,-6,92,2,66,1,0,103,49,0
235,183,-28,87,7,27,7,26,37,53,1
74,20,7,97,0,20,1,-2,60,28,0
365,97,8,99,0,89,0,2,180,32,0
173,59,-13,91,2,31,3,13,107,19,0
108,52,-9,76,4,18,1,-1,59,41,0
151,63,-22,87,7,36,5,21,108,30,1
47,17,-8,94,0,17,0,7,25,16,1
181,128,-2,93,2,30,0,2,53,66,0
151,44,-28,73,5,30,7,28,115,0,1
162,98,-10,95,5,23,7,6,64,50,1
131,65,-27,70,14,20,8,30,98,32,1
116,23,-3,84,2,27,4,11,97,30,0
63,45,9,97,0,38,0,1,7,78,0
294,103,-6,99,0,34,3,8,180,32,0
149,52,-3,94,2,36,3,2,97,26,0
135,107,-11,91,4,23,4,5,7,69,1
59,33,-9,85,3,13,2,16,28,51,1
82,50,9,91,2,32,0,-1,33,64,0
140,41,1,94,4,22,1,0,97,34,0
98,66,-3,99,0,34,2,-4,35,48,0
89,70,-7,88,1,30,3,14,37,69,0
42,5,1,92,5,16,4,4,51,23,0
139,43,-13,67,2,21,3,19,122,12,1
101,38,-24,96,1,23,4,24,63,14,1
215,104,-3,94,0,71,2,7,57,51,0
186,105,8,99,1,28,3,-6,120,56,0
56,9,-13,66,4,32,7,21,62,8,1
53,48,-5,93,0,14,6,-1,19,87,0
126,79,1,88,1,38,3,6,39,73,0
83,73,12,97,0,22,0,-5,22,98,0
61,33,-13,99,1,9,3,12,36,50,0
106,67,7,97,1,20,0,6,42,67,0
152,48,4,98,1,42,0,-6,127,49,0
93,42,1,97,1,36,0,-9,59,49,1
101,67,3,100,3,53,1,-8,43,65,0
65,55,-2,98,0,22,0,2,31,79,0
62,32,20,95,0,21,1,-6,35,61,0
79,15,-26,94,1,17,7,28,84,0,1
111,83,-11,78,4,26,6,22,29,63,1
65,14,-6,80,3,18,1,12,35,3,1
128,63,-11,95,3,34,5,30,70,35,1
226,63,9,86,0,64,1,4,180,27,0
102,22,-14,95,1,23,7,11,93,14,1
41,24,-4,94,1,27,3,2,18,47,0
164,42,4,88,0,34,1,10,180,45,0
171,111,-23,86,0,18,5,22,99,30,0
51,34,-14,90,1,12,5,13,13,47,1
127,36,5,99,1,29,1,-5,100,35,0
55,18,5,86,1,34,2,-5,37,49,0
160,52,-2,85,2,34,3,4,104,28,0
78,43,-5,95,0,37,2,0,21,47,0
134,36,8,95,1,38,1,3,97,33,0
129,49,-24,94,5,29,8,30,80,2,1
69,45,-22,97,4,14,8,30,40,36,0
82,31,-1,97,1,32,2,0,51,45,0
81,57,0,97,1,22,1,7,21,66,0
141,49,0,77,0,49,1,1,82,42,0
112,65,-10,75,4,21,3,17,47,32,1
143,48,-17,96,3,35,5,22,128,19,0
98,74,-20,80,5,36,8,22,24,61,1
141,113,-9,96,4,17,5,16,24,61,0
140,53,-15,80,6,22,3,22,77,34,1
365,36,-11,92,2,43,3,12,180,0,1
119,46,-18,84,3,13,6,23,83,10,1
98,35,-26,80,8,23,4,30,72,19,1
118,91,3,97,2,27,3,6,32,72,0
210,47,-12,97,3,25,1,11,180,28,0
94,75,-11,94,0,17,4,12,12,66,0
34,7,-21,75,3,18,2,17,35,1,1
132,94,-12,64,1,23,3,6,38,50,1
261,214,-2,96,4,69,3,17,47,69,1
122,93,1,97,0,27,1,5,65,79,0
182,28,-15,81,3,34,2,11,180,1,0
227,159,-3,79,1,49,3,0,68,80,0
94,73,-26,80,5,17,8,30,41,48,0
68,58,0,92,1,25,1,6,1,78,0
167,53,0,90,1,27,2,5,81,27,0
66,35,-11,86,1,20,4,25,43,49,1
63,36,-10,98,0,18,3,15,37,34,1
133,62,13,95,0,38,0,-10,52,64,0
54,34,-7,99,0,19,2,9,19,60,0
96,39,-13,91,0,13,2,9,90,38,0
56,27,20,94,1,30,1,-10,33,70,0
66,34,1,93,1,12,2,-4,43,55,0
136,95,14,96,1,33,2,-7,40,78,0
83,67,0,99,0,23,3,-4,21,77,0
158,144,-6,87,4,25,7,12,23,100,1
164,33,-3,92,0,52,3,7,175,6,0
60,54,-4,91,0,11,3,7,18,93,0
154,135,4,93,0,34,2,-4,19,91,0
231,71,2,90,0,57,0,0,163,29,0
135,99,8,90,1,23,1,-4,58,87,0
59,43,-11,88,1,18,2,-1,46,61,0
79,22,-6,98,2,50,2,6,40,19,0
269,238,6,80,3,76,1,6,47,100,0
66,24,-4,92,3,16,1,6,47,31,0
63,41,8,95,1,22,3,0,24,74,0
270,94,4,99,0,50,0,1,180,42,0
199,64,-17,71,7,32,6,20,141,13,1
88,49,-9,97,0,21,4,8,51,61,0
146,103,-7,90,2,28,4,1,14,63,1
94,58,2,94,1,16,1,2,45,56,0
94,54,-31,80,6,12,8,26,72,35,1
153,26,4,87,0,36,0,0,127,25,0
142,119,-13,72,1,31,3,12,23,69,0
58,37,18,97,1,30,0,-1,36,81,0
80,37,-12,71,7,20,1,7,59,35,1
132,47,3,97,0,23,1,0,85,44,0
96,77,-13,79,1,16,8,27,57,82,1
295,90,-2,97,3,63,4,12,180,13,0
129,70,-16,85,1,19,8,27,63,39,1
32,13,9,100,1,14,0,-4,27,45,0
77,44,12,100,0,26,2,-10,43,68,0
154,16,-27,94,6,21,8,30,175,0,1
90,35,-17,83,3,10,6,19,52,29,1
71,37,-10,93,0,13,1,0,34,48,0
120,84,0,98,0,35,1,5,36,72,0
56,20,-12,91,0,18,5,21,50,32,1
42,25,9,92,1,13,1,3,18,71,0
112,56,-7,97,3,30,2,6,54,46,0
140,45,17,97,1,41,1,-4,115,43,0
36,25,-8,92,2,15,3,6,11,61,1
189,113,0,97,2,36,5,4,80,52,0
217,146,-22,82,1,30,8,18,115,54,1
143,125,5,98,1,36,2,-2,1,86,1
57,46,-4,99,0,23,4,5,15,77,0
78,49,-6,81,1,15,3,3,53,64,0
99,57,-8,91,2,39,2,6,17,46,0
92,31,-1,91,2,28,3,15,71,34,0
97,73,-12,75,5,17,5,21,59,64,1
155,109,-12,79,5,30,1,5,75,56,1
116,61,-6,92,1,27,5,6,88,36,0
137,61,3,97,1,29,2,-2,68,37,0
119,97,-21,83,3,18,5,12,29,54,0
128,87,-10,95,0,38,1,1,39,63,0
127,51,-10,88,3,23,1,13,83,37,0
163,80,-19,84,5,23,5,11,88,29,0
174,65,-31,80,12,40,8,30,131,0,1
64,51,-13,76,3,14,8,14,13,80,0
185,52,5,99,0,32,3,15,133,41,0
260,71,-14,83,4,40,1,7,180,12,0
42,30,-6,81,2,15,2,5,16,67,0
147,73,-9,96,2,37,1,14,95,38,0
50,15,6,99,1,21,0,-1,24,21,0
313,172,-22,97,2,39,3,17,141,26,1
137,72,6,98,0,25,4,-7,65,53,0
89,40,-1,97,1,34,1,-5,39,45,0
132,85,-7,84,1,36,3,13,69,59,1
118,48,-7,74,5,26,2,6,85,45,0
199,107,-12,80,1,46,2,14,92,35,0
150,26,1,84,0,37,0,-7,159,34,0
69,63,-13,85,2,9,5,15,17,82,1
120,69,5,95,2,30,0,0,30,64,0
60,13,-19,99,0,17,4,7,45,7,1
133,42,4,96,3,53,1,-5,85,39,0
175,69,-3,98,1,38,0,7,68,29,0
166,100,-15,86,2,36,7,23,81,43,1
119,78,13,98,0,63,3,-1,36,83,0
30,28,8,88,1,24,0,-2,1,100,0
77,18,-10,99,1,11,3,7,70,15,1
131,46,8,96,1,33,0,-10,68,53,0
145,90,-7,96,2,26,1,8,55,51,0
55,31,4,94,0,18,0,-1,15,68,0
141,70,-10,85,3,24,2,5,76,29,0
195,84,4,86,1,43,1,2,102,61,0
98,49,1,96,1,29,1,-3,75,51,0
111,84,-2,93,1,25,1,-2,28,79,1
133,68,8,88,1,36,0,-10,113,43,0
161,49,-1,91,1,39,0,-1,88,21,0
128,99,-9,60,7,31,4,11,1,72,1
279,168,3,98,0,44,1,-4,142,63,0
175,135,-8,84,2,47,2,5,30,65,0
143,97,-1,92,2,28,0,-10,67,72,0
97,15,-26,75,4,20,8,27,109,0,1
73,58,-18,77,4,14,8,18,15,71,1
86,28,-10,79,1,22,1,11,49,26,0
91,9,-4,93,1,32,2,12,78,9,0
53,13,-2,99,3,30,2,11,52,30,0
239,95,-21,76,0,48,5,20,132,19,1
232,161,-6,88,0,63,1,2,91,64,0
356,149,2,93,0,76,0,3,180,45,0
122,58,-9,98,0,19,5,11,98,31,1
95,46,15,96,0,40,0,-10,55,58,0
152,133,0,97,1,36,1,-3,42,74,0
48,42,-8,98,1,19,3,5,6,78,0
302,158,-24,91,1,36,8,25,164,21,1
130,97,6,91,1,55,1,-10,68,79,0
153,132,3,89,1,24,4,14,1,94,0
129,33,11,98,0,45,0,-10,81,33,0
105,87,-3,96,2,28,5,2,38,82,0
49,30,6,97,1,16,1,-4,24,64,1
51,16,-3,95,0,16,2,-1,34,40,0
177,167,-10,96,1,32,3,7,1,87,0
126,92,-4,91,1,18,2,6,26,61,1
62,41,-10,94,0,20,5,17,22,60,1
59,30,2,98,0,19,1,-6,30,57,0
309,140,14,99,0,72,0,-10,180,59,0
83,55,-4,94,1,19,7,16,49,65,0
230,78,-18,73,3,67,7,25,152,25,1
192,128,-9,78,1,35,4,1,127,64,0
65,51,-21,88,6,19,5,22,29,55,1
90,31,-2,99,0,40,2,16,59,29,0
100,26,-16,92,2,23,8,16,75,10,1
165,111,-2,92,3,46,2,5,98,55,0
83,18,3,86,2,26,1,7,65,20,0
242,133,-4,94,2,60,0,8,147,52,0
44,32,-24,88,1,7,8,26,23,53,1
134,84,-14,72,9,20,6,24,77,57,1
101,79,-13,82,2,13,7,20,38,67,1
89,69,-5,83,0,26,4,7,10,82,0
98,61,10,99,1,21,0,-2,20,72,0
85,66,-2,97,0,21,4,5,22,65,0
30,13,-24,40,20,11,5,30,19,29,1
157,118,12,92,1,45,0,1,57,70,0
75,11,2,90,0,17,1,-6,74,14,0
99,50,-17,90,3,22,1,15,46,48,1
62,26,7,96,0,17,2,-1,39,53,0
186,175,-20,42,17,35,8,26,53,72,1
107,78,-1,97,1,25,3,9,46,81,0
125,32,-14,89,2,24,4,15,87,13,0
144,67,-2,82,4,25,0,-3,88,51,0
121,28,-5,94,1,21,1,-1,86,23,0
158,58,-10,94,4,25,3,5,109,32,0
265,140,-2,85,2,64,1,3,156,44,0
88,62,0,99,1,27,0,-8,24,72,0
80,61,3,93,1,33,2,4,14,64,0
150,25,14,92,0,60,5,-10,119,39,0
115,60,6,96,0,30,1,-5,58,43,0
79,39,-7,79,2,20,5,13,37,41,1
157,65,-13,88,6,30,8,25,113,37,0
113,12,-22,74,4,18,2,16,109,0,1
59,18,-13,75,3,22,3,22,40,22,1
123,35,-15,89,2,29,6,10,99,19,0
36,20,-18,80,3,12,0,17,16,20,1
84,43,0,77,5,21,2,13,58,50,0
65,31,2,83,1,16,3,4,48,44,0
93,66,-5,97,1,23,6,17,48,64,1
177,144,2,97,0,43,2,-2,6,93,0
72,53,-24,79,3,10,8,15,19,49,1
88,37,-21,94,2,19,4,18,71,20,1
111,57,5,89,0,38,0,5,66,61,1
36,20,-7,96,3,14,4,24,30,36,0
48,25,-3,87,3,27,2,10,21,48,0
138,116,3,95,0,38,1,3,28,94,0
188,72,-8,92,0,25,2,10,118,31,1
139,109,-6,95,1,51,4,15,66,58,0
61,38,-8,95,1,14,0,2,29,50,1
40,5,-12,100,1,14,2,7,33,8,1
176,92,0,94,1,38,2,2,84,58,0
170,70,-20,82,4,21,3,19,101,15,1
70,49,0,97,2,17,1,-6,20,83,0
85,37,-23,79,4,11,8,30,64,17,1
350,166,-7,93,3,56,2,8,180,46,0
254,156,2,94,0,58,4,4,105,54,1
186,115,1,83,3,31,2,0,62,63,1
115,33,-23,86,3,33,4,10,94,0,0
163,48,4,88,0,63,4,17,116,20,0
188,147,2,99,1,21,1,3,67,76,0
93,70,-11,100,1,23,7,12,53,66,0
85,20,-5,74,4,33,3,10,94,20,0
81,43,-9,83,2,29,2,18,34,47,0
81,53,6,98,0,21,5,7,40,73,0
131,103,6,97,1,24,3,-1,28,82,0
67,37,2,92,0,17,1,-6,36,58,0
63,27,-11,96,0,17,4,7,36,34,1
115,16,7,76,3,53,0,-2,109,21,0
141,69,-11,86,1,26,2,28,64,42,0
120,52,0,83,3,40,1,11,71,56,0
91,15,-5,92,0,15,3,6,95,0,0
209,168,-2,94,0,41,1,3,46,85,0
140,37,-16,91,5,35,5,19,96,6,1
274,258,-10,79,3,45,2,17,56,75,0
53,15,-31,73,15,18,8,30,50,0,1
54,36,-1,94,1,28,0,-2,10,66,0
100,36,1,94,1,21,4,4,64,38,0
365,226,-1,80,1,78,0,5,48,60,0
182,101,-9,96,0,33,4,11,82,42,0
149,120,8,93,2,41,2,-2,45,87,0
179,80,13,94,0,58,0,-1,141,64,0
227,175,-22,96,2,26,5,13,26,36,1
75,65,-4,87,2,13,1,16,2,90,0
66,23,-19,88,1,27,5,23,49,17,1
54,38,1,96,1,19,4,5,16,67,0
46,19,-12,77,2,11,1,6,23,31,0
154,11,13,93,0,71,0,-7,154,19,0
210,60,-16,81,5,38,2,23,180,10,1
100,83,-25,85,2,17,7,19,51,63,1
97,51,-17,85,1,29,7,27,72,47,1
108,19,-6,86,2,21,2,4,93,1,0
84,30,-3,89,1,18,1,12,61,27,0
90,20,14,100,1,29,0,-4,68,43,0
52,33,-15,65,7,16,4,15,34,56,1
183,128,-5,96,2,47,6,4,59,79,0
101,15,-16,93,0,11,8,17,61,3,1
90,51,-1,95,1,19,3,6,49,61,0
35,19,-20,53,13,9,1,12,18,43,1
158,56,-9,90,3,49,4,13,113,49,0
65,29,3,97,2,18,0,-5,34,50,0
98,94,-25,96,1,27,5,21,1,72,1
147,114,-9,81,2,26,3,24,20,71,0
124,88,4,95,0,26,1,3,63,74,0
365,344,-2,95,1,89,2,4,7,97,0
282,132,-6,92,1,91,4,22,144,46,0
95,63,-39,42,20,10,8,30,61,32,1
143,122,-8,78,2,52,2,12,35,74,0
111,83,-14,97,1,18,5,18,7,66,1
109,74,-7,80,2,18,3,1,40,46,1
359,217,-14,93,2,55,2,12,180,43,0
46,37,18,98,0,31,0,-7,9,100,0
64,29,-23,78,5,11,4,29,39,15,1
166,49,-2,95,1,35,1,-4,174,14,0
160,143,6,93,1,30,2,0,17,94,0
69,51,-3,96,0,24,3,12,32,78,0
97,67,12,91,2,32,1,-1,23,81,0
116,76,-24,95,6,16,3,17,41,41,0
32,26,-4,90,0,11,3,8,9,75,0
115,70,-22,62,11,32,8,30,62,48,1
83,25,-5,94,2,18,3,8,90,18,0
133,96,5,98,0,23,0,5,5,75,0
91,45,-15,45,18,45,8,22,75,46,1
105,16,-1,98,1,20,1,-6,116,10,0
199,89,-21,85,7,57,6,24,78,18,1
62,35,6,92,0,21,2,2,28,61,0
161,82,-8,91,4,12,1,8,94,44,1
111,73,-1,98,0,32,1,10,75,47,0
134,106,-10,98,2,33,5,5,37,63,0
160,31,-4,94,2,30,1,1,109,13,0
30,14,4,98,3,13,0,6,16,50,0
112,50,4,98,0,25,3,2,52,54,0
43,8,6,96,1,15,0,4,41,42,0
126,17,-4,87,1,31,2,15,131,11,0
30,21,2,97,1,10,2,1,16,93,0
33,24,9,98,0,13,1,5,13,75,0
63,43,7,98,0,30,0,-1,20,67,0
197,169,-25,78,5,34,8,30,91,53,0
47,31,-7,100,0,24,4,10,16,75,1
143,25,9,89,2,41,2,8,109,25,0
105,39,8,97,0,29,0,-10,72,41,0
62,41,-21,90,2,15,8,30,36,45,1
365,228,-7,67,1,66,1,7,180,59,0
92,65,1,93,1,36,6,9,31,69,1
123,50,-14,80,3,19,4,27,59,26,0
86,10,-5,100,2,18,0,4,76,17,0
97,67,-1,94,0,26,0,0,21,66,0
82,60,17,99,0,32,1,-9,36,91,0
56,9,-1,87,2,20,3,12,55,15,1
64,22,-31,40,20,30,8,30,55,4,1
236,93,-12,83,2,46,4,14,155,34,0
91,61,6,90,0,23,3,13,59,69,0
75,48,-10,71,2,12,0,12,21,59,1
157,75,-16,86,4,15,4,17,132,30,1
341,242,10,91,2,61,1,-2,63,84,0
134,14,8,91,0,42,1,0,118,33,0
259,153,1,98,1,87,0,10,44,57,0
62,23,8,95,1,28,0,-8,50,43,0
135,56,6,98,0,39,1,0,82,38,0
76,54,0,95,1,33,3,7,16,67,0
62,32,-18,85,0,16,3,11,30,36,0
178,36,-8,90,2,31,2,11,131,10,0
217,140,-4,98,2,45,0,13,138,72,0
113,65,-5,99,2,30,3,6,60,55,0
71,51,-13,64,6,16,5,21,32,56,1
160,52,-8,98,0,35,1,0,137,25,0
124,71,-13,53,10,46,7,14,91,48,0
85,62,-2,79,3,25,2,7,41,71,0
82,70,-7,88,2,8,5,4,28,72,1
177,46,-12,92,1,33,1,3,97,9,1
72,40,11,90,1,24,0,0,45,73,1
58,26,-24,98,2,10,8,22,53,20,0
223,166,-17,87,5,30,4,17,49,58,0
190,155,-11,86,1,40,1,24,35,71,0
204,180,-11,91,3,38,8,13,59,65,0
98,36,-27,56,20,19,8,30,84,8,1
156,90,-9,85,2,23,2,2,88,46,1
149,87,-8,83,4,59,3,18,88,52,1
191,70,-5,90,1,27,4,12,180,32,0
62,42,-4,86,5,19,4,14,26,59,1
183,144,-2,99,1,32,2,-5,100,81,0
95,43,-12,76,5,25,3,10,62,35,0
95,74,-20,59,8,18,8,27,24,59,1
126,64,-14,95,0,22,4,13,69,37,1
37,19,-23,91,2,11,4,15,18,12,1
82,30,-4,100,1,17,5,5,56,15,0
98,36,-7,100,2,20,1,7,66,36,0
143,81,15,100,0,34,0,-10,60,82,0
50,39,-10,87,0,9,3,16,25,56,0
83,60,4,98,1,37,4,-2,38,77,0
50,25,4,92,0,14,0,10,32,63,0
106,32,-10,75,3,30,2,22,67,29,0
66,54,-17,89,0,21,5,11,12,60,1
273,209,-26,62,16,52,8,30,118,38,1
134,100,-3,89,2,16,1,10,50,70,0
137,92,11,100,1,58,1,6,43,85,0
91,33,17,92,0,37,1,-6,63,36,0
137,73,-11,90,1,13,0,6,48,43,0
70,35,-33,81,6,11,8,30,63,17,1
94,55,-9,84,0,21,6,5,48,56,0
75,41,-9,85,4,16,0,11,27,39,0
83,72,-4,94,0,25,2,6,14,85,0
108,66,-7,79,3,30,2,9,48,54,1
97,21,1,96,0,19,0,1,80,35,0
63,30,-4,88,1,30,1,4,41,47,0
109,66,-21,81,3,25,8,24,46,42,1
78,30,-5,87,2,20,0,0,48,27,0
32,26,-4,87,3,13,3,12,9,86,0
125,16,-18,83,3,15,4,25,121,0,1
37,26,14,97,0,19,2,-2,16,88,0
146,70,-12,86,0,32,3,11,55,44,0
157,68,-15,73,5,30,3,21,107,24,0
68,16,3,86,2,23,0,3,35,29,0
126,85,4,96,0,43,2,-9,63,76,0
107,91,-24,98,1,17,8,30,21,60,1
55,28,-8,96,0,13,2,-3,27,40,0
188,29,4,83,1,56,3,2,180,35,0
113,78,-4,95,2,30,4,7,39,59,1
69,20,-5,97,2,16,3,3,76,25,0
89,76,7,94,0,35,2,-2,13,96,0
72,28,-13,97,1,14,2,1,50,36,0
132,102,8,99,0,33,2,-5,47,71,0
188,29,10,98,0,42,0,-9,150,32,0
95,86,12,98,0,32,2,-10,21,100,0
77,9,8,98,1,40,1,-1,53,19,0
185,119,-9,83,0,42,2,14,137,55,0
35,13,-18,97,5,8,5,23,39,11,1
130,88,15,98,0,27,0,-10,103,80,0
78,15,-4,100,0,27,0,8,47,26,0
90,68,-11,74,4,18,3,12,44,68,0
69,52,13,92,0,24,1,-2,20,73,0
180,62,17,93,0,47,0,-4,113,45,0
82,24,-5,83,1,19,3,5,57,9,1
139,23,-21,87,3,20,8,23,116,0,1
57,47,1,90,0,16,1,4,12,76,0
173,135,4,96,0,37,3,10,53,84,0
198,146,-10,91,4,34,4,16,91,64,1
96,10,-2,98,1,17,2,13,78,6,0
82,69,-14,57,4,23,8,21,47,67,1
56,7,-21,95,1,7,4,11,60,0,1
55,44,-7,97,0,19,1,8,11,81,0
185,173,7,96,0,46,0,-10,3,76,0
43,25,-20,90,2,10,2,12,31,35,1
80,64,-27,97,1,11,3,18,19,56,1
69,21,4,93,0,19,1,8,48,36,0
53,24,20,97,0,13,1,-10,29,58,0
176,68,-6,88,0,23,1,8,108,44,0
122,54,-11,85,3,22,7,14,70,42,1
81,36,-5,96,1,23,2,10,81,35,0
48,22,-13,67,3,16,6,19,41,32,1
174,144,6,93,0,66,2,3,18,97,0
112,91,-16,86,2,17,5,8,29,75,0
191,141,-20,89,1,35,8,17,48,58,1
60,13,2,97,2,17,1,6,53,20,0
48,42,0,95,0,18,0,-7,12,100,0
31,16,-6,96,1,8,4,10,30,55,1
71,33,-7,96,2,16,1,0,33,41,0
312,201,17,99,1,58,0,5,144,70,0
154,84,11,98,0,27,2,4,54,63,0
82,59,-5,89,2,21,1,5,34,56,0
88,47,2,96,0,28,5,4,42,42,0
111,104,-6,95,1,31,6,20,24,87,0
294,180,-2,98,0,64,0,12,147,54,0
211,68,10,86,0,42,1,-4,158,48,0
223,38,-10,71,3,69,2,15,180,5,0
89,53,6,98,2,19,1,-6,14,82,0
55,34,-22,94,3,7,8,30,35,37,1
101,91,16,99,0,29,1,-5,21,100,0
330,293,2,87,3,93,3,3,15,87,0
65,20,-17,96,2,14,8,20,61,22,1
60,44,5,97,2,17,4,3,29,69,0
171,84,-13,90,1,34,3,16,73,50,1
180,38,-7,95,1,43,2,12,135,20,1
67,53,-2,90,2,20,1,0,18,69,0
96,54,-11,95,1,19,1,18,47,41,0
122,14,4,98,1,27,0,-8,89,6,0
80,49,1,98,0,19,3,9,31,55,0
85,51,-2,79,1,15,4,12,28,58,1
190,71,-8,91,2,50,3,14,117,23,1
117,68,-7,99,1,27,0,9,39,53,0
90,26,2,97,0,30,3,5,64,41,0
64,47,-28,93,2,7,3,13,26,43,1
238,158,-9,93,1,90,1,15,69,57,0
199,95,-8,95,1,60,2,9,101,34,1
155,34,-24,85,6,37,6,30,135,0,1
141,62,-20,63,8,22,5,11,80,28,1
146,63,1,86,1,25,2,4,104,42,0
94,53,-13,64,3,31,4,11,44,28,1
43,16,-9,85,2,12,3,9,32,32,1
59,23,0,88,0,22,1,1,27,32,0
99,64,-11,72,2,15,5,13,46,48,1
153,99,-7,99,0,31,5,10,16,46,1
135,49,-2,78,1,36,5,3,96,22,0
260,76,5,95,0,71,2,6,147,34,0
117,70,-16,93,0,48,7,21,67,31,1
42,18,-19,53,16,11,8,27,45,28,1
220,24,-8,83,3,26,3,10,180,7,0
30,9,4,91,0,20,3,-2,27,25,0
91,69,-24,75,5,25,8,21,56,70,1
210,116,-19,75,10,25,8,16,95,43,1
57,50,15,91,0,24,1,-5,23,98,0
75,24,4,96,1,19,0,-10,54,36,0
165,45,-14,96,3,16,2,18,128,9,1
53,28,-12,94,3,19,4,14,33,43,1
135,64,7,96,1,38,3,-2,87,39,0
81,70,1,96,0,12,3,7,17,84,0
126,9,-17,95,1,27,2,18,111,0,1
96,46,-15,69,3,27,0,12,61,34,1
152,95,-1,97,0,33,2,0,70,61,1
115,85,10,99,0,22,1,0,41,87,0
113,86,6,96,1,20,1,-7,31,82,0
47,24,0,91,0,14,1,-8,32,49,1
270,230,5,94,0,96,2,-9,35,76,0
224,92,-12,86,1,39,3,21,163,43,0
163,105,2,89,1,35,2,3,130,60,0
41,30,-10,89,1,15,3,6,16,58,0
109,51,-15,86,1,20,6,22,58,28,0
50,47,-6,99,2,10,3,12,12,82,0
80,35,-6,91,1,14,2,1,45,46,0
327,76,-14,87,0,84,1,7,180,15,0
76,59,11,99,0,32,1,-6,13,94,0
113,72,-12,88,2,31,7,17,36,53,1
201,102,-10,98,6,45,2,15,87,39,0
36,13,-12,87,1,12,6,19,34,12,1
105,55,-7,92,3,25,3,4,47,44,0
139,80,2,96,4,54,2,3,35,52,0
259,196,0,99,0,30,1,3,56,73,0
107,94,11,98,1,34,0,-2,13,87,0
64,47,-23,80,8,12,8,14,48,46,1
130,21,12,95,0,24,0,-7,105,26,1
84,40,2,95,1,27,1,-3,69,40,0
42,31,-1,98,0,15,0,2,8,71,0
54,27,-7,93,1,17,1,7,30,46,1
123,105,1,84,0,39,0,-5,18,90,0
96,26,-16,95,5,32,0,14,91,22,0
143,66,-8,83,2,35,1,17,77,36,0
126,49,-1,99,0,51,2,1,63,35,0
270,206,-10,65,9,62,4,18,19,64,1
104,97,-14,91,1,28,7,12,41,84,1
63,37,0,98,0,15,3,12,30,72,0
362,199,-7,86,0,48,2,16,115,59,0
81,59,-3,95,0,22,2,14,22,57,0
84,63,6,90,1,23,3,0,31,69,0
61,21,-11,99,1,18,2,10,46,18,0
136,49,-9,89,2,29,0,1,58,29,0
108,67,-23,76,3,15,1,11,47,41,0
154,18,-29,74,6,16,3,28,134,0,1
124,92,-19,89,2,19,8,28,35,58,1
55,19,10,99,1,22,1,-2,48,54,0
104,64,-16,86,4,34,5,25,83,49,1
211,78,10,90,0,100,0,-5,180,52,0
69,48,-22,76,5,10,4,15,14,43,1
114,69,6,92,0,23,1,1,87,59,0
365,146,10,99,0,100,3,-1,180,70,0
79,53,-11,97,0,12,4,3,43,48,1
153,23,1,94,0,44,4,12,146,8,0
70,65,6,97,1,15,3,-3,10,100,0
203,55,-10,93,0,25,3,8,180,23,0
132,51,-12,88,3,31,5,18,110,25,0
163,89,-9,96,2,35,1,-1,85,45,0
94,66,-6,88,0,26,3,4,26,72,0
298,190,-9,98,1,52,2,19,70,59,1
35,20,-1,97,0,17,1,-4,20,55,1
91,34,-11,100,4,40,3,16,77,19,1
131,102,-10,90,2,27,1,5,43,62,0
66,50,-19,88,2,16,8,19,24,51,1
177,60,-2,94,0,30,4,4,145,37,1
119,72,7,94,0,30,0,-2,47,69,0
165,121,0,98,1,44,5,8,34,77,0
215,195,8,97,0,63,3,-4,58,82,0
87,26,8,93,0,22,1,-2,70,27,0
70,13,9,95,1,34,0,-10,61,35,0
74,44,-12,88,3,17,4,10,49,37,1
141,26,5,96,1,38,1,-4,149,10,0
128,110,-19,89,2,21,2,6,16,74,0
211,35,-3,86,0,30,2,9,180,18,0
122,51,11,98,2,44,0,-9,72,55,0
34,21,-25,53,15,15,5,30,15,43,1
108,93,3,92,0,40,1,-8,31,85,0
91,49,-22,90,3,21,8,21,71,36,0
88,22,5,93,1,25,2,4,71,21,0
276,240,-4,97,2,38,4,16,36,77,0
98,19,-14,94,2,20,2,3,79,1,0
111,30,4,97,1,28,3,2,81,17,0
222,193,7,86,1,52,0,-5,25,98,0
97,19,-1,79,1,21,1,6,78,15,1
105,93,-10,89,1,28,3,5,12,78,0
108,78,0,92,0,21,3,5,31,83,0
365,180,-10,85,2,78,1,9,180,49,0
129,30,-10,87,2,34,5,22,99,4,0
163,140,-5,93,4,30,6,19,23,82,0
73,22,-11,91,0,21,0,7,52,24,1
50,45,-12,93,0,15,6,10,23,81,0
257,206,-22,61,8,38,4,18,69,52,1
100,73,4,89,1,53,1,0,28,72,0
153,66,-15,89,2,28,3,11,64,39,0
164,22,-14,77,5,24,4,18,101,3,1
75,61,-7,90,0,18,2,-4,22,87,0
217,171,-20,90,1,39,7,15,46,64,1
87,63,1,92,0,24,3,8,11,69,0
93,81,3,95,0,43,3,0,53,91,0
127,80,1,94,1,31,1,4,61,51,0
47,22,-7,85,1,9,1,7,28,49,1
46,34,-15,96,0,19,1,2,12,50,1
112,80,-1,91,3,41,7,22,84,63,0
45,30,-1,96,0,20,1,3,19,49,0
61,21,-18,98,1,15,1,5,55,14,0
118,53,-11,90,4,22,3,6,77,27,1
136,73,11,99,0,18,1,6,68,74,0
108,48,-16,92,0,21,3,13,69,33,1
102,51,10,97,1,31,0,-9,60,53,0
249,67,7,98,2,79,2,-9,180,36,0
105,51,-4,88,1,33,3,6,73,48,0
166,125,1,97,0,34,1,2,9,73,0
229,58,4,86,1,56,1,4,174,33,0
89,79,-4,88,0,19,2,-4,19,100,0
79,70,-11,95,3,22,5,12,8,80,1
78,37,13,96,1,40,2,-10,38,65,0
93,44,5,99,1,24,0,-2,69,61,0
120,51,-29,40,20,35,5,30,113,0,1
228,192,1,97,0,71,0,-1,66,83,0
278,125,3,96,0,60,2,14,119,44,0
110,91,-17,91,3,18,4,16,14,60,1
104,88,13,97,0,27,1,3,24,97,0
88,52,-7,79,3,20,2,7,15,44,1
62,41,-9,95,1,16,1,16,24,46,1
106,83,6,77,1,23,0,-10,25,81,0
91,54,-17,86,4,22,5,15,73,40,0
59,37,0,97,1,22,0,5,11,67,0
119,65,-27,94,3,20,7,30,65,17,1
218,183,-15,93,3,49,2,16,95,72,0
65,32,15,93,0,40,1,-1,40,59,0
70,30,-5,91,0,11,0,-2,47,42,1
144,44,-10,98,2,18,2,12,91,23,0
101,87,3,96,1,41,1,1,1,94,0
77,52,-13,100,0,23,1,2,24,55,0
328,235,9,92,0,91,1,-10,139,79,0
215,139,0,79,1,37,2,-1,36,56,0
103,63,-2,98,1,37,0,5,40,55,1
41,26,-2,83,1,16,1,-6,23,65,1
139,94,-20,79,3,36,4,17,104,58,0
95,45,9,97,0,46,0,8,65,47,0
88,58,14,98,1,19,1,-10,25,76,0
308,184,-13,75,2,39,4,9,124,59,1
74,55,7,98,0,15,1,-10,30,85,0
123,64,-17,94,3,35,8,22,101,30,1
42,39,-4,97,1,22,2,13,1,88,0
158,110,-10,95,0,30,5,13,76,71,0
71,38,5,91,1,14,0,-5,23,74,0
128,100,-7,98,2,29,2,13,28,71,0
87,33,8,93,0,28,2,-3,48,49,0
96,58,3,94,0,47,2,5,37,60,1
89,75,1,96,0,21,1,-6,29,79,0
147,74,1,91,3,42,0,-1,137,58,0
302,183,-3,97,1,36,4,13,149,70,0
162,24,9,97,1,63,1,0,160,34,0
47,11,-27,73,5,9,5,20,48,3,1
194,77,9,97,1,44,2,-1,117,29,0
147,83,-8,99,0,31,1,6,54,53,0
98,87,2,88,1,50,2,0,18,77,0
55,15,-30,40,20,12,5,20,64,0,1
113,44,-7,97,0,22,4,2,84,36,0
45,31,-9,98,1,18,3,21,18,68,0
246,44,-14,85,1,23,1,12,180,13,0
111,53,-28,71,13,20,8,30,87,11,1
86,35,-7,90,1,21,3,5,49,51,0
63,22,-6,92,2,16,0,-3,41,34,0
73,15,-7,93,2,19,1,6,78,10,1
257,179,-11,98,2,54,7,12,93,44,0
66,44,-10,92,2,18,2,8,6,47,1
65,36,-7,97,2,13,5,3,39,44,1
121,80,-5,86,2,28,2,14,41,68,0
128,55,-8,80,1,28,1,9,100,34,0
60,26,-6,90,3,14,2,8,34,42,0
115,33,-6,84,1,16,2,4,82,34,1
91,76,-10,99,2,38,4,8,39,83,0
182,80,-26,92,2,32,8,23,87,4,1
59,46,-16,84,2,11,5,12,29,62,1
233,190,-27,71,18,47,8,29,89,48,1
121,85,11,95,0,37,0,-10,27,78,0
144,56,-12,84,2,23,3,14,129,34,0
32,19,-3,88,0,13,0,2,8,58,0
145,70,6,97,1,31,1,-2,56,58,0
92,24,4,98,0,18,1,3,45,33,0
299,180,-14,92,1,59,6,11,180,39,1
170,130,-19,69,7,19,6,17,69,57,1
170,22,1,98,1,42,0,19,149,11,0
125,20,-18,46,16,16,4,21,124,0,1
114,36,-4,86,2,29,0,3,81,32,0
178,45,20,99,0,28,1,-10,133,44,0
46,31,5,97,0,9,1,-10,18,78,0
60,41,0,97,1,23,4,11,20,72,0
35,15,-15,94,6,10,7,21,38,23,1
123,110,-10,96,2,34,0,-1,19,78,0
105,74,-9,91,2,20,1,15,46,63,1
139,66,-5,89,0,25,1,5,67,47,0
162,104,-8,87,1,48,7,13,84,59,0
249,219,-9,78,0,32,0,6,52,82,0
115,44,8,99,0,43,0,-10,101,48,0
82,58,-9,96,3,28,1,3,40,57,1
82,21,9,98,0,34,2,-10,56,44,0
43,38,10,95,1,15,0,-10,5,92,0
101,67,-2,84,1,23,0,-2,58,55,0
45,20,-4,85,1,10,3,13,22,43,1
201,98,9,94,2,51,1,6,103,59,0
58,33,5,95,0,16,0,-10,26,60,0
241,81,-23,65,5,39,4,24,128,18,0
77,20,-5,91,1,12,0,-4,61,21,0
118,92,-26,96,3,34,7,22,69,44,1
92,30,-8,97,0,24,1,7,65,19,0
69,40,-4,92,0,28,1,3,48,72,0
187,144,-7,85,1,57,3,9,69,81,1
164,86,-25,94,2,34,8,25,126,27,1
73,52,1,87,2,12,1,-1,14,65,0
84,14,-14,87,3,13,5,8,70,13,0
172,153,-4,91,1,19,1,-1,26,100,0
62,22,-16,95,1,9,3,20,37,18,1
85,41,-16,78,3,12,8,17,75,46,1
176,50,0,95,1,49,1,0,150,27,0
133,31,3,94,0,30,2,0,118,23,0
253,192,-13,97,1,53,2,11,116,53,0
259,94,4,96,0,33,4,6,172,59,0
61,15,19,99,0,18,1,-4,44,43,0
63,34,10,99,1,27,0,2,33,61,0
63,21,9,95,0,40,1,0,47,37,1
176,73,-2,98,1,23,1,-5,114,41,0
147,118,-5,95,0,41,3,3,67,83,0
221,151,-5,95,0,54,6,14,171,62,0
330,269,14,99,0,54,0,-5,61,100,0
43,15,9,93,1,28,2,-9,40,40,0
30,17,1,97,0,9,2,1,7,66,0
215,123,-7,97,1,64,8,18,88,35,0
124,73,-5,78,4,32,6,10,51,57,0
112,63,-3,99,0,20,1,-6,66,52,0
109,58,-5,91,1,29,2,14,51,50,0
103,61,-11,97,0,30,4,7,64,47,0
299,135,-12,87,4,31,2,14,140,26,0
85,47,-17,88,2,36,8,28,59,46,1
35,14,6,97,1,21,2,10,19,41,0
123,76,-20,42,20,15,7,19,67,43,1
162,41,-25,97,1,11,5,20,80,1,1
68,61,-3,96,0,19,1,1,19,90,0
41,8,-7,94,0,18,5,12,40,6,0
144,133,-9,78,3,21,2,15,18,75,1
72,40,1,99,0,39,1,1,30,57,0
79,48,12,94,1,24,0,-3,41,69,0
365,237,9,94,0,94,1,-1,180,67,0
68,54,4,94,1,17,0,-3,18,81,0
95,28,-10,85,3,24,3,11,78,34,1
222,77,-8,96,0,54,4,9,148,17,0
235,207,-2,92,1,73,0,-4,33,88,0
365,293,-16,75,1,79,6,26,130,68,0
152,107,-11,92,1,29,5,12,91,75,0
251,213,-9,99,1,81,8,18,46,72,0
96,16,-19,71,3,20,3,18,81,0,1
115,97,-6,97,1,40,3,6,33,90,0
132,54,-10,96,1,32,3,7,93,29,0
165,84,10,97,2,62,3,5,63,52,0
114,36,-15,95,2,39,3,14,89,21,1
173,76,-10,92,1,52,3,19,143,35,0
106,37,-4,99,0,45,3,17,64,47,0
83,9,20,96,0,41,0,-10,80,29,0
82,47,7,96,0,27,0,-10,22,53,0
121,88,-2,89,2,25,2,2,43,68,0
115,82,-19,99,1,15,5,20,33,46,1
32,25,8,88,1,29,1,-10,5,81,0
213,121,-11,78,2,64,5,15,129,52,0
160,140,8,98,1,42,1,-8,24,95,0
116,85,19,92,2,26,0,0,70,93,0
80,74,3,99,0,23,2,5,21,100,0
125,95,-6,96,0,20,2,-2,54,72,0
155,59,-2,99,1,39,1,9,63,34,0
143,112,2,98,0,50,1,1,28,83,0
55,31,-7,96,0,14,2,1,18,57,0
134,108,2,83,0,38,2,-5,13,79,0
190,27,-10,97,2,49,2,15,180,4,0
81,60,4,95,1,46,1,10,23,78,0
249,166,-5,97,0,38,5,19,107,63,0
71,56,0,85,0,19,3,9,11,75,0
81,49,-30,89,4,12,8,27,16,44,1
138,96,4,95,0,31,2,4,53,71,0
98,43,-3,90,1,26,1,5,60,40,0
131,61,-3,96,2,42,1,5,49,52,0
79,37,-18,90,0,20,5,14,52,34,1
301,115,-22,60,14,28,7,30,180,22,1
239,144,-7,92,3,49,1,15,116,59,0
101,57,-11,96,1,19,4,7,44,49,0
89,57,-6,89,1,14,4,5,59,52,0
30,28,13,99,1,16,0,0,2,100,0
47,15,-5,87,3,10,2,4,27,32,0
168,137,0,95,1,34,1,11,31,87,0
365,186,-8,94,5,71,5,21,147,46,0
88,29,4,82,2,20,1,12,56,35,0
92,45,-2,92,2,16,4,13,73,52,0
133,41,-2,98,0,34,0,-3,98,28,0
199,125,-11,75,3,47,2,6,24,61,1
256,200,-2,95,0,64,3,7,62,79,0
65,46,-1,99,1,17,4,7,21,65,1
130,76,-5,95,0,35,3,-1,74,41,0
130,94,-8,89,3,13,1,13,36,68,0
54,29,-8,77,3,18,4,20,15,55,0
156,126,-8,94,0,24,3,16,40,75,0
88,33,0,98,0,24,4,1,65,30,0
106,11,6,88,1,38,2,-2,106,8,0
64,47,1,91,0,15,3,8,19,63,0
160,127,-10,79,6,36,6,27,5,69,1
89,71,-12,91,2,15,5,20,17,80,0
200,76,-10,91,1,45,2,7,146,36,0
223,199,-3,99,0,52,2,-3,13,94,0
110,99,-13,95,2,16,4,17,31,72,0
188,116,-9,94,2,33,4,8,109,47,1
116,107,-17,98,3,20,4,11,12,81,0
166,87,-6,97,0,35,3,1,114,47,0
278,215,1,89,0,47,2,4,79,77,0
30,8,-6,94,3,25,1,2,23,11,1
108,60,3,94,1,32,2,7,50,65,0
71,26,-10,88,3,18,1,18,52,13,1
180,109,8,96,0,28,2,7,96,77,0
62,29,0,98,1,14,0,-1,26,50,0
121,33,-14,91,1,20,2,14,105,20,0
56,12,-4,90,0,13,0,3,44,24,0
226,37,-2,94,0,81,2,1,180,19,0
104,66,-4,92,0,25,0,-1,37,54,0
130,125,-3,95,1,19,2,-3,6,96,0
280,59,16,97,0,60,0,-10,180,30,0
174,115,-2,95,1,42,6,-1,28,65,0
113,39,-6,90,1,31,0,5,84,27,0
111,103,1,93,1,31,2,-6,5,99,0
208,156,-14,81,4,56,5,17,132,68,0
60,9,-10,93,1,24,1,8,60,0,1
180,90,11,99,0,33,0,-10,115,54,0
77,27,-3,89,0,15,2,16,50,43,1
48,22,1,84,6,17,5,8,26,47,0
76,12,-3,77,1,18,2,5,75,23,0
160,98,20,99,0,39,1,-10,84,83,0
56,34,-3,87,2,17,2,18,19,52,1
158,81,-8,89,4,41,3,7,59,39,0
225,54,-1,77,4,40,1,5,180,19,0
127,36,7,99,0,42,1,-3,113,25,0
153,61,-6,90,1,37,1,3,65,28,0
346,187,5,91,1,69,0,-8,84,67,0
146,108,5,99,2,38,3,10,43,70,0
108,56,6,98,0,30,0,-1,50,51,0
62,32,-7,92,3,12,2,4,56,51,1
70,37,-6,95,0,22,0,9,34,38,1
116,53,-21,95,1,13,2,11,86,20,0
365,40,15,96,2,100,1,7,180,26,0
52,38,-8,83,2,13,2,7,10,53,1
57,43,12,97,0,26,0,-3,6,87,0
54,26,-8,89,1,11,2,0,40,34,0
176,152,-11,81,3,39,5,22,45,83,0
277,155,3,97,0,51,2,6,91,56,0
83,75,-23,87,0,23,8,18,23,74,0
134,47,-19,68,6,30,4,10,71,14,1
59,36,1,94,1,18,0,-1,27,56,0
184,126,-6,89,1,30,1,10,33,78,0
114,66,-14,80,2,21,2,9,35,51,0
157,108,9,97,1,38,2,-8,49,88,0
94,84,-28,97,0,11,8,25,19,66,1
90,12,11,96,0,30,0,-8,83,37,0
120,77,-8,87,1,29,4,13,47,69,0
175,36,-17,99,3,19,3,18,180,8,0
69,59,-1,81,2,26,7,11,17,95,0
94,71,-1,88,1,49,1,1,19,87,0
137,53,-3,90,1,48,1,1,85,42,0
136,36,-18,85,3,36,6,26,140,17,1
58,41,-21,71,3,12,5,21,28,59,1
112,13,-8,98,1,26,2,15,104,0,0
316,122,4,91,0,49,1,-2,180,44,0
109,99,6,98,0,28,1,-9,14,100,0
186,128,-18,93,4,25,2,19,58,54,1
133,22,-19,88,2,29,4,21,144,0,1
220,117,3,93,1,36,1,-1,133,66,0
154,54,-3,94,0,34,3,0,116,23,0
184,122,-23,98,3,25,8,27,62,35,1
154,52,6,92,2,36,2,-4,78,28,0
97,42,-20,90,1,23,6,14,79,10,1
143,43,-8,82,2,55,3,14,106,16,0
127,42,-14,91,0,33,1,9,89,24,1
179,73,-8,94,1,41,7,6,106,36,1
77,70,1,81,1,18,5,6,21,87,0
93,28,0,88,0,21,2,11,90,31,0
80,54,9,96,2,36,2,5,38,78,0
57,51,-4,91,1,14,3,5,2,86,1
74,37,-1,88,0,22,0,8,37,35,0
309,117,-10,77,2,54,5,16,180,20,0
92,64,5,93,0,29,2,-6,41,75,0
264,161,6,97,0,53,4,5,115,57,0
103,61,7,94,0,34,0,-10,63,72,0
119,66,-26,93,2,18,8,28,81,33,1
216,203,-6,96,1,40,1,2,24,87,0
104,30,4,97,0,34,3,0,102,27,1
85,59,-6,97,2,19,3,7,26,63,0
155,105,-7,93,1,39,1,5,46,57,0
47,42,10,96,1,18,2,-4,15,78,0
80,26,-11,97,1,11,3,14,64,33,0
65,62,-13,41,11,20,1,10,12,75,0
153,86,-12,86,1,20,2,8,67,55,0
153,119,-12,87,3,24,3,21,27,65,0
68,49,-5,85,2,14,0,3,8,65,0
86,50,-9,90,0,26,4,8,61,32,0
141,102,0,92,1,19,1,-2,55,84,0
117,66,-16,84,1,33,5,14,74,33,0
138,40,-13,98,4,31,5,16,80,8,1
88,81,7,93,0,28,2,8,7,100,0
127,93,-16,93,1,18,7,23,50,60,1
68,38,-2,82,2,29,2,7,25,56,1
144,40,-11,93,1,37,3,9,122,22,0
134,65,3,100,0,33,1,6,114,53,0
303,142,4,96,1,79,2,3,173,48,0
35,24,3,92,2,11,0,6,14,70,0
42,14,19,98,0,17,0,-10,28,57,0
359,156,-20,88,7,44,6,25,164,20,0
167,29,-4,84,2,40,1,13,138,6,0
188,68,3,88,0,73,1,7,127,35,1
220,110,-8,98,1,35,4,14,180,48,0
115,39,1,96,1,23,2,3,106,23,0
140,104,1,95,0,32,6,4,59,84,1
48,37,-21,97,2,10,6,21,21,59,0
242,71,5,94,2,42,2,-4,171,23,0
114,91,-9,88,0,31,2,10,28,62,0
62,45,8,86,1,11,1,7,12,70,1
94,29,-11,96,0,20,1,7,87,22,0
297,211,-21,71,5,53,3,15,179,47,0
31,15,-1,94,0,23,2,8,19,47,0
63,12,-5,89,3,18,2,10,63,9,0
117,80,3,98,1,21,0,-3,25,67,0
46,43,12,82,3,13,3,1,6,100,0
77,28,2,83,1,36,1,2,61,42,0
304,204,1,95,1,92,1,-2,125,52,0
49,34,-29,59,17,10,8,30,40,36,1
73,43,-11,79,1,27,6,15,43,42,1
160,105,-8,86,1,56,6,16,47,54,0
62,45,-10,99,0,20,1,5,23,68,0
43,23,-13,93,0,8,3,14,26,46,1
30,24,-2,92,1,15,3,14,6,81,0
251,65,-3,87,0,100,4,9,180,31,1
45,15,-19,72,5,7,3,11,33,17,1
127,108,-2,93,2,44,5,11,32,84,0
143,30,10,93,0,24,0,1,85,32,1
284,165,9,99,1,62,0,-4,170,63,0
51,33,-20,80,4,12,5,23,27,42,1
114,103,7,99,0,38,2,1,55,100,0
80,57,20,100,0,38,1,-10,25,100,0
195,88,-10,97,0,30,2,1,153,19,0
84,52,-18,99,2,21,3,21,32,34,1
114,104,17,95,1,29,3,-10,14,100,0
89,17,17,92,1,35,1,-10,72,42,0
78,52,6,99,2,32,1,10,27,77,0
123,107,-3,94,0,26,2,6,24,80,0
205,121,4,97,1,55,1,-9,77,61,1
173,90,-21,96,0,32,4,16,95,30,1
314,77,-21,59,8,33,2,8,180,4,0
48,18,-18,78,4,11,8,17,41,26,1
75,45,-16,77,3,14,5,21,42,47,1
185,151,9,92,1,46,0,-7,55,87,0
56,37,1,88,2,30,1,15,35,67,0
105,79,-3,91,0,22,1,7,24,81,1
72,64,-6,89,1,11,1,13,16,86,0
172,83,-12,88,4,33,8,15,148,30,0
60,19,7,93,0,22,0,2,42,40,0
58,20,-17,52,10,15,2,20,55,13,1
66,50,14,95,0,34,1,-10,8,87,0
123,40,-13,93,1,37,5,17,96,37,0
60,28,-8,93,2,17,2,7,37,51,0
65,39,13,91,0,16,0,-3,51,65,0
87,52,-8,88,3,32,2,6,49,45,0
101,86,17,98,0,27,0,-10,37,100,0
98,37,-6,99,0,21,0,8,58,22,0
147,75,0,97,1,36,0,4,72,53,0
44,33,6,98,0,21,2,-5,16,86,0
128,82,5,97,1,28,2,0,25,57,0
62,25,20,99,0,46,0,-10,28,74,0
30,19,2,97,0,11,1,0,11,63,1
97,60,5,93,0,22,2,13,29,75,0
286,143,-27,90,5,56,8,30,104,20,1
50,47,-25,82,6,14,8,28,7,86,1
81,8,-7,57,5,40,3,13,73,8,0
347,270,20,94,2,98,0,-9,135,88,0
78,73,11,96,0,31,0,-7,5,97,0
95,84,1,98,2,27,2,-5,20,87,0
108,68,-10,94,2,37,6,14,69,54,0
148,77,7,91,0,18,2,4,133,69,0
122,61,8,96,0,48,1,1,77,64,0
209,154,0,84,2,47,2,-8,55,72,0
44,35,-22,74,1,8,8,22,19,47,1
130,81,-21,82,3,20,8,20,35,47,1
134,22,-8,91,2,17,0,17,128,7,0
51,15,-6,90,0,19,4,14,53,9,1
110,50,-6,76,0,30,0,9,54,22,1
119,96,-9,86,0,26,5,11,59,69,1
33,12,13,99,0,16,0,-6,23,55,0
134,113,-30,40,20,27,8,30,59,43,1
130,120,-3,86,4,36,3,5,10,99,0
116,104,12,90,1,26,0,-4,20,100,0
90,18,-14,92,0,22,3,10,63,11,1
108,40,-7,90,0,27,3,7,74,33,0
156,83,-4,76,4,45,3,5,60,37,0
63,53,10,100,1,27,2,-4,18,83,0
108,72,-35,61,17,20,8,30,49,37,1
156,76,2,99,1,39,0,-4,107,47,0
112,29,-8,90,1,21,0,3,113,14,0
115,42,-2,91,1,34,0,8,87,33,0
88,10,7,94,0,50,3,4,78,18,1
100,85,-21,80,4,18,3,21,40,55,1
87,77,8,84,1,24,2,0,30,94,0
101,45,-17,78,5,14,2,11,55,29,0
117,25,-2,99,0,24,1,4,107,12,0
98,35,-13,91,2,13,2,16,55,22,1
245,85,-7,88,1,29,3,13,158,19,0
110,90,10,100,1,43,3,-6,20,86,1
67,25,7,87,1,21,2,-6,40,35,0
102,59,-18,94,2,17,8,16,43,41,1
77,32,-15,76,4,11,6,13,42,28,1
167,82,-18,91,2,22,3,23,75,38,0
179,143,-2,89,0,37,4,6,23,83,0
221,134,-20,97,2,28,8,25,34,35,1
274,174,-31,64,8,21,6,25,94,28,1
50,11,-8,99,2,12,0,7,41,11,1
118,77,4,96,1,24,2,4,41,77,0
178,57,-3,94,0,55,1,13,91,42,1
101,64,-2,94,1,20,4,9,77,62,0
105,80,-6,85,0,28,0,4,25,83,0
57,30,-11,96,0,17,1,11,27,44,0
138,103,9,98,1,54,1,2,12,79,0
119,96,-11,94,2,26,6,16,44,77,1
189,67,15,88,1,78,0,-2,119,46,0
227,121,0,87,1,29,1,-2,176,55,0
193,57,13,90,0,27,0,-10,109,45,0
78,27,-8,73,4,14,5,19,62,20,0
309,88,2,98,0,45,0,2,180,21,0
110,49,-1,97,0,20,2,5,54,38,1
41,25,-7,88,2,18,2,5,16,59,0
159,140,-11,64,4,28,1,7,21,89,1
193,69,-2,97,2,58,4,10,124,46,0
52,37,-1,98,1,18,1,5,25,64,0
128,116,12,98,1,31,0,5,1,100,0
63,28,-7,97,0,17,0,1,21,40,1
125,100,-11,97,0,24,1,9,49,72,0
106,26,-3,96,1,15,1,3,78,10,1
169,146,9,99,0,60,4,6,59,98,0
265,191,6,91,0,75,2,-2,128,73,0
183,81,-2,97,0,66,4,4,131,54,0
60,33,-11,84,1,17,0,13,32,39,0
221,129,-12,95,1,51,7,13,93,50,0
41,26,-10,94,0,16,5,12,26,54,0
365,89,-18,95,1,69,7,18,180,11,1
115,79,-22,89,4,24,8,30,47,43,1
194,133,0,88,4,70,1,5,48,78,0
77,45,14,99,0,31,0,-10,26,63,0
54,40,-3,96,2,21,2,13,27,53,0
130,47,-3,91,3,29,4,11,115,31,0
175,151,-27,96,2,18,5,20,50,62,1
88,26,12,97,0,31,0,-8,66,36,0
93,64,-5,95,1,25,5,14,30,76,0
37,9,3,93,0,11,1,0,34,33,0
157,56,-2,97,1,42,1,-3,133,29,0
174,64,-6,97,0,47,6,25,91,31,0
196,33,0,89,2,39,3,1,149,15,0
146,86,-16,89,0,18,6,13,58,46,0
235,53,-14,94,0,48,6,23,180,2,1
85,64,-5,97,0,21,3,-1,12,60,1
278,211,9,96,0,94,0,-9,48,95,0
85,68,-7,91,0,15,2,12,27,84,1
59,24,1,93,1,25,2,-5,38,42,0
52,36,5,96,0,23,0,-5,9,50,1
95,58,-12,89,2,25,2,8,47,56,1
296,178,-27,96,3,58,5,17,127,34,0
251,82,-9,90,3,60,4,4,180,25,1
93,79,-6,85,2,19,7,11,8,72,0
106,71,8,85,1,19,0,-7,54,58,0
98,20,-12,91,0,32,6,22,72,7,1
88,68,-9,98,1,19,1,6,47,77,0
193,62,0,99,1,71,1,6,158,29,0
77,37,6,97,0,24,2,0,48,41,0
62,44,5,94,0,19,2,-6,45,81,0
91,32,1,96,3,28,1,15,52,37,0
133,70,4,85,0,20,2,-1,65,55,0
45,27,-12,86,1,9,2,11,19,44,1
67,43,2,98,0,19,2,4,35,67,0
169,70,7,89,2,42,1,1,68,46,0
123,60,-3,95,2,29,5,6,68,49,0
138,102,11,97,0,28,0,-10,36,92,0
168,108,-21,61,4,29,3,19,60,49,1
142,118,-3,98,0,30,4,13,40,66,1
147,80,-40,40,20,20,8,30,97,0,1
181,113,-16,79,4,47,4,19,68,46,1
83,56,7,98,1,19,1,3,21,65,0
215,142,-10,93,1,36,4,13,118,72,0
112,65,-8,93,1,28,1,5,51,46,0
141,38,7,94,0,48,1,-4,109,28,0
63,33,-8,93,2,14,5,15,23,31,0
97,35,-15,90,2,16,2,13,44,17,1
36,28,20,99,0,24,0,-10,12,90,0
61,28,-1,90,0,30,0,-2,37,39,0
136,20,-10,89,0,27,4,10,122,3,1
74,54,-30,86,3,12,8,30,51,28,1
86,51,7,92,2,17,0,-8,41,63,0
145,54,5,74,3,34,0,-2,127,38,0
220,75,-8,80,2,32,1,-3,146,25,0
103,60,-6,96,0,19,2,10,28,57,0
114,62,-31,49,20,24,8,30,47,38,1
295,67,7,97,0,32,1,-7,180,34,0
143,54,0,91,0,41,1,4,96,32,0
131,37,-18,75,7,22,2,22,99,12,1
85,49,4,96,1,16,0,-8,45,64,0
78,65,-8,95,5,30,5,13,27,81,0
176,60,-7,81,2,40,2,15,106,26,1
49,28,-11,86,6,16,6,18,21,38,1
328,96,-18,75,5,44,4,20,180,6,0
122,48,-2,98,0,33,2,10,81,41,0
53,28,-1,90,3,17,1,-9,27,45,0
76,23,0,87,0,22,1,2,50,23,0
92,21,-9,93,1,21,0,13,69,12,1
365,220,-3,90,1,70,4,2,180,63,0
177,143,-3,100,1,37,7,9,34,71,0
114,72,-3,97,1,36,1,6,42,57,1
141,98,-12,96,1,23,3,17,60,57,0
184,79,-7,91,0,33,2,10,134,43,0
83,36,-4,95,2,28,5,16,61,47,0
129,38,2,82,4,29,4,5,104,30,0
50,33,-10,88,3,20,2,8,24,53,0
124,36,-10,92,2,30,5,9,83,25,0
288,215,-31,67,8,34,6,27,99,49,1
94,20,-20,96,4,18,2,9,56,0,1
101,40,-21,91,3,32,6,22,69,11,1
260,135,-12,92,1,36,1,13,167,35,0
165,156,-10,98,1,29,6,10,1,75,1
87,65,2,90,2,22,5,0,26,82,0
308,147,-11,79,3,39,2,8,180,43,0
189,96,20,99,0,53,0,-10,97,69,0
85,36,14,90,0,28,3,-5,41,53,0
191,40,-12,93,2,26,5,17,151,7,0
103,79,0,95,1,21,1,-5,24,70,0
133,47,-6,95,0,25,0,13,95,24,0
287,183,-5,97,1,43,1,5,81,50,0
79,43,-25,45,13,20,6,24,45,35,1
169,97,-6,99,0,35,4,12,72,50,0
126,37,-14,83,1,21,3,14,89,31,0
126,63,-2,98,1,20,1,3,57,42,0
51,24,0,88,3,21,1,-2,35,53,0
221,64,-11,98,1,50,2,19,176,24,0
160,73,2,83,1,35,2,3,62,48,1
231,104,1,97,0,63,1,-7,127,41,0
83,52,-24,67,9,10,8,23,49,28,1
82,61,3,97,2,22,0,8,17,83,0
59,48,-23,81,5,15,4,17,19,49,1
103,82,7,100,2,42,3,-5,40,78,0
98,61,-10,96,1,15,5,15,52,56,0
105,30,-10,91,0,27,8,19,96,24,1
74,34,-6,87,0,21,1,4,42,41,0
184,93,0,93,1,39,0,3,141,48,0
207,181,-20,85,1,29,5,25,21,70,0
168,127,-19,98,2,43,3,9,78,50,0
128,59,0,95,0,36,2,3,68,46,0
100,50,11,99,0,34,1,-1,75,52,0
283,191,2,80,1,49,2,-6,73,64,1
80,29,4,98,0,22,1,-7,51,30,0
191,151,3,96,1,31,0,-1,34,77,0
57,40,5,86,1,22,4,-1,23,73,0
64,42,-22,66,4,13,1,11,17,42,1
82,64,-4,91,1,31,6,22,21,56,1
116,66,-11,85,0,11,2,8,63,36,0
97,49,-1,97,3,32,8,18,70,58,0
199,69,-2,95,0,35,1,3,174,39,0
64,37,2,94,1,27,0,-1,16,69,0
136,46,5,99,0,44,2,-2,99,31,0
40,21,-4,80,2,19,1,-5,22,54,0
119,29,-21,77,7,18,4,15,89,1,1
45,18,-10,81,2,11,4,6,38,3,1
52,28,-10,87,0,19,3,7,31,39,1
242,117,3,99,0,45,4,5,125,44,0
220,50,-6,99,0,47,2,6,141,23,0
75,56,-5,91,2,20,3,9,6,76,1
164,91,6,95,0,58,3,3,65,77,0
117,90,-11,98,0,28,2,18,27,58,1
73,14,-17,90,2,17,2,8,59,7,1
161,117,4,99,0,29,1,-2,52,80,0
100,71,-2,94,0,37,2,-2,24,66,0
148,69,-10,98,0,20,2,8,65,38,0
65,46,13,92,2,22,0,-10,13,83,0
180,88,-8,97,2,34,5,10,136,40,0
109,37,2,92,2,29,1,-10,83,40,0
88,49,8,97,0,34,1,-7,48,62,0
91,88,-2,95,0,18,4,15,5,94,0
147,10,1,96,0,19,0,-10,137,16,0
56,31,18,99,0,21,0,-10,34,76,0
189,147,-18,100,2,41,7,21,66,51,1
30,25,-3,88,2,11,5,11,11,85,0
80,41,-9,94,3,29,1,4,40,41,1
224,49,0,90,1,41,1,3,180,25,0
50,42,-8,98,4,17,5,9,27,92,0
101,64,-19,90,3,10,0,14,39,36,1
177,74,10,91,1,56,1,0,136,41,0
240,186,-13,87,1,35,1,11,1,60,1
196,154,-23,84,1,34,5,19,52,65,0
274,70,-17,89,3,52,5,20,180,13,0
365,143,-15,73,5,49,5,15,180,25,1
83,49,-2,89,1,28,3,10,35,53,0
52,39,-2,83,1,18,6,11,31,72,0
207,52,-7,81,2,35,2,14,116,11,0
183,103,14,96,0,58,1,-10,109,63,0
167,146,-12,96,1,26,3,9,50,84,0
90,53,-3,93,2,32,2,3,59,39,0
94,25,-5,97,3,24,3,10,69,23,1
97,64,-8,95,1,33,3,7,54,47,0
121,14,16,98,0,40,1,-1,111,23,0
149,103,-14,74,1,28,8,26,74,62,1
189,93,20,97,1,93,0,-10,82,74,0
134,115,11,97,0,28,0,-2,19,86,0
91,56,-31,74,15,15,8,30,55,24,1
182,128,-10,99,1,19,3,13,22,62,0
40,36,-11,90,0,12,6,23,20,83,1
132,76,1,95,2,24,0,-6,49,57,0
353,113,-20,94,3,58,8,25,180,17,1
77,47,-17,65,6,19,5,23,36,47,1
365,92,-1,92,2,48,2,12,180,20,0
153,90,19,98,0,96,2,-10,113,88,0
43,34,-16,79,2,18,8,12,15,67,0
285,205,14,92,0,93,0,-10,169,95,0
58,11,-6,75,1,11,2,4,47,14,1
94,17,-18,96,1,15,3,20,75,0,1
52,12,-16,79,1,15,4,15,55,4,1
108,102,9,94,1,32,1,-6,1,100,0
49,32,-18,79,5,17,8,22,38,56,1
71,22,20,99,0,27,0,-10,54,42,0
30,11,-32,99,2,9,8,24,29,15,1
108,47,-1,99,1,21,2,2,64,44,0
88,59,13,95,1,23,0,-7,36,80,0
94,24,-11,94,4,24,2,3,67,17,0
105,88,-3,86,5,34,1,7,26,79,0
86,42,-9,87,1,28,5,16,44,37,1
174,23,-12,91,1,25,3,9,180,0,0
128,48,9,99,1,52,0,-4,116,57,0
195,28,-6,97,2,34,3,3,180,18,0
34,25,-5,97,0,24,2,-1,9,73,0
138,56,-4,90,2,28,1,6,82,49,0
92,67,-5,90,2,21,4,8,56,60,0
92,55,6,86,0,21,3,0,31,66,0
92,82,9,94,0,24,1,-7,30,98,0
99,68,-17,86,2,13,7,22,40,50,1
102,78,-1,80,0,38,4,13,24,84,0
98,31,9,97,0,28,3,-4,66,41,0
89,63,3,98,0,16,3,-3,40,78,0
89,41,-26,91,4,18,4,20,69,17,1
124,25,-4,98,0,27,1,-1,133,21,0
170,76,12,93,2,47,1,-10,74,51,0
58,44,-13,98,2,9,3,10,15,57,1
241,75,-24,82,8,57,7,25,150,3,1
154,29,-4,91,1,46,1,13,132,21,0
39,19,-23,83,4,12,1,12,25,32,1
121,46,4,93,0,28,2,11,102,44,0
124,92,2,100,1,29,3,15,30,76,0
47,14,-13,96,3,15,4,12,33,26,0
202,169,5,82,1,42,2,-2,38,83,0
173,86,-25,51,20,36,6,30,87,24,1
227,147,-8,97,2,44,8,22,109,56,1
40,25,-10,75,0,19,3,8,16,60,1
175,145,-11,87,6,56,4,22,61,74,0
117,58,6,97,1,24,0,-4,59,59,0
181,82,-1,93,1,46,1,7,73,56,0
199,36,-19,83,2,22,5,15,180,0,1
45,25,-18,79,2,10,8,16,42,40,1
82,12,12,98,0,21,0,-8,87,21,0
125,84,17,93,1,36,0,-7,53,85,0
175,150,-7,94,3,31,2,1,54,77,1
271,226,6,97,0,100,3,-2,57,100,0
100,79,-1,85,1,27,3,15,40,78,0
140,47,-8,92,0,23,1,4,86,21,0
281,181,-11,92,0,50,2,16,43,25,1
136,69,1,95,1,40,0,9,66,43,0
135,38,10,98,1,22,0,-5,115,26,0
67,34,-8,100,2,12,5,9,36,48,0
240,79,-25,65,7,38,5,12,161,9,1
53,31,-36,76,4,13,8,30,38,22,1
68,53,-18,82,2,18,4,6,25,58,0
244,42,-21,75,5,27,3,19,180,0,0
365,316,-16,96,1,56,4,8,99,81,0
62,43,5,98,0,12,0,3,26,83,0
243,134,11,99,1,65,0,-6,69,75,0
170,25,14,99,0,69,0,-10,145,32,0
211,120,-11,91,5,68,7,17,91,34,0
148,91,0,97,1,40,5,12,59,63,0
116,65,6,96,0,38,0,-2,51,58,0
93,43,-8,80,3,16,3,4,57,28,1
64,55,-14,77,6,26,7,18,23,69,1
63,18,-8,97,1,14,2,7,40,15,0
116,95,-9,98,1,30,0,7,15,78,0
69,31,7,90,1,18,0,-6,38,43,0
118,52,-6,92,2,34,5,8,66,31,0
199,142,-18,90,2,53,4,20,55,66,1
77,34,-16,80,4,15,6,20,50,14,1
93,84,-3,95,1,19,2,9,13,88,0
30,19,17,96,1,21,1,-9,11,97,0
100,43,0,100,0,22,1,3,51,41,0
44,10,18,97,0,15,0,-4,36,30,0
76,59,7,99,0,22,1,-4,9,76,0
230,141,-14,99,3,47,5,7,41,57,0
51,47,19,95,0,19,2,-10,4,100,0
221,177,-4,78,0,59,2,-5,54,83,0
111,78,-12,87,1,29,6,20,53,57,0
209,145,-23,77,7,46,8,30,76,40,1
104,55,-28,65,5,28,8,30,60,31,1
114,74,7,76,0,33,7,8,91,65,0
64,50,-6,91,2,37,3,6,30,82,0
182,88,20,97,1,76,0,-10,128,75,0
63,33,-5,86,2,37,3,8,37,45,0
144,40,-17,84,5,11,8,18,114,23,1
92,71,2,71,2,33,5,2,66,79,0
78,29,-11,70,3,22,4,18,65,30,1
305,239,5,96,2,100,2,0,128,84,0
123,31,-24,81,1,26,8,26,76,2,1
53,28,20,100,1,22,1,-10,28,71,0
117,35,4,99,2,33,1,10,83,37,0
44,31,7,97,0,10,1,-1,35,80,0
195,131,-5,89,1,51,5,8,90,64,0
277,107,-2,88,0,56,2,12,180,34,1
228,181,-29,57,18,47,8,26,47,46,1
78,31,-7,76,5,35,4,17,34,31,0
76,34,-21,82,2,16,5,16,46,19,1
166,78,-3,98,1,49,2,9,108,48,0
205,110,-17,93,3,28,8,30,133,39,1
73,68,-12,91,2,15,2,10,11,73,0
43,24,-33,40,20,14,8,30,40,15,1
64,33,-17,88,4,13,7,20,47,38,1
210,20,-23,94,0,24,2,7,180,0,0
94,75,-6,97,1,21,4,15,19,75,0
119,101,-3,90,1,31,3,9,32,76,1
55,13,14,94,0,34,3,-6,49,43,0
96,88,9,96,1,37,1,-8,1,95,0
86,36,3,86,1,32,0,-5,60,36,0
109,74,-12,91,0,24,8,16,52,41,0
153,77,-5,95,1,42,6,22,96,51,1
133,42,-5,98,0,27,4,7,96,27,1
151,124,-4,81,2,32,3,3,52,86,0
51,47,5,98,0,15,2,-3,18,100,0
228,64,-6,80,2,45,4,4,180,31,1
48,37,-6,98,2,12,3,9,14,76,1
83,25,-23,98,2,11,4,14,65,7,1
81,32,2,93,1,22,2,-3,55,39,0
135,67,-11,87,2,26,6,13,84,42,0
121,40,-14,98,2,25,8,20,102,16,0
55,23,-19,79,4,19,2,18,45,8,1
80,71,-10,94,2,26,5,14,20,94,1
112,71,11,95,3,51,1,0,35,76,0
225,96,-34,92,1,27,8,30,166,0,1
320,180,10,92,0,98,0,-7,141,74,0
93,50,-17,86,5,20,3,14,41,44,1
98,62,-3,90,1,16,0,1,37,52,1
115,106,-9,84,2,19,6,18,31,93,0
86,43,-1,92,2,15,1,1,32,44,0
85,36,-7,90,0,21,0,-2,33,37,0
152,26,0,97,0,30,1,2,159,30,0
77,28,1,89,1,16,1,1,53,40,0
73,21,-10,86,1,22,2,8,52,24,0
67,36,-40,40,20,12,6,30,43,17,1
185,55,-14,81,6,21,7,28,180,16,0
53,18,-20,85,3,14,7,5,43,33,1
130,85,1,98,1,23,2,6,23,71,0
149,15,-18,82,2,31,8,30,134,0,1
124,68,3,94,2,27,1,3,59,59,0
88,58,3,85,1,27,2,-6,15,71,0
85,40,-12,93,1,15,0,6,45,46,0
46,23,-8,83,4,12,3,19,30,47,1
146,116,-18,89,1,25,4,12,30,62,1
118,31,-1,99,2,42,1,11,84,17,0
134,64,-9,70,7,21,2,21,88,42,1
121,12,-12,91,1,50,3,9,118,0,0
168,143,-14,83,3,60,5,12,46,71,0
130,41,1,95,2,19,0,6,96,37,0
89,38,-2,100,2,20,1,2,51,31,0
228,151,-3,96,3,32,3,8,125,69,0
95,69,1,86,3,27,8,9,42,77,1
122,29,-9,99,0,20,1,5,84,5,0
71,15,-12,96,2,15,1,12,73,7,0
78,33,-17,74,0,19,5,6,52,11,1
95,56,-1,95,0,36,2,10,39,55,1
60,23,-5,94,2,32,0,14,31,35,0
68,31,-5,92,0,16,2,1,43,51,1
168,126,-18,95,1,29,6,20,73,55,0
123,52,-22,95,2,15,4,25,93,34,1
104,19,-18,92,2,18,5,17,87,0,0
130,27,-1,96,2,40,2,-4,114,30,0
151,92,-19,94,5,17,0,17,47,45,1
87,70,-3,86,2,16,0,-6,30,78,0
69,39,-17,81,0,17,7,19,50,41,1
130,96,19,99,0,62,0,-8,38,96,0
82,22,-8,80,1,16,2,11,69,26,0
191,80,-5,93,1,37,1,6,154,25,0
57,15,-31,78,10,15,8,28,60,0,1
56,45,-28,40,20,16,8,30,38,44,1
63,38,9,94,0,26,0,-4,18,74,0
92,22,-6,94,0,15,0,10,65,18,1
105,45,-18,84,3,31,2,6,63,28,0
127,57,1,90,1,39,1,4,85,41,0
59,46,8,97,1,19,1,-10,6,85,0
46,39,-2,93,1,21,4,8,1,90,0
68,41,-32,73,8,16,4,29,56,34,1
164,73,8,98,0,26,1,-5,50,53,0
56,50,-1,88,2,20,0,3,16,89,0
109,67,-4,90,1,20,2,17,33,54,1
79,23,-15,89,1,11,6,19,56,5,1
30,16,-22,76,5,12,7,26,24,18,1
92,22,3,96,0,19,0,-2,85,33,0
60,20,-5,94,0,15,1,0,55,33,0
196,173,-2,94,3,37,0,7,8,81,0
233,158,0,95,0,39,1,-8,77,70,0
123,53,3,99,0,28,0,-4,99,47,0
324,69,-9,100,2,100,4,13,180,6,0
37,33,-2,98,0,14,1,3,9,83,0
84,68,-8,96,1,21,2,9,22,70,1
137,62,-10,97,1,33,1,7,88,42,0
109,59,-19,86,1,35,8,25,66,49,1
137,95,14,97,1,44,4,-10,31,80,1
116,25,-14,89,2,26,3,17,105,7,0
30,20,-9,85,1,15,8,18,10,58,1
112,70,-16,95,0,20,5,13,56,41,1
96,73,-10,88,3,14,3,5,15,74,1
127,103,-21,91,5,22,8,29,41,61,1
109,80,-6,93,2,25,7,15,40,59,0
55,14,13,95,0,18,0,-8,39,30,0
85,36,-5,89,4,28,1,10,52,34,0
85,54,16,98,0,32,2,-1,50,88,0
144,65,1,81,0,26,1,8,71,28,0
74,51,-19,93,0,16,4,13,54,57,1
42,29,-19,95,3,12,7,17,13,47,1
145,57,3,95,1,29,0,8,94,45,0
133,49,-9,91,2,35,3,11,131,30,1
316,136,-10,95,2,51,3,7,172,37,0
140,108,-3,88,1,29,3,2,52,91,0
87,39,-2,92,1,25,0,2,62,39,0
40,13,-27,96,2,13,8,26,30,10,1
141,79,-9,60,4,26,3,4,62,45,0
167,117,-8,96,1,27,3,13,85,65,0
184,79,-7,70,3,40,1,12,114,46,0
83,52,-5,97,0,28,2,14,31,56,0
97,67,0,88,0,28,0,2,30,79,0
47,19,-7,94,1,19,3,9,28,5,0
126,57,-6,91,1,40,2,6,73,43,0
253,235,2,95,0,59,2,-7,1,89,0
67,38,7,97,0,23,0,-2,29,63,1
293,218,-12,95,2,62,3,15,56,75,0
144,126,-9,96,1,23,4,14,51,86,0
106,67,11,94,0,25,0,-5,15,69,0
241,100,-15,82,3,30,3,25,87,25,1
144,81,-31,52,20,17,8,30,94,16,1
86,65,-13,67,1,13,0,10,28,55,1
290,249,-2,98,1,69,4,4,66,81,0
72,28,-13,71,4,23,4,16,40,30,1
96,77,-17,79,2,19,2,11,12,53,1
287,145,-10,84,6,62,1,14,125,41,0
164,109,-12,88,3,82,3,11,123,43,0
218,110,2,94,0,36,1,-3,54,63,1
166,105,3,93,0,76,2,-7,70,62,0
174,94,-16,85,4,21,5,10,96,46,1
312,257,-1,95,0,53,2,8,68,79,0
214,147,-16,85,0,16,3,12,65,46,1
84,33,-4,84,0,35,1,8,58,33,1
52,22,5,97,0,19,0,-9,35,49,0
62,30,-1,96,1,17,0,4,26,45,0
77,12,-4,87,1,15,0,5,76,0,0
135,110,-27,99,1,43,5,21,22,60,1
365,71,4,97,1,71,0,0,180,14,0
106,68,-11,79,5,39,8,29,88,46,1
365,282,-11,92,3,72,3,15,1,66,1
162,60,-4,95,0,21,3,-4,93,24,0
124,83,-25,92,6,16,8,26,44,45,1
187,69,-3,97,0,41,0,-6,118,25,0
120,71,3,97,1,21,0,-1,55,58,0
82,62,-11,80,1,18,2,14,23,53,1
55,44,-19,71,6,9,2,15,14,49,1
46,22,-7,91,1,15,4,6,32,40,0
77,46,13,98,1,28,0,-10,37,71,0
100,78,-5,89,2,20,1,8,13,66,1
76,70,-2,83,2,20,1,0,6,93,0
258,120,-11,97,1,75,5,12,180,37,0
53,24,10,99,1,45,2,0,28,57,0
43,20,0,96,0,18,8,13,36,58,1
75,55,-9,92,2,28,3,10,33,53,0
36,11,2,94,1,12,2,13,35,33,0
85,16,-20,69,11,24,8,30,88,0,1
334,139,-13,97,1,28,1,7,180,27,0
61,52,-11,76,6,22,2,21,12,82,1
80,30,-17,88,4,21,6,24,62,13,1
55,28,0,93,0,13,0,2,31,33,0
86,45,-20,77,2,16,3,16,40,31,1
103,37,18,99,0,26,1,-10,66,55,0
162,105,5,98,0,32,1,-10,99,69,0
134,90,-9,99,1,25,5,14,95,56,0
120,47,-2,91,0,33,2,4,51,33,1
112,31,1,98,0,36,2,5,100,30,0
78,50,-4,98,1,17,2,0,50,53,0
73,64,11,97,0,37,1,-6,17,100,1
157,147,-6,90,1,24,3,12,1,79,1
90,59,-32,100,2,15,8,30,48,32,1
44,27,0,96,2,19,2,7,11,65,1
94,24,-3,97,2,24,1,1,87,26,0
63,36,0,90,3,34,2,13,34,41,0
183,127,13,96,0,48,0,-10,73,81,0
105,87,-7,91,3,44,4,13,31,67,0
54,44,-20,90,1,15,3,16,22,58,1
34,10,4,96,1,14,0,-3,24,37,0
87,48,11,97,1,27,1,-3,39,68,0
154,54,-8,89,2,26,4,12,107,18,0
65,51,-18,78,5,12,4,25,14,60,1
94,50,0,95,2,29,0,-4,34,48,0
100,84,0,94,2,37,0,2,1,92,0
126,85,-10,87,2,24,3,12,61,59,1
64,40,3,98,0,15,0,-3,28,64,0
152,99,1,100,0,27,3,8,59,62,1
85,52,-1,95,1,28,2,-5,57,73,0
206,67,4,84,2,47,2,6,100,44,0
103,86,-24,78,5,22,8,27,16,65,1
74,54,-9,91,1,20,4,20,22,68,0
157,64,-2,88,0,33,3,1,118,40,0
30,15,-15,84,3,11,6,5,27,39,0
365,108,-8,93,2,39,3,20,180,25,0
248,171,-7,98,1,46,2,11,84,63,0
151,40,20,98,1,65,1,-10,111,56,0
32,9,-26,61,11,8,2,30,31,2,1
125,95,-13,73,3,29,1,2,30,72,0
120,58,-13,95,2,25,4,17,80,26,0
319,255,-6,92,1,36,3,7,65,85,0
99,49,18,97,0,28,1,-10,31,76,0
120,68,-35,56,20,18,8,30,92,18,1
57,32,-5,80,2,21,3,-1,33,46,0
140,61,-9,87,1,23,3,5,87,31,0
122,97,5,99,1,54,2,0,33,98,0
109,51,-9,97,2,12,3,8,58,27,0
197,101,-6,97,1,19,0,1,95,47,0
224,61,-2,99,2,47,3,2,161,28,0
165,96,12,91,1,35,2,4,53,64,0
156,79,4,99,1,29,1,1,59,56,0
106,37,3,97,1,22,2,-1,77,35,0
174,43,-6,94,2,38,2,12,92,15,1
228,150,-6,88,0,62,1,13,76,56,0
202,46,18,88,0,54,0,-8,164,29,0
163,44,19,91,1,43,0,-10,180,48,0
107,72,-26,67,10,15,7,29,43,27,1
60,20,-3,94,0,23,2,0,39,27,1
46,16,3,94,1,17,4,8,30,43,0
39,27,-28,72,8,7,8,17,29,29,1
107,56,-1,97,2,34,3,2,62,43,0
215,148,0,95,1,49,1,-2,51,80,0
120,17,-27,68,8,17,8,29,103,0,1
139,110,12,99,0,32,1,-10,59,91,0
185,31,-9,79,2,41,0,4,158,6,0
152,17,-3,93,2,23,4,16,155,11,0
47,37,3,86,1,16,4,3,20,89,0
125,21,2,96,0,34,1,-1,104,20,0
100,55,4,93,0,23,0,-5,64,48,0
97,67,-17,74,7,30,6,14,26,63,1
60,25,3,96,0,10,0,4,42,36,0
76,34,2,93,0,18,0,-1,37,63,0
176,119,-12,92,2,24,7,18,57,51,1
184,133,3,89,0,37,1,-5,51,68,0
113,85,8,99,1,28,1,-2,29,76,0
41,9,1,94,1,15,1,-10,28,31,0
128,27,11,97,1,31,1,-1,114,31,0
57,34,-2,98,1,19,2,8,34,70,0
211,189,20,98,0,36,3,-8,22,100,0
52,15,-5,93,0,14,1,2,42,26,1
47,11,-8,75,3,14,4,20,57,15,1
169,62,11,96,0,39,1,4,103,63,0
169,101,10,98,3,38,2,5,114,79,0
134,22,-19,67,9,35,8,29,90,0,1
82,45,-17,90,0,14,4,13,45,30,1
118,63,-7,96,0,27,2,3,94,45,0
211,118,-2,98,1,43,1,-7,92,55,0
203,118,-15,75,8,41,5,24,53,49,0
128,119,-8,85,0,22,3,11,26,91,0
146,40,-11,96,0,22,1,8,122,26,0
166,134,-3,91,0,19,8,11,66,78,0
83,66,-17,98,1,12,3,13,12,63,1
343,156,-8,88,0,93,1,2,180,42,0
60,44,9,99,0,30,1,-8,20,89,0
113,45,-11,92,0,24,4,5,87,42,0
73,7,4,94,0,31,1,2,83,6,0
95,33,-12,86,2,18,4,15,72,38,0
152,70,-7,86,2,23,1,6,94,45,0
190,53,5,95,1,38,1,0,140,27,0
30,16,-16,98,1,15,8,25,28,30,1
103,49,-5,86,1,18,4,7,102,48,0
169,37,-1,98,0,37,3,7,180,22,0
222,98,0,98,3,54,3,10,164,55,0
120,96,9,97,0,49,3,3,59,86,0
74,68,3,90,1,15,1,3,9,93,0
296,111,-15,84,4,42,3,21,180,26,0
72,33,-14,87,2,21,3,21,65,31,1
113,37,1,97,1,21,3,6,106,43,0
165,135,-3,86,4,61,4,4,4,81,0
66,54,-13,97,4,10,8,24,32,72,1
51,17,-10,97,1,13,3,9,52,18,1
46,16,3,88,3,23,1,1,34,29,1
49,28,2,98,0,17,2,-6,20,62,0
57,6,-3,97,1,15,2,7,49,8,0
81,22,7,96,0,19,2,-6,53,38,0
98,63,-6,96,2,10,2,1,36,56,0
103,44,-17,65,5,50,7,27,101,25,1
60,31,-8,92,3,22,3,25,32,30,1
62,36,-5,90,4,12,3,15,23,39,1
216,66,3,98,2,70,1,-9,175,27,0
76,43,2,91,2,27,0,0,40,62,0
50,22,-6,72,1,14,2,2,36,41,1
213,145,7,96,0,32,4,-4,50,82,0
66,42,-20,96,1,6,3,12,25,41,0
197,37,-21,92,4,43,2,23,137,13,0
162,53,-4,96,1,35,3,-5,138,31,0
336,68,-10,97,2,75,0,1,180,31,0
156,97,5,98,0,22,1,4,36,59,0
59,15,-17,96,2,18,2,9,40,6,1
99,62,1,87,1,15,2,-6,32,57,0
168,140,-13,90,0,35,2,20,96,79,0
58,34,-3,91,2,20,0,11,27,58,0
67,21,-21,85,3,11,7,13,62,2,1
98,41,9,92,2,31,1,-7,50,50,0
62,37,-11,95,0,23,2,14,35,52,1
172,90,-15,66,7,33,4,19,82,44,0
61,37,-20,86,3,12,8,20,33,43,1
46,21,4,96,1,28,1,6,25,39,0
63,6,-22,93,6,16,6,30,61,0,1
47,38,-1,97,0,17,1,3,23,84,0
238,123,-2,96,0,51,1,7,127,38,0
95,16,-6,89,2,12,4,7,69,21,0
188,146,1,93,0,24,0,10,5,71,0
124,88,-18,93,1,23,3,27,46,46,1
75,39,-10,70,4,26,6,17,28,45,1
84,53,9,91,0,36,0,-1,47,69,0
50,25,-8,90,1,14,3,17,38,35,1
276,53,-34,96,2,37,8,30,180,0,0
69,60,-15,77,2,16,1,8,6,63,1
280,155,-1,84,0,81,4,6,129,46,0
142,50,16,93,1,37,1,-9,85,54,0
79,45,-22,87,1,24,5,17,42,41,1
49,14,-12,92,2,17,5,6,35,17,1
70,33,7,91,0,29,0,-2,36,47,0
63,26,-1,100,1,36,2,8,37,36,0
74,56,-11,87,2,19,3,10,22,63,1
192,156,-2,94,0,33,1,-4,31,83,0
135,93,-1,67,3,39,2,1,42,61,1
50,20,5,96,0,14,0,-10,30,37,0
89,22,3,95,1,20,2,-1,81,31,0
65,54,0,84,2,23,2,0,11,82,0
163,82,-14,73,3,20,3,9,71,21,1
194,75,-3,96,2,21,2,7,155,26,0
111,38,8,98,0,33,0,-10,66,41,0
98,41,9,98,1,28,4,6,62,60,0
58,51,-7,91,2,15,6,3,13,77,0
196,88,-1,85,2,53,0,5,61,57,1
243,119,-8,78,0,36,4,15,118,45,1
280,193,6,85,2,80,2,4,172,57,0
178,141,3,96,0,40,0,-3,17,82,0
79,46,-2,96,1,16,5,7,33,65,0
68,44,-24,96,4,16,7,23,24,39,0
242,103,-12,90,0,36,2,-1,102,28,0
119,93,0,92,3,35,2,-8,1,66,0
120,82,-6,92,0,26,4,8,54,61,0
88,40,-14,84,4,12,5,22,62,30,1
75,41,-9,87,1,12,4,0,60,61,0
69,46,-5,91,0,22,5,15,22,65,0
79,55,-6,81,2,25,2,11,37,66,0
104,53,-11,99,1,24,1,2,90,46,0
125,42,-14,74,1,23,6,9,83,25,0
38,15,-12,88,0,10,3,15,30,37,0
86,46,3,96,0,20,0,-3,38,45,0
128,35,20,100,0,27,0,-10,93,46,0
70,47,-22,67,5,8,6,20,35,48,1
121,36,-17,76,1,21,2,11,85,0,0
111,49,-11,75,1,17,1,11,40,40,1
157,94,6,92,0,62,1,-3,77,67,0
56,30,-1,91,0,17,3,3,32,45,0
30,22,-10,97,0,9,3,8,17,61,1
121,74,-9,88,1,24,5,9,51,55,0
365,206,-4,99,1,33,3,-2,78,42,0
123,52,-4,96,0,32,4,18,102,38,0
143,122,-7,79,0,42,1,7,15,76,1
365,162,3,99,0,69,1,11,149,45,0
82,25,-11,96,1,20,4,14,71,30,0
234,146,-15,92,1,33,5,12,120,61,0
158,97,10,95,0,32,2,-10,64,69,0
148,120,-14,87,2,54,6,13,38,72,0
248,77,14,95,0,32,1,-10,159,43,0
213,117,-20,99,0,37,4,12,132,37,0
150,116,-7,90,3,22,4,12,35,81,0
56,46,-25,65,16,16,8,28,24,56,1
187,120,-5,93,0,32,0,-2,117,57,0
111,85,-1,97,0,19,1,5,28,74,0
57,36,11,97,0,19,0,-7,36,71,0
141,60,2,99,0,31,1,-5,109,48,0
82,21,-27,94,6,9,5,22,54,0,1
365,186,-15,98,3,46,5,19,179,32,0
116,87,3,99,1,28,1,8,56,63,0
238,221,-17,62,6,30,7,15,17,76,1
156,80,-13,95,0,46,1,11,108,46,0
153,107,-8,82,2,13,0,9,35,62,0
35,29,0,92,0,11,1,0,1,73,0
102,29,-5,97,1,34,1,11,83,29,0
78,16,-2,95,1,17,1,-3,63,21,0
62,49,-21,93,2,12,8,24,3,74,1
57,19,-5,91,1,32,5,2,43,25,0
198,124,-2,91,1,51,2,7,73,70,0
176,149,-8,92,1,36,2,11,67,76,0
107,97,10,95,0,20,0,-7,1,100,0
107,96,-21,98,1,9,7,17,30,62,0
161,108,-21,97,0,15,2,5,81,45,0
172,64,-11,89,1,45,4,19,145,24,1
365,270,-13,97,2,41,7,21,152,65,1
114,38,1,96,0,32,1,-5,92,53,0
35,13,-4,64,4,13,7,11,34,28,1
273,175,4,90,0,54,4,3,123,64,0
43,26,0,97,2,13,0,6,20,65,0
72,61,-17,86,2,16,6,19,17,71,1
223,115,-10,89,0,37,4,8,114,50,1
117,72,0,99,1,15,3,7,45,63,0
79,57,-2,87,1,19,2,-6,24,67,0
48,5,-3,92,2,15,0,7,48,0,1
49,23,-11,85,3,16,3,11,29,36,1
64,33,-19,88,2,18,8,25,42,27,1
204,186,-2,94,1,42,2,4,31,100,0
53,30,-16,98,2,8,0,19,27,52,0
102,45,-2,96,1,18,1,-2,64,47,0
116,103,-18,96,2,36,8,18,13,65,1
126,108,-9,97,1,22,3,11,59,71,0
138,115,-14,85,2,28,1,16,33,58,0
100,90,9,92,0,30,3,-3,10,95,0
180,49,-22,85,2,22,5,30,180,10,0
147,62,-7,78,5,30,4,15,76,31,0
30,5,7,97,1,22,3,1,25,19,0
56,46,-22,83,2,16,5,19,10,46,1
97,25,-11,74,3,29,3,14,97,8,1
64,54,20,96,1,26,0,-10,10,100,0
150,68,-17,78,4,25,6,27,68,28,1
216,156,-7,96,0,43,2,-2,68,66,0
232,76,-1,98,1,28,2,3,180,29,0
73,27,-29,46,19,15,5,23,46,0,1
55,37,-12,97,2,13,6,20,28,58,0
185,117,-1,97,1,53,1,11,78,59,0
245,127,2,90,1,80,3,-2,126,67,0
164,143,-29,90,7,20,8,30,12,58,1
95,39,1,92,0,33,2,4,60,33,0
175,140,-14,75,8,43,8,29,59,70,1
109,89,-26,95,2,22,6,13,27,44,1
178,97,-1,91,0,49,3,5,84,61,0
159,61,13,96,0,29,1,-7,91,54,0
113,101,-5,85,0,36,1,7,12,93,0
97,31,-4,84,1,27,4,13,76,30,0
130,49,-8,81,4,32,3,17,81,20,1
51,41,-16,85,3,17,1,13,6,45,0
282,128,-5,88,1,58,3,10,154,36,1
133,100,8,83,0,39,1,8,37,87,0
63,40,4,78,2,13,3,-1,23,56,1
90,60,-4,89,2,22,6,16,46,50,0
75,5,10,77,2,25,0,-3,97,26,0
110,49,10,83,0,28,1,-3,61,66,0
177,100,-9,77,4,35,0,4,92,48,1
89,79,1,92,1,20,4,2,10,86,0
90,61,-2,96,0,34,4,9,43,73,0
112,73,-4,90,3,24,1,5,50,62,0
58,47,-16,95,1,18,4,9,30,68,0
337,160,-1,82,2,46,2,8,176,45,0
179,80,-13,77,2,21,8,23,147,35,0
143,132,-1,96,2,36,1,1,11,81,0
158,30,-13,83,5,35,3,16,101,0,0
134,105,-20,92,3,23,8,24,29,61,0
130,113,-27,68,4,11,8,26,18,71,1
50,27,0,97,0,13,0,5,24,52,0
119,62,-6,94,1,22,2,9,38,39,0
117,60,-3,95,0,24,2,9,68,49,0
140,84,-21,92,1,19,8,19,82,37,1
123,92,17,99,1,53,1,-9,25,88,0
129,99,-4,91,2,25,4,8,26,59,0
49,35,-3,99,0,12,0,3,14,78,0
156,94,-9,70,4,31,2,12,90,51,0
59,38,-6,91,2,21,3,10,30,59,1
185,24,8,96,0,94,3,-5,168,16,0
250,88,0,94,1,53,5,-1,180,33,0
135,33,-11,88,3,42,3,19,112,32,1
177,93,4,97,0,57,2,2,84,62,0
163,28,-21,91,3,22,7,12,164,5,0
248,118,-11,98,1,54,0,9,173,35,0
100,70,0,92,0,23,0,-10,17,78,0
290,34,0,99,0,63,1,5,180,15,0
104,69,-1,68,2,34,4,3,74,65,0
191,69,-2,93,0,41,1,6,122,40,0
128,38,1,82,3,37,0,1,113,27,0
43,35,-8,96,0,15,2,7,12,66,1
314,219,-5,90,1,56,1,6,115,60,0
103,54,-10,75,2,15,5,15,49,53,1
202,87,8,97,1,37,0,-3,118,53,0
149,125,-1,97,1,37,3,-1,29,79,0
117,54,10,91,0,49,2,-10,64,27,0
125,76,15,95,1,35,0,0,41,82,0
256,196,-17,88,3,45,7,26,1,54,1
127,64,-18,82,4,19,6,22,49,29,1
195,154,-24,75,2,24,6,25,25,60,1
111,60,-1,86,0,30,3,-4,76,61,0
90,80,-16,69,9,16,5,18,23,87,1
152,43,13,97,0,34,1,-9,100,39,0
40,37,9,92,1,11,2,-2,10,100,0
30,8,4,97,1,11,2,3,24,26,1
81,53,-23,92,5,13,4,22,45,49,0
89,76,-6,99,2,37,3,15,22,66,0
84,47,16,98,1,20,0,-10,39,72,0
294,248,-18,74,5,46,8,25,151,77,1
125,18,5,98,0,32,1,-1,100,17,0
71,16,-4,86,3,11,3,12,55,30,1
64,21,6,97,1,18,1,-2,44,36,0
96,58,1,92,0,25,0,-8,39,68,0
60,51,-24,77,1,7,5,18,1,50,1
47,21,3,91,1,11,1,-1,16,55,0
131,115,-2,95,0,29,3,8,42,79,0
71,36,-1,89,0,23,3,10,31,41,0
47,15,-6,95,0,13,0,-7,35,28,0
289,118,-16,80,5,80,3,17,165,27,0
70,41,3,86,0,33,3,1,41,62,0
73,50,1,90,1,21,1,5,19,73,0
115,73,-3,96,1,18,2,-5,48,64,0
176,127,-10,92,2,33,5,15,66,48,1
160,120,5,95,1,30,1,-5,5,83,0
94,75,-15,94,2,21,8,20,44,55,1
146,79,-20,89,5,36,8,29,78,33,0
72,40,-6,96,2,20,3,10,49,54,1
74,28,16,99,2,24,0,-10,39,53,0
122,58,2,95,0,34,1,4,90,47,0
82,61,3,95,2,22,1,-1,12,82,0
35,18,0,96,0,18,0,7,13,55,0
55,24,-1,95,0,14,1,5,27,34,0
77,40,6,88,0,18,1,-3,37,59,0
100,32,-5,85,0,28,0,5,93,22,0
108,82,0,98,0,16,1,-6,36,82,0
125,44,-7,74,2,53,3,9,89,15,0
140,112,3,97,0,29,0,3,47,85,0
77,27,0,93,1,23,1,8,51,36,0
89,52,3,93,0,20,3,-4,44,57,0
51,42,20,97,0,26,1,-10,15,100,0
99,23,-17,96,0,26,3,15,79,8,1
63,29,-11,91,3,19,2,14,40,38,0
31,18,-10,99,1,12,1,9,18,53,1
79,42,-5,81,1,23,3,9,37,45,0
183,129,6,96,2,59,1,10,71,82,0
87,46,-9,95,1,18,3,2,53,53,1
93,14,13,98,1,36,1,4,69,31,0
98,25,20,94,1,45,0,-10,78,44,0
173,133,-4,96,2,44,4,12,78,75,0
74,40,-3,99,0,25,1,7,40,58,1
68,35,-8,97,0,30,2,11,33,50,0
154,89,-17,59,10,18,8,23,69,42,1
185,65,-14,90,0,34,5,14,149,26,1
78,21,0,97,0,17,1,7,84,27,1
127,41,-14,96,1,18,4,6,98,14,0
279,121,-5,86,1,48,3,5,180,37,0
68,36,-16,93,0,15,2,14,32,25,1
179,97,-13,95,1,31,5,12,88,53,0
94,44,-12,99,0,23,4,15,74,28,0
94,29,7,95,0,20,1,-1,53,30,0
91,52,-7,96,2,20,6,17,57,44,0
134,103,-11,85,3,31,8,13,54,55,1
99,78,3,94,0,18,1,2,14,92,0
70,41,-2,87,4,18,1,6,29,73,0
240,218,14,92,0,36,2,-6,33,100,0
155,63,6,95,1,40,1,-8,111,51,0
108,24,3,84,0,41,2,3,84,15,0
225,125,8,90,0,97,0,-1,76,56,0
82,19,-17,96,3,22,6,30,71,3,1
59,47,4,98,1,26,0,-8,15,66,0
153,51,-5,99,0,41,0,4,118,23,0
140,100,14,99,1,67,2,-8,66,78,0
145,55,-5,97,1,28,3,11,83,14,0
117,42,-9,93,1,25,3,19,75,18,1
162,78,-15,93,2,28,5,12,128,32,0
161,99,-18,97,2,26,8,24,65,40,1
264,80,6,81,1,49,1,-2,180,30,0
150,107,15,97,0,39,0,-4,50,87,0
134,100,-37,47,20,31,8,30,78,45,1
157,57,-5,93,0,19,4,10,100,30,0
216,57,16,98,0,56,0,-4,146,51,0
54,17,-15,79,8,14,5,16,47,14,1
73,50,-14,86,0,18,8,13,23,53,1
47,17,-20,85,2,12,7,18,34,26,0
61,14,6,98,3,23,1,-3,48,31,0
135,54,0,93,2,56,3,12,82,50,0
365,89,-16,73,5,52,4,17,180,9,0
95,9,9,89,0,27,1,3,93,25,0
158,133,-8,85,2,29,1,13,25,69,0
106,40,-7,86,3,33,1,6,83,31,1
179,61,4,98,0,38,0,-10,121,31,0
168,123,-14,76,3,37,2,11,78,65,0
76,33,20,95,0,20,0,-10,28,72,0
225,88,-5,89,1,39,0,6,137,47,0
71,60,-7,88,1,20,5,9,12,75,0
180,143,-19,72,2,35,5,23,14,52,1
108,57,-12,98,4,14,1,1,39,48,1
151,60,3,96,0,54,1,4,73,47,0
30,12,-3,98,3,13,3,13,28,32,0
132,56,1,86,2,40,3,4,68,40,0
77,65,-12,84,3,19,6,18,29,79,1
78,33,-17,74,4,20,1,27,40,16,1
160,104,-4,92,1,54,1,-4,48,70,0
124,30,-14,91,0,30,3,3,99,10,0
68,31,-14,82,1,22,3,14,35,32,0
36,29,-9,95,0,12,6,7,23,65,0
253,105,-11,99,2,33,8,11,168,18,0
61,31,-10,87,1,21,1,12,36,37,0
225,182,-21,98,2,37,2,21,98,48,0
171,72,-13,71,9,22,5,13,149,24,1
73,23,-9,99,0,23,1,4,45,26,1
55,41,-5,94,2,15,1,10,19,67,1
82,52,11,96,0,36,0,3,40,77,0
122,74,13,96,0,31,3,1,67,60,0
190,78,-37,75,11,20,8,30,112,4,1
55,14,-19,83,6,16,7,30,67,9,1
97,76,-5,98,0,20,1,5,25,85,0
161,135,-17,72,5,45,5,16,35,64,0
58,26,-2,93,0,24,0,-1,35,53,0
65,49,-5,93,0,19,3,9,32,63,0
134,88,11,99,1,42,0,-4,30,73,0
223,167,-5,91,1,57,1,14,88,69,0
93,47,-7,98,2,25,1,5,60,55,0
166,93,16,97,0,80,0,-10,53,60,0
74,49,7,95,1,20,0,-7,32,73,1
54,39,-12,99,2,13,5,17,24,87,0
68,46,-16,95,1,15,5,5,26,48,1
58,48,20,99,0,21,0,-10,14,99,0
217,54,-7,98,1,41,2,-1,163,11,0
85,48,8,97,0,27,1,-10,34,70,0
124,96,-6,93,1,28,5,11,21,74,0
102,86,3,96,0,22,0,3,22,100,0
57,54,19,99,1,30,0,3,6,100,0
149,46,-26,87,0,35,8,22,131,7,1
80,39,0,90,0,24,1,11,53,59,0
87,47,-8,96,1,22,4,11,40,37,0
57,27,2,95,0,20,3,-5,37,49,0
48,30,-7,92,1,16,2,7,28,60,0
151,30,-16,93,2,16,5,14,116,0,1
86,31,3,93,0,21,2,8,36,50,0
108,28,-1,92,1,37,1,11,105,31,0
74,13,-10,94,0,23,3,3,65,3,1
131,112,-7,96,0,20,2,-2,12,80,0
121,45,-8,98,1,23,1,1,67,32,0
75,47,3,95,0,17,0,-9,42,68,1
51,39,-25,98,2,12,8,30,17,53,1
92,65,-17,80,0,20,7,9,33,62,1
166,32,6,95,1,43,3,6,147,24,0
83,60,15,97,1,26,1,-9,20,83,0
184,46,11,89,1,52,0,-3,171,32,0
92,67,-31,75,7,15,6,30,45,49,1
159,52,-27,98,0,32,6,25,70,3,1
38,29,-6,99,0,12,1,6,11,61,0
130,27,9,97,1,38,1,-6,110,30,0
107,59,6,98,2,27,1,0,40,75,0
87,76,-16,93,2,28,5,14,19,79,0
348,200,4,95,1,96,0,-2,180,59,0
63,19,-11,97,0,12,4,6,44,9,0
90,61,10,96,3,49,0,-1,6,75,0
53,32,0,84,1,28,4,1,21,66,0
30,26,-2,89,3,12,3,16,11,94,1
76,69,-5,99,0,19,2,7,3,84,1
168,71,6,99,1,55,2,1,151,47,0
136,105,-6,97,2,43,1,3,42,76,0
104,34,4,90,0,38,0,-3,76,41,0
81,41,4,94,0,22,2,8,47,67,0
141,125,-10,97,3,29,3,9,33,85,0
73,17,-28,51,18,20,1,28,54,9,1
70,22,-7,93,1,21,2,-1,55,15,0
172,85,-14,85,3,45,8,15,87,27,1
77,9,9,89,0,28,0,-6,66,30,0
146,12,2,95,2,28,3,7,134,9,0
158,83,15,96,0,44,2,-10,62,80,0
52,46,-18,88,0,16,8,18,6,64,1
30,8,-16,85,2,9,4,23,32,3,0
174,125,14,99,0,41,1,-10,71,86,0
88,38,-20,96,1,25,4,25,73,28,0
81,64,0,69,2,20,2,1,49,78,0
114,85,8,94,0,43,0,3,44,76,0
111,88,8,96,0,24,0,-3,21,75,0
53,26,-19,99,2,15,6,22,38,24,1
125,71,-2,94,3,21,4,14,79,51,0
133,65,-10,75,2,23,3,9,94,28,0
149,111,0,76,3,43,4,4,38,77,0
255,245,8,98,0,54,0,-7,3,100,0
177,80,4,99,1,38,1,4,119,50,0
62,39,-4,89,0,23,5,3,25,61,0
75,57,-10,81,5,30,6,12,28,74,1
45,13,3,98,0,19,3,5,33,31,0
196,66,3,86,0,53,3,11,137,43,0
189,89,-10,86,2,37,2,8,113,34,0
45,29,-19,83,4,12,4,17,21,54,0
48,15,-23,90,5,14,8,30,57,5,1
191,144,-1,96,1,33,2,1,39,80,0
175,123,6,97,3,42,2,-6,63,69,0
84,10,-23,99,2,16,8,30,90,0,1
63,40,-23,80,5,17,7,25,40,50,1
262,128,1,98,0,53,0,-2,127,44,0
125,76,-12,81,3,25,5,11,48,58,1
74,21,-8,96,0,17,2,-2,52,14,0
62,12,5,98,0,16,4,2,50,28,0
151,85,-3,97,0,36,1,-2,108,49,0
90,12,-3,82,3,19,0,2,93,0,0
121,64,7,96,1,36,2,5,57,62,0
114,19,-10,94,2,26,0,9,98,14,0
107,10,-12,63,6,28,2,-2,111,0,0
149,75,-5,96,3,32,4,12,94,50,0
223,59,-24,85,3,41,8,19,180,7,1
149,78,-5,85,0,20,2,-4,71,44,0
42,33,-6,82,2,12,3,6,11,72,0
176,76,-22,74,4,23,3,16,101,19,0
76,32,-5,87,2,22,4,5,53,45,1
52,23,3,94,0,17,1,11,29,61,0
112,103,-3,93,0,38,2,-8,1,89,0
53,13,-4,97,0,11,3,-1,42,30,0
59,20,-9,95,2,17,2,0,61,33,0
109,68,0,93,1,29,4,18,30,58,0
142,98,-6,89,5,32,2,5,80,57,0
193,49,-16,92,2,25,2,16,175,3,0
68,50,4,98,0,19,1,0,14,80,0
118,37,-1,98,1,25,0,-1,81,33,0
141,87,-5,90,0,37,0,-3,69,57,0
122,23,5,90,0,62,1,-5,104,23,0
244,211,-8,87,1,36,4,20,33,93,0
144,54,1,95,0,38,0,11,88,33,0
97,49,-4,99,0,28,1,-9,44,40,0
225,145,-9,96,0,32,3,4,152,54,0
130,91,-5,93,0,20,5,7,46,68,0
65,57,-7,92,1,14,3,8,1,82,1
88,68,8,100,2,26,1,2,2,79,0
174,80,3,98,0,52,0,-3,120,62,0
85,18,-10,98,3,24,4,9,93,6,0
187,157,-9,93,0,28,2,5,11,84,0
59,35,9,99,1,26,0,-2,17,67,0
56,16,-10,78,9,22,3,14,55,10,0
103,70,-5,100,0,12,0,14,33,62,0
133,52,-5,93,1,15,3,17,92,28,0
64,16,-5,84,2,18,1,16,57,30,1
57,49,-11,96,3,11,8,15,35,67,1
34,10,-4,98,0,18,3,14,24,25,0
76,40,-10,97,2,29,4,20,26,50,0
74,43,-1,94,1,23,4,15,45,60,0
365,213,-6,92,2,84,3,18,180,46,0
45,13,-17,75,6,10,2,24,32,5,1
112,88,0,93,2,27,2,6,14,77,1
49,31,2,98,0,25,1,-1,14,71,0
30,20,-7,91,1,19,0,6,10,60,0
120,72,-7,93,2,29,4,9,46,40,1
72,43,-9,90,1,11,2,6,27,37,0
139,82,-7,96,0,24,2,-5,50,65,0
93,85,-11,67,3,16,4,11,49,74,1
191,100,-30,81,0,18,8,30,76,11,1
45,16,2,96,0,18,0,-10,35,52,0
165,94,1,95,0,28,2,-1,109,63,0
223,94,-10,92,0,39,3,8,135,31,1
278,73,-13,96,1,74,2,20,169,29,0
112,81,6,95,0,33,2,8,27,83,0
60,19,-13,75,4,22,4,21,45,25,1
39,16,14,95,1,13,0,3,21,46,0
113,109,-2,83,1,31,2,-2,4,93,0
258,72,2,93,3,41,3,6,180,19,0
365,218,-24,88,4,36,7,25,177,28,0
142,50,15,97,0,34,0,-10,92,45,0
122,64,1,72,3,46,1,8,61,50,0
74,65,-23,84,1,12,8,18,19,53,1
55,47,-24,97,0,15,6,21,15,64,1
83,39,-15,89,1,13,1,13,31,31,1
174,128,2,97,0,34,1,12,87,81,0
96,72,-11,97,1,21,5,13,19,72,0
197,170,2,84,1,66,2,1,54,83,0
117,107,8,98,1,37,2,-1,18,97,0
92,44,-3,93,0,29,0,5,25,42,0
146,92,-4,94,1,45,0,3,54,50,0
101,34,0,98,1,15,2,-1,76,33,0
93,27,-8,99,0,27,1,12,61,17,0
106,21,-1,93,1,21,3,12,92,13,0
81,57,10,89,1,29,0,-9,20,74,0
46,12,-13,78,1,13,3,16,44,17,0
149,61,-22,93,6,17,8,25,90,21,1
99,58,-7,95,1,26,4,8,63,49,0
91,21,-19,80,3,21,6,19,70,7,1
63,42,-24,86,0,10,8,30,46,52,0
54,24,-8,100,0,13,1,4,35,28,1
193,111,-14,80,4,41,6,24,75,59,1
75,58,18,94,1,29,0,-5,24,100,0
324,162,14,86,0,93,0,-10,91,61,0
220,68,-4,89,2,23,3,6,180,27,0
212,39,3,91,0,73,2,7,173,28,0
69,47,-1,82,2,34,7,12,43,63,0
84,57,-7,88,3,17,3,11,14,62,1
79,59,0,90,0,28,6,18,36,70,0
64,39,-16,99,1,15,2,19,30,54,0
338,226,-7,84,4,100,5,15,68,53,1
178,79,9,92,1,43,0,3,99,51,0
110,91,-4,81,2,33,6,11,40,86,0
63,43,9,91,2,30,1,-4,26,71,0
131,67,13,99,1,31,4,-10,51,68,1
104,45,-16,90,2,16,8,19,72,34,1
227,171,-1,90,3,41,2,-3,50,63,0
78,56,16,98,2,35,0,-10,21,88,0
44,31,-1,96,2,13,1,7,18,68,0
209,188,-14,91,1,36,3,13,25,74,0
124,83,-22,76,4,16,2,16,39,51,1
144,105,-24,82,3,19,5,22,39,48,1
263,209,15,91,2,50,2,9,60,100,0
96,57,-7,98,0,32,2,1,42,67,0
101,51,-28,88,4,25,8,24,92,18,1
264,206,-10,81,1,51,3,11,26,68,0
175,107,-20,98,4,25,8,25,82,39,1
335,133,8,100,1,56,0,-8,168,48,0
86,36,-10,86,1,20,4,11,69,34,0
58,7,11,95,1,22,0,-10,51,13,0
97,30,0,94,0,28,2,4,59,33,0
128,65,-1,94,1,44,6,17,85,43,0
232,220,9,98,0,55,0,-5,12,100,0
162,66,-6,96,2,38,1,10,88,47,0
119,81,2,96,0,21,3,-5,35,79,0
110,53,-20,97,2,24,7,20,90,24,1
296,151,3,93,1,97,2,10,71,48,0
88,41,-19,86,2,19,2,12,53,33,0
92,71,-5,94,1,15,0,7,13,76,0
153,30,16,96,1,49,0,-10,121,43,0
245,175,6,85,1,53,0,-10,93,70,0
72,57,13,96,1,31,0,-5,15,95,0
56,20,2,93,1,23,0,1,36,46,1
147,93,-2,97,0,35,0,4,54,59,0
39,20,-5,68,3,22,5,8,28,42,1
112,78,-11,89,2,45,4,8,20,66,1
70,36,-29,84,4,9,4,14,45,20,0
86,41,-3,98,2,11,1,0,47,41,0
258,132,-26,92,1,39,8,19,143,27,1
122,69,-9,94,1,31,2,6,55,51,0
365,205,-9,88,0,83,3,26,145,49,0
65,57,-10,77,3,17,5,11,17,64,0
90,52,-9,97,1,12,3,3,55,54,1
365,69,-8,69,11,44,6,18,180,25,0
65,56,-21,91,1,12,8,22,16,80,1
58,32,9,96,0,32,2,-3,36,67,0
110,90,-13,92,0,26,3,6,20,56,0
116,62,-7,93,2,24,3,16,75,37,1
87,25,-1,94,3,25,6,12,83,22,1
87,52,4,92,0,29,1,-2,43,55,0
124,42,1,97,0,32,2,-3,56,43,0
68,16,-27,40,20,17,2,29,75,0,1
44,39,-5,86,3,22,3,12,10,73,1
128,67,0,97,2,42,2,-10,87,58,0
84,16,-20,55,6,14,5,21,73,6,1
100,79,-12,94,1,18,6,13,40,68,0
33,20,-11,89,1,9,1,4,17,56,0
131,108,-22,77,11,19,8,30,47,58,1
179,139,20,98,0,54,1,-5,76,99,0
103,76,-11,90,3,16,5,12,44,60,0
253,219,12,100,1,50,0,-10,34,94,0
249,153,-7,98,0,41,5,11,113,54,0
65,39,3,95,1,26,0,0,19,65,0
164,76,-20,85,1,27,6,15,47,26,1
115,45,-6,90,3,38,1,9,70,28,0
185,152,0,99,0,43,1,0,49,75,0
81,38,-9,96,0,26,4,9,63,27,1
30,15,-33,63,12,15,8,29,28,23,1
195,156,-14,97,2,68,8,22,67,69,0
149,106,-7,85,1,32,4,13,58,51,1
80,61,-4,93,1,15,3,10,24,86,0
230,155,-14,90,3,60,8,19,80,54,1
68,13,5,94,2,43,0,-1,55,24,0
42,36,1,99,2,12,1,13,14,91,0
128,61,13,92,0,29,1,-5,94,59,0
38,8,9,94,0,19,1,-1,36,32,0
86,59,12,99,0,24,1,-10,54,75,0
226,162,-19,97,1,34,7,19,62,59,1
117,46,4,89,1,37,2,-5,82,39,0
100,60,-9,96,1,20,3,19,82,46,1
166,125,-5,92,1,33,2,5,88,68,0
72,61,-16,87,2,13,8,19,39,72,1
82,55,16,96,0,37,4,-9,34,87,0
188,65,4,97,1,52,2,1,180,49,0
163,97,8,99,0,43,0,4,57,76,0
246,140,-2,72,2,45,1,5,117,50,0
172,107,-17,63,4,39,4,17,42,44,1
146,124,-28,50,18,29,8,29,70,49,1
98,72,2,96,1,40,4,1,38,72,0
102,52,14,92,1,46,0,0,47,76,0
130,98,20,98,0,49,0,-10,32,96,0
133,106,-8,98,2,20,1,4,10,72,0
188,79,3,98,1,42,0,7,132,37,0
135,52,-12,93,0,35,2,12,74,5,0
115,47,-3,90,1,29,1,6,90,50,0
365,321,-7,86,0,36,5,2,118,72,0
82,59,5,99,0,22,1,1,20,82,0
267,122,-5,88,2,48,5,9,145,50,0
158,94,8,92,0,33,2,10,64,65,0
45,16,6,99,1,18,2,4,40,34,0
238,144,-6,95,0,61,4,10,59,65,0
145,78,-7,99,3,22,2,5,76,37,0
216,123,19,92,0,70,1,-7,78,89,0
96,42,-7,98,1,18,4,3,57,22,1
119,87,-4,91,0,33,1,6,27,68,1
147,107,-9,97,1,20,0,10,46,72,0
138,71,2,97,1,36,2,1,70,38,0
63,18,10,98,1,21,2,-5,44,37,0
261,106,-13,87,1,43,2,18,180,22,0
165,141,-6,84,3,27,0,5,13,72,1
127,80,-4,88,3,32,2,1,66,61,0
157,136,2,90,2,26,0,3,23,76,0
42,8,-3,99,1,12,6,11,46,27,0
94,74,-4,75,2,17,2,6,39,82,0
99,75,-28,70,5,14,8,24,51,63,0
122,42,-13,94,2,20,5,23,117,25,1
146,91,-15,93,3,24,7,15,62,55,1
114,99,-4,96,0,24,3,-2,27,88,0
213,171,-1,97,2,28,4,8,66,77,0
99,29,-9,63,5,27,4,13,91,22,1
190,114,-5,85,1,84,5,18,89,53,1
137,68,14,99,1,29,1,-6,65,63,0
82,69,-14,90,1,13,7,21,35,67,0
81,13,-1,94,0,16,5,12,86,18,1
60,46,-1,96,2,18,1,5,4,70,0
82,41,8,83,0,51,2,1,41,65,0
158,119,-20,98,0,32,7,25,73,64,0
180,136,4,98,1,50,5,5,46,78,0
306,261,-1,100,0,43,1,1,32,85,0
109,56,-12,96,1,21,1,8,84,34,0
157,100,-1,97,1,44,3,17,32,68,0
78,33,-3,95,0,23,0,-5,56,40,0
50,10,-19,90,1,21,2,12,40,0,1
142,51,-18,86,1,26,3,16,106,17,1
30,27,-5,90,1,12,5,10,9,72,0
116,67,6,96,0,30,2,0,49,63,0
41,17,-3,93,1,18,1,8,28,41,0
124,43,4,93,1,22,3,10,92,35,0
123,61,-17,94,0,22,5,26,82,29,0
365,187,-5,94,0,76,3,4,133,40,0
195,154,-3,99,0,70,1,0,26,85,0
130,70,-11,95,4,24,4,20,57,36,0
50,21,2,90,0,40,4,3,33,38,1
295,54,4,92,1,100,0,-5,180,23,0
107,54,-22,85,1,15,2,10,53,40,1
130,94,-6,95,1,32,3,8,55,77,0
91,60,6,90,1,24,2,7,24,66,0
156,19,14,99,0,59,0,-9,112,33,0
258,103,4,99,0,56,0,-5,150,46,0
193,174,6,94,2,48,3,-2,1,90,0
103,19,15,99,1,25,2,-8,100,42,0
141,65,-4,85,5,26,4,6,76,34,0
84,27,-3,98,2,31,5,-3,57,12,0
329,97,-2,93,0,60,2,3,180,20,0
138,85,7,94,0,40,1,9,67,77,0
148,103,0,96,0,56,2,8,42,63,0
75,31,4,99,1,21,0,-1,47,56,0
82,49,-4,96,0,16,2,7,33,68,0
193,43,15,99,1,54,1,-9,169,36,0
171,54,-11,97,3,15,2,17,137,13,0
76,47,-4,90,0,25,2,5,15,49,0
60,56,-6,96,0,16,1,3,22,95,0
145,113,1,89,2,26,4,11,32,79,0
110,53,-3,87,1,21,2,11,58,36,1
122,37,-8,89,1,28,2,8,97,24,0
56,45,8,99,0,36,3,-3,12,87,1
80,61,5,92,0,25,0,-10,14,90,0
58,50,-2,93,1,9,2,9,1,72,1
216,172,-7,88,0,44,6,15,79,74,1
130,103,0,98,3,39,2,8,46,70,0
276,204,-11,89,2,67,2,11,94,61,0
87,50,-5,95,1,13,2,15,62,40,0
182,115,-11,89,3,28,3,16,42,66,0
269,116,-6,93,1,100,4,3,145,17,0
106,62,-1,94,0,37,2,6,44,57,0
288,152,3,99,0,58,2,-4,136,44,0
189,125,-5,96,0,33,2,3,54,67,0
97,43,-18,87,3,39,6,24,59,27,1
75,47,-8,99,1,21,6,17,37,48,1
59,29,-6,91,2,19,4,-2,23,41,0
123,63,-20,96,1,22,8,23,79,32,1
76,37,-11,87,2,15,2,7,45,34,0
114,37,0,76,5,34,2,8,102,30,0
156,34,-20,86,0,33,8,28,141,0,1
194,12,-16,95,1,31,3,20,180,0,1
41,21,1,98,0,16,0,-2,17,60,0
45,24,-18,94,1,9,1,18,30,24,1
92,45,-2,97,0,18,2,-7,66,45,0
52,45,-1,89,2,15,2,6,6,100,0
145,104,-24,96,3,34,8,30,59,43,1
186,104,-13,98,3,45,3,4,92,47,0
70,31,-10,90,2,14,3,9,54,36,1
318,210,5,93,0,45,0,-4,81,88,0
79,55,-20,87,1,36,8,29,45,47,1
30,24,-27,91,3,6,8,30,20,60,1
86,43,-6,88,4,27,4,12,37,49,1
93,58,-13,99,1,18,8,21,42,53,0
176,110,4,96,0,51,1,-10,22,69,0
150,120,-6,90,2,42,3,18,35,89,0
166,63,-14,88,2,35,2,14,135,23,0
279,28,13,96,0,86,1,-3,180,21,0
78,18,-17,87,4,18,8,21,64,0,1
136,104,-8,91,2,37,0,-2,10,73,0
105,36,-7,97,0,24,2,10,73,42,1
30,19,2,81,0,14,0,0,12,63,0
142,34,6,97,0,21,1,-4,93,8,0
86,32,-9,84,2,16,4,11,56,36,0
147,50,-2,99,0,32,1,-6,87,35,0
122,96,-10,89,1,21,5,7,40,63,1
135,27,-26,99,2,17,8,22,108,0,0
130,47,-26,82,5,19,8,27,111,4,1
52,34,2,96,0,13,1,0,13,69,1
135,60,-5,98,1,33,0,4,75,31,0
83,74,-7,96,1,28,2,19,10,97,0
150,69,-24,66,11,26,8,24,81,26,1
117,47,-23,53,15,22,6,23,89,24,1
125,23,-21,67,6,43,3,20,84,4,0
47,8,-5,92,1,12,1,-6,51,12,0
42,18,-19,91,2,14,8,19,24,21,1
43,31,-11,97,0,9,5,13,20,63,0
228,89,-10,98,1,34,5,7,143,42,1
125,118,-24,83,1,34,8,20,44,62,0
120,42,4,95,1,35,2,7,58,37,1
91,10,2,93,1,34,0,-3,69,24,0
78,38,-11,81,7,25,6,19,40,50,1
174,111,-15,90,5,28,2,17,94,51,0
49,28,-1,99,1,15,1,3,29,61,0
30,19,14,98,0,22,2,-4,26,74,0
125,75,-3,98,0,22,2,-5,35,64,0
141,34,-14,86,1,23,2,10,125,0,0
60,35,4,92,0,18,1,-4,48,66,0
92,20,3,93,2,30,4,8,72,31,0
281,127,2,94,0,35,1,1,169,48,0
77,53,-18,49,8,11,4,20,18,46,1
78,50,20,91,0,20,1,-10,22,85,0
80,45,-12,86,1,14,2,15,35,43,0
122,93,-10,95,1,40,5,11,62,68,0
146,95,-16,94,0,30,6,9,75,37,0
205,124,-9,81,3,57,1,11,75,49,0
167,133,-3,96,1,44,3,1,34,80,0
101,75,-8,75,0,26,6,12,26,60,1
48,7,-8,97,0,12,4,12,40,0,1
91,57,-2,87,1,22,2,7,11,59,1
152,84,-12,87,2,42,4,16,106,50,0
44,5,-10,96,2,6,2,10,45,11,0
163,72,-10,86,0,23,4,10,65,21,1
67,41,1,98,2,36,3,-2,37,55,0
150,73,5,94,1,23,0,-2,92,51,0
58,54,7,97,1,20,1,-8,1,100,0
148,68,-23,92,3,18,1,14,108,14,0
66,12,-2,91,0,27,3,4,56,26,0
62,47,-22,84,6,20,8,28,19,45,1
90,67,-6,97,1,33,3,4,42,72,0
45,41,-13,96,1,15,4,14,4,87,1
180,172,-23,78,6,15,8,30,1,67,1
49,45,-15,87,3,19,4,9,3,79,1
35,16,-10,80,3,22,4,17,34,49,0
53,42,0,95,0,20,4,4,17,68,0
89,40,-13,95,0,28,3,10,77,44,0
189,75,15,94,0,78,0,-3,80,50,0
47,28,-19,98,4,10,4,19,18,36,1
142,107,10,92,2,48,1,-1,27,85,0
62,32,-3,98,0,17,1,16,46,67,0
277,182,-11,88,2,78,3,19,95,65,1
59,37,-6,91,1,11,0,-6,22,62,1
98,49,-11,74,2,20,3,6,75,49,1
126,88,-2,91,1,30,2,5,21,62,0
45,18,5,93,0,24,0,-10,33,53,0
96,23,-3,89,1,18,3,6,72,29,0
73,35,8,97,1,14,1,-2,46,57,0
95,80,-15,93,0,18,1,18,25,61,0
45,12,5,100,0,13,2,-1,37,40,0
198,170,-10,90,1,52,5,16,61,73,0
153,54,-5,85,0,23,4,6,92,32,0
88,17,4,99,1,31,0,-3,71,22,0
82,68,5,90,0,29,0,-10,14,84,0
92,12,-5,97,1,20,0,-5,80,0,0
214,98,16,99,0,52,0,-10,116,68,0
81,24,0,89,1,20,6,8,68,27,1
148,39,-15,89,2,18,6,17,144,10,1
79,42,-9,86,2,11,1,6,37,44,1
58,13,3,94,2,24,0,-3,45,32,0
150,38,-9,96,1,26,1,10,118,16,0
89,37,-10,91,1,35,4,12,61,23,1
112,75,-7,96,0,23,3,10,39,56,0
57,29,-4,96,2,18,2,10,31,50,0
47,7,-6,85,1,21,2,9,44,18,0
103,28,-24,95,0,19,7,21,81,0,0
66,35,-8,94,1,16,3,7,40,35,0
58,27,-20,65,6,15,0,20,49,20,1
191,128,-3,98,0,45,6,2,63,67,0
84,39,-10,91,0,32,4,13,33,29,1
185,95,-6,96,1,36,0,4,131,35,0
107,100,-28,91,3,21,8,30,11,64,1
83,47,-15,93,4,12,3,12,55,56,1
110,58,-8,74,3,29,1,8,71,38,0
41,21,5,98,0,19,2,-3,33,62,0
92,61,-3,81,0,37,1,-3,53,71,0
87,40,-3,95,0,20,1,8,46,39,0
90,73,6,90,2,20,0,0,20,93,0
50,38,-19,93,1,10,8,21,22,52,1
69,27,7,83,2,23,1,7,36,54,1
93,11,9,97,2,15,1,-4,88,23,0
154,102,-20,63,9,20,2,20,52,37,1
116,33,16,95,1,26,0,-10,88,47,0
99,38,5,98,1,31,1,5,61,51,0
199,22,-6,93,1,50,0,6,177,8,0
176,113,1,85,0,47,1,3,102,64,0
155,121,1,98,0,35,0,5,11,67,0
82,43,-18,80,2,16,4,19,56,41,1
92,70,-3,98,0,23,3,-7,23,72,0
87,18,20,88,0,40,1,-10,82,41,0
90,39,-7,91,1,23,1,5,51,49,0
74,25,8,98,2,21,2,-6,52,38,0
139,69,10,94,2,37,0,-3,102,58,0
365,108,-5,71,5,96,2,14,180,26,0
101,50,-6,95,1,30,1,9,65,47,0
63,12,5,95,3,25,2,-4,47,30,0
306,193,-3,98,1,100,2,12,101,79,0
145,127,5,92,1,40,2,7,1,89,0
173,58,5,84,3,40,1,8,119,31,0
288,193,-3,87,2,53,2,16,53,80,0
77,45,-9,91,4,32,5,9,39,56,0
160,60,-15,96,1,35,8,29,74,17,1
88,58,-17,73,1,18,8,25,63,42,0
105,84,-37,60,20,24,8,30,23,40,1
34,8,20,91,0,22,0,-10,26,38,0
87,40,1,86,4,21,3,5,48,53,0
64,33,9,96,0,25,1,-10,35,67,0
78,40,-19,93,0,15,6,13,43,32,1
72,19,2,90,0,21,2,1,78,33,0
278,197,-22,69,3,54,8,29,112,51,1
68,26,2,99,0,19,0,-4,36,38,0
57,19,9,99,0,14,1,8,38,37,0
118,39,16,96,0,51,1,2,70,43,0
128,115,8,99,2,28,2,4,13,100,0
214,100,6,98,1,92,3,1,127,61,0
176,52,3,100,1,64,1,5,120,36,0
124,54,-9,91,2,13,4,15,111,27,1
103,76,-9,89,2,25,3,9,2,55,0
160,86,-8,97,2,52,6,17,125,48,0
70,57,-13,87,3,48,7,17,28,74,1
114,58,8,98,2,31,0,3,37,56,0
117,88,4,90,0,36,1,0,24,80,0
69,37,0,98,1,22,0,3,40,41,0
62,56,-11,77,0,19,4,8,19,85,0
124,32,13,83,0,48,2,-6,77,26,0
115,75,-19,71,9,15,5,27,47,59,1
34,21,-1,91,2,17,0,2,11,58,0
68,25,0,96,1,20,0,5,26,36,1
50,16,-1,92,0,15,2,10,30,41,0
154,23,-13,97,2,14,2,15,138,9,0
335,141,-15,84,2,69,2,21,180,27,0
223,165,20,96,0,51,0,-10,48,84,0
85,23,9,95,1,17,0,-10,62,40,0
365,332,-8,87,0,80,3,5,78,84,1
31,24,-14,90,3,11,4,16,7,65,1
114,48,8,95,0,43,0,-5,72,49,0
152,134,-13,79,1,36,5,18,43,78,1
90,38,-3,97,0,9,2,-3,44,43,0
92,54,-13,93,1,25,1,16,26,45,1
59,43,-9,90,1,16,4,10,33,60,1
128,63,-11,88,1,24,1,7,90,41,0
78,66,8,87,1,29,7,8,21,90,1
129,82,-18,94,2,30,6,30,44,36,1
67,46,-3,97,1,18,3,7,26,61,0
166,103,-4,74,3,63,1,11,71,51,0
127,89,-9,98,1,21,4,17,65,75,0
365,161,16,91,1,96,0,-5,180,57,0
93,17,-8,98,2,10,4,7,93,7,1
104,61,-3,91,3,19,3,6,60,57,0
178,172,-17,94,1,30,8,18,6,85,0
159,79,-30,48,20,26,8,30,79,28,1
158,132,3,96,0,29,1,1,70,88,0
90,36,13,96,0,45,0,-10,49,51,0
159,88,-13,81,2,22,2,15,95,33,1
206,118,-17,98,1,26,3,16,115,39,0
98,39,2,96,2,22,3,2,72,53,0
42,10,-28,68,8,9,7,30,32,7,1
42,15,-21,84,1,8,5,11,41,27,1
79,32,-10,97,1,25,1,14,68,23,0
98,49,-2,99,0,38,2,2,40,45,0
132,31,-15,93,3,25,6,22,126,0,1
136,82,9,98,0,32,1,2,54,62,0
105,23,-17,95,2,21,4,0,70,12,1
217,90,-2,81,0,35,3,2,121,46,0
40,36,-30,78,9,13,8,30,7,47,1
283,264,-8,84,1,49,7,12,3,95,0
71,17,-20,68,6,14,8,16,54,7,1
252,106,-4,70,7,56,1,6,163,33,0
48,20,-18,97,2,15,8,9,38,24,0
184,102,0,90,1,48,0,1,110,49,0
106,64,3,96,2,22,3,-10,33,62,0
108,32,6,99,0,32,0,-3,78,37,0
72,39,7,99,0,30,0,5,44,64,0
85,48,-17,53,10,12,5,27,61,38,1
203,179,2,98,0,65,0,5,46,83,0
95,49,-3,99,2,29,2,2,32,45,0
87,50,1,99,0,19,4,7,53,49,1
137,76,-14,87,2,49,6,16,85,41,0
76,39,9,86,2,23,0,-6,46,46,0
225,117,9,94,0,37,1,-2,171,55,0
85,37,-14,93,2,14,1,21,37,31,1
286,248,-14,82,4,56,7,9,38,76,0
144,112,-22,79,3,19,8,22,15,65,1
180,114,-5,85,2,39,0,2,77,72,0
104,70,-12,94,2,18,0,11,24,51,0
74,24,3,95,0,19,0,-4,62,42,0
74,48,-5,91,1,14,2,9,25,66,1
162,111,-40,61,20,23,8,30,81,37,1
251,118,-13,85,3,63,4,16,158,48,1
62,53,-4,99,0,14,4,-2,13,69,1
90,47,-21,97,1,14,1,15,42,30,1
95,29,-10,77,1,28,6,24,99,28,1
220,27,1,92,0,48,3,3,180,13,0
365,88,-5,97,0,44,1,-3,180,1,0
114,85,4,96,1,24,0,3,36,83,0
105,20,-7,79,3,45,3,7,89,4,1
110,42,-2,90,1,35,1,6,79,42,0
198,126,-3,91,1,58,3,0,102,57,0
85,35,4,96,1,19,1,-4,65,61,0
78,68,-4,80,0,28,4,13,1,75,1
153,81,0,96,0,45,3,8,63,46,0
97,26,-26,87,5,14,8,26,90,8,1
265,82,12,97,0,87,0,-2,180,37,0
214,190,-5,96,1,48,2,8,27,82,0
117,64,-5,100,4,43,2,8,64,51,0
255,212,-4,94,1,62,4,13,107,86,0
152,18,3,90,0,26,1,8,136,27,0
57,31,-16,92,4,19,3,15,38,28,1
69,17,-5,96,0,11,4,2,48,29,0
123,47,-8,92,2,35,2,1,99,24,0
123,54,-8,96,1,30,2,10,69,34,0
50,37,3,99,2,35,1,-4,11,80,0
68,23,4,96,0,27,3,5,39,41,0
89,24,-9,100,1,30,3,16,70,9,0
211,196,-20,87,2,23,5,8,20,71,0
223,88,-27,85,1,56,7,21,172,13,1
89,84,-10,93,0,18,4,17,12,87,1
69,17,-2,96,2,23,0,-7,55,10,0
138,80,-5,95,1,34,0,4,63,63,0
117,97,5,94,0,28,1,-3,20,98,0
74,32,-17,89,4,28,7,21,55,40,1
60,30,-2,97,2,21,4,12,33,57,0
69,25,-23,72,5,14,4,20,48,16,1
108,92,-7,91,1,22,2,5,18,79,0
100,83,20,98,0,33,0,-10,15,95,0
159,92,1,99,2,21,2,-5,93,42,0
201,33,-5,94,1,26,1,6,155,3,0
138,43,4,95,1,35,0,-4,99,37,0
48,9,-21,95,0,7,4,10,53,0,1
91,15,-4,97,1,20,1,5,60,16,0
109,40,-12,97,0,19,1,3,75,35,0
94,36,4,91,0,23,0,-2,59,49,0
148,52,-16,91,0,25,3,9,103,18,0
242,200,-22,82,1,27,8,24,35,54,1
58,30,4,96,0,26,1,10,30,65,0
193,138,-14,92,1,33,3,16,63,62,0
108,94,-21,78,4,39,8,18,38,71,0
83,75,-8,88,2,22,7,8,40,93,0
109,18,-28,89,4,12,5,28,117,0,1
137,129,7,92,1,49,3,0,19,100,0
127,45,-11,60,7,23,2,14,50,36,1
109,65,3,96,1,35,2,2,44,47,0
41,21,1,98,0,14,3,5,32,52,1
104,59,2,94,0,39,2,10,51,61,0
89,51,9,88,1,16,0,-8,32,61,0
99,70,4,89,1,24,2,1,33,80,0
87,28,-2,90,2,13,2,-3,51,34,0
146,55,9,99,2,35,2,-1,91,55,0
161,125,-12,79,4,23,4,18,36,72,0
53,41,-27,82,5,16,8,30,28,67,1
58,18,-5,98,1,16,3,10,35,44,1
113,51,-8,96,2,42,4,12,80,41,0
349,75,-4,89,4,100,3,22,180,13,1
113,54,3,99,1,23,0,2,71,53,0
137,99,-9,89,1,35,1,10,55,65,0
73,22,-17,90,4,12,4,27,68,25,0
184,91,-21,92,3,21,8,29,93,16,1
73,38,-8,76,5,25,7,12,37,30,0
124,92,20,99,1,57,0,-10,41,96,0
241,131,1,89,1,55,0,-4,107,70,0
183,84,-15,95,3,27,7,20,87,25,1
115,83,0,95,1,29,4,1,49,67,0
253,126,7,99,1,40,0,-3,149,68,0
149,17,-9,98,0,25,2,6,132,7,0
48,17,7,91,0,10,0,-5,27,48,0
101,55,-13,99,1,20,2,0,56,33,0
116,66,-4,88,1,36,5,10,64,59,0
143,75,-2,90,4,44,2,12,78,59,0
95,42,1,98,0,23,0,-2,57,43,0
171,97,-11,85,3,22,5,16,71,53,0
99,43,-15,86,1,18,1,16,83,22,0
89,20,-3,90,2,20,0,7,72,11,1
182,108,1,95,0,41,1,2,87,51,1
284,211,-9,98,1,35,1,1,73,61,0
163,44,-6,90,2,30,3,7,120,12,0
122,81,-8,94,1,26,5,14,19,38,1
173,137,4,98,0,46,1,3,68,94,0
202,122,10,98,0,64,2,5,72,63,0
49,13,1,94,0,21,0,3,40,42,0
215,75,-2,95,0,62,2,7,168,40,0
170,64,-7,97,3,42,4,20,106,21,1
70,43,3,98,0,24,1,-7,21,66,0
200,14,0,99,2,35,1,2,145,22,0
83,41,-1,80,3,21,3,9,57,45,1
186,83,-13,92,4,30,2,6,103,38,0
50,15,-17,98,2,14,3,9,35,0,1
172,91,-9,89,1,45,3,12,68,38,0
134,71,3,91,1,27,3,10,63,55,0
121,72,-1,95,0,39,2,-4,59,45,0
102,35,9,95,0,24,1,0,60,44,0
164,104,-19,57,4,24,7,27,48,43,1
340,108,-8,97,0,62,5,15,147,19,0
186,127,-16,86,5,36,5,14,43,54,1
136,100,-30,90,2,24,8,30,42,38,1
197,93,-7,100,1,29,5,16,105,57,0
210,35,7,94,1,38,1,-10,180,15,0
144,66,-29,88,6,29,8,30,78,16,1
62,57,-1,98,1,20,3,9,5,91,0
178,81,-11,93,0,27,1,6,134,32,0
89,20,-20,76,9,18,5,10,68,2,1
70,37,10,93,0,30,1,9,35,61,0
59,32,9,97,1,21,1,-10,33,63,0
119,18,-3,80,3,25,1,8,123,13,0
110,53,5,100,1,24,1,-5,81,46,0
127,119,-10,94,0,16,6,10,25,79,0
98,31,-2,95,1,24,2,11,57,27,0
166,71,-8,89,2,31,0,2,104,45,0
69,47,15,97,1,23,2,-3,23,73,0
114,28,-1,94,0,28,1,-1,107,34,0
107,55,20,100,0,36,0,-10,69,76,0
68,56,-19,87,2,12,8,15,27,54,1
39,18,10,98,0,33,0,-6,21,49,0
83,48,-3,96,1,34,4,9,49,67,0
93,55,-7,90,1,18,2,17,41,57,1
123,20,-10,99,1,24,2,9,112,6,0
106,82,-22,76,4,26,8,25,46,46,1
56,14,-3,99,0,17,0,-3,49,19,0
98,65,-16,88,3,21,6,16,27,45,0
99,23,-18,81,3,17,5,12,88,17,0
87,16,-22,93,1,19,8,26,105,0,1
199,32,-10,85,2,30,4,18,180,11,0
113,59,17,100,1,35,0,-9,53,51,0
104,43,6,99,0,34,3,-1,39,46,1
126,92,-1,91,1,55,0,0,55,82,0
63,41,-16,83,5,11,3,15,31,47,1
142,87,-11,98,1,21,6,11,73,47,0
61,54,-12,92,4,17,8,27,14,76,1
111,67,-5,74,3,57,3,8,34,52,0
111,80,-17,83,3,37,8,22,83,59,1
38,26,2,93,0,20,2,0,17,80,0
65,37,-2,96,0,20,1,0,29,67,0
30,19,-3,88,3,16,2,0,18,53,0
146,72,-8,91,0,21,8,13,85,49,1
97,33,9,99,1,21,2,-7,55,34,0
75,58,-1,94,0,49,2,6,3,76,0
125,72,-8,81,1,22,2,7,85,45,0
153,79,-1,92,1,40,3,11,93,51,1
82,30,-6,96,4,21,2,7,49,38,1
55,45,12,97,1,32,0,-4,10,97,0
73,23,3,97,0,19,1,-2,50,40,0
123,69,12,94,0,28,1,0,85,72,0
205,179,-20,95,4,50,8,26,26,69,1
196,79,-9,91,1,49,2,8,135,30,1
88,20,-2,97,1,31,2,23,77,19,0
245,122,-17,65,14,63,4,29,133,25,1
122,77,-8,97,1,15,8,13,72,55,1
81,41,-1,86,1,20,3,-1,34,46,0
158,106,-3,67,6,37,1,4,74,72,0
142,57,-4,94,3,23,1,9,78,43,0
130,36,-5,53,4,29,4,13,104,24,1
232,158,-12,92,2,32,2,6,97,69,0
